bag,t,wall,dt_s,hd_pair
concrete_20260826_2026-08-26-17-52-24,1787737970.347,2026-08-26 17:52:50.347,0.0,1
concrete_20260826_2026-08-26-17-52-24,1787737970.949,2026-08-26 17:52:50.949,0.401,1
concrete_20260826_2026-08-26-17-52-24,1787737971.149,2026-08-26 17:52:51.149,0.0,1
concrete_20260826_2026-08-26-17-52-24,1787737971.55,2026-08-26 17:52:51.550,0.401,1
concrete_20260826_2026-08-26-17-52-24,1787737971.55,2026-08-26 17:52:51.550,0.0,1
concrete_20260826_2026-08-26-17-52-24,1787737972.152,2026-08-26 17:52:52.152,0.402,1
concrete_20260826_2026-08-26-17-52-24,1787737972.152,2026-08-26 17:52:52.152,0.0,1
concrete_20260826_2026-08-26-17-52-24,1787737973.155,2026-08-26 17:52:53.155,0.401,1
concrete_20260826_2026-08-26-17-52-24,1787737973.155,2026-08-26 17:52:53.155,0.0,1
concrete_20260826_2026-08-26-17-52-24,1787738056.422,2026-08-26 17:54:16.422,0.0,1
concrete_20260826_2026-08-26-17-52-24,1787738056.822,2026-08-26 17:54:16.822,0.4,1
concrete_20260826_2026-08-26-17-52-24,1787738057.424,2026-08-26 17:54:17.424,0.001,1
concrete_20260826_2026-08-26-17-52-24,1787738058.225,2026-08-26 17:54:18.225,0.401,1
concrete_20260826_2026-08-26-17-52-24,1787738058.426,2026-08-26 17:54:18.426,0.001,1
concrete_20260826_2026-08-26-17-52-24,1787738059.228,2026-08-26 17:54:19.228,0.401,1
concrete_20260826_2026-08-26-17-52-24,1787738059.228,2026-08-26 17:54:19.228,0.0,1
concrete_20260826_2026-08-26-17-52-24,1787738129.853,2026-08-26 17:55:29.853,0.0,1
concrete_20260826_2026-08-26-17-52-24,1787738130.254,2026-08-26 17:55:30.254,0.4,1
concrete_20260826_2026-08-26-17-52-24,1787738130.254,2026-08-26 17:55:30.254,0.0,1
concrete_20260826_2026-08-26-17-52-24,1787738170.187,2026-08-26 17:56:10.187,0.0,1
concrete_20260826_2026-08-26-17-52-24,1787738224.361,2026-08-26 17:57:04.361,0.0,1
concrete_20260826_2026-08-26-17-52-24,1787738225.163,2026-08-26 17:57:05.163,0.401,1
concrete_20260826_2026-08-26-17-52-24,1787738225.166,2026-08-26 17:57:05.166,0.003,1
concrete_20260826_2026-08-26-17-52-24,1787738296.397,2026-08-26 17:58:16.397,0.001,1
concrete_20260826_2026-08-26-17-52-24,1787738297.199,2026-08-26 17:58:17.199,0.401,1
concrete_20260826_2026-08-26-17-52-24,1787738297.199,2026-08-26 17:58:17.199,0.0,1
concrete_20260826_2026-08-26-17-52-24,1787738298.201,2026-08-26 17:58:18.201,0.401,1
concrete_20260826_2026-08-26-17-52-24,1787738298.201,2026-08-26 17:58:18.201,0.0,1
concrete_20260826_2026-08-26-17-52-24,1787738299.203,2026-08-26 17:58:19.203,0.401,1
concrete_20260826_2026-08-26-17-52-24,1787738299.203,2026-08-26 17:58:19.203,0.0,1
concrete_20260826_2026-08-26-17-52-24,1787738304.219,2026-08-26 17:58:24.219,0.401,1
concrete_20260826_2026-08-26-17-52-24,1787738304.219,2026-08-26 17:58:24.219,0.0,1
concrete_20260826_2026-08-26-17-52-24,1787738364.818,2026-08-26 17:59:24.818,0.0,1
concrete_20260826_2026-08-26-17-52-24,1787738365.219,2026-08-26 17:59:25.219,0.401,1
concrete_20260826_2026-08-26-17-52-24,1787738365.219,2026-08-26 17:59:25.219,0.0,1
concrete_20260826_2026-08-26-17-52-24,1787738365.619,2026-08-26 17:59:25.619,0.401,1
concrete_20260826_2026-08-26-17-52-24,1787738365.622,2026-08-26 17:59:25.622,0.003,1
concrete_20260826_2026-08-26-17-52-24,1787738366.223,2026-08-26 17:59:26.223,0.401,1
concrete_20260826_2026-08-26-17-52-24,1787738366.223,2026-08-26 17:59:26.223,0.0,1
concrete_20260826_2026-08-26-17-52-24,1787738367.226,2026-08-26 17:59:27.226,0.401,1
concrete_20260826_2026-08-26-17-52-24,1787738367.226,2026-08-26 17:59:27.226,0.0,1
concrete_20260826_2026-08-26-17-52-24,1787738367.828,2026-08-26 17:59:27.828,0.402,1
concrete_20260826_2026-08-26-17-52-24,1787738367.828,2026-08-26 17:59:27.828,0.0,1
concrete_20260826_2026-08-26-17-52-24,1787738368.228,2026-08-26 17:59:28.228,0.4,1
concrete_20260826_2026-08-26-17-52-24,1787738368.228,2026-08-26 17:59:28.228,0.0,1
concrete_20260826_2026-08-26-17-52-24,1787738425.412,2026-08-26 18:00:25.412,0.0,1
concrete_20260826_2026-08-26-17-52-24,1787738426.214,2026-08-26 18:00:26.214,0.401,1
concrete_20260826_2026-08-26-17-52-24,1787738426.216,2026-08-26 18:00:26.216,0.003,1
concrete_20260826_2026-08-26-17-52-24,1787738480.603,2026-08-26 18:01:20.603,0.0,1
concrete_20260826_2026-08-26-17-52-24,1787738481.204,2026-08-26 18:01:21.204,0.401,1
concrete_20260826_2026-08-26-17-52-24,1787738481.204,2026-08-26 18:01:21.204,0.0,1
concrete_20260826_2026-08-26-17-52-24,1787738481.605,2026-08-26 18:01:21.605,0.401,1
concrete_20260826_2026-08-26-17-52-24,1787738481.608,2026-08-26 18:01:21.608,0.003,1
concrete_20260826_2026-08-26-17-52-24,1787738482.209,2026-08-26 18:01:22.209,0.401,1
concrete_20260826_2026-08-26-17-52-24,1787738482.21,2026-08-26 18:01:22.210,0.0,1
concrete_20260826_2026-08-26-17-52-24,1787738546.602,2026-08-26 18:02:26.602,0.0,1
concrete_20260826_2026-08-26-17-52-24,1787738547.206,2026-08-26 18:02:27.206,0.403,1
concrete_20260826_2026-08-26-17-52-24,1787738547.206,2026-08-26 18:02:27.206,0.0,1
concrete_20260826_2026-08-26-17-52-24,1787738610.606,2026-08-26 18:03:30.606,0.0,1
concrete_20260826_2026-08-26-17-52-24,1787738611.207,2026-08-26 18:03:31.207,0.4,1
concrete_20260826_2026-08-26-17-52-24,1787738611.207,2026-08-26 18:03:31.207,0.0,1
concrete_20260826_2026-08-26-17-52-24,1787738674.62,2026-08-26 18:04:34.620,0.0,1
concrete_20260826_2026-08-26-17-52-24,1787738675.221,2026-08-26 18:04:35.221,0.401,1
concrete_20260826_2026-08-26-17-52-24,1787738675.221,2026-08-26 18:04:35.221,0.0,1
concrete_20260826_2026-08-26-17-52-24,1787738676.223,2026-08-26 18:04:36.223,0.401,1
concrete_20260826_2026-08-26-17-52-24,1787738676.224,2026-08-26 18:04:36.224,0.0,1
concrete_20260826_2026-08-26-17-52-24,1787738676.825,2026-08-26 18:04:36.825,0.401,1
concrete_20260826_2026-08-26-17-52-24,1787738676.825,2026-08-26 18:04:36.825,0.0,1
concrete_20260826_2026-08-26-17-52-24,1787738677.226,2026-08-26 18:04:37.226,0.401,1
concrete_20260826_2026-08-26-17-52-24,1787738677.226,2026-08-26 18:04:37.226,0.0,1
concrete_20260826_2026-08-26-17-52-24,1787738738.642,2026-08-26 18:05:38.642,0.0,1
concrete_20260826_2026-08-26-17-52-24,1787738739.243,2026-08-26 18:05:39.243,0.401,1
concrete_20260826_2026-08-26-17-52-24,1787738739.243,2026-08-26 18:05:39.243,0.0,1
concrete_20260826_2026-08-26-17-52-24,1787738739.644,2026-08-26 18:05:39.644,0.401,1
concrete_20260826_2026-08-26-17-52-24,1787738739.645,2026-08-26 18:05:39.645,0.001,1
concrete_20260826_2026-08-26-17-52-24,1787738740.447,2026-08-26 18:05:40.447,0.4,1
concrete_20260826_2026-08-26-17-52-24,1787738740.447,2026-08-26 18:05:40.447,0.0,1
concrete_20260826_2026-08-26-17-52-24,1787738798.454,2026-08-26 18:06:38.454,0.0,1
concrete_20260826_2026-08-26-17-52-24,1787738799.256,2026-08-26 18:06:39.256,0.401,1
concrete_20260826_2026-08-26-17-52-24,1787738799.457,2026-08-26 18:06:39.457,0.0,1
concrete_20260826_2026-08-26-17-52-24,1787738857.464,2026-08-26 18:07:37.464,0.0,1
concrete_20260826_2026-08-26-17-52-24,1787738858.266,2026-08-26 18:07:38.266,0.401,1
concrete_20260826_2026-08-26-17-52-24,1787738858.269,2026-08-26 18:07:38.269,0.003,1
concrete_20260826_2026-08-26-17-52-24,1787738914.47,2026-08-26 18:08:34.470,0.001,1
concrete_20260826_2026-08-26-17-52-24,1787738915.272,2026-08-26 18:08:35.272,0.4,1
concrete_20260826_2026-08-26-17-52-24,1787738915.473,2026-08-26 18:08:35.473,0.001,1
concrete_20260826_2026-08-26-17-52-24,1787738916.275,2026-08-26 18:08:36.275,0.401,1
concrete_20260826_2026-08-26-17-52-24,1787738916.275,2026-08-26 18:08:36.275,0.0,1
concrete_20260826_2026-08-26-17-52-24,1787738975.481,2026-08-26 18:09:35.481,0.0,1
concrete_20260826_2026-08-26-17-52-24,1787738976.283,2026-08-26 18:09:36.283,0.401,1
concrete_20260826_2026-08-26-17-52-24,1787738976.283,2026-08-26 18:09:36.283,0.0,1
concrete_20260826_2026-08-26-17-52-24,1787739031.885,2026-08-26 18:10:31.885,0.0,1
concrete_20260826_2026-08-26-17-52-24,1787739032.286,2026-08-26 18:10:32.286,0.401,1
concrete_20260826_2026-08-26-17-52-24,1787739032.487,2026-08-26 18:10:32.487,0.0,1
concrete_20260826_2026-08-26-17-52-24,1787739033.29,2026-08-26 18:10:33.290,0.401,1
concrete_20260826_2026-08-26-17-52-24,1787739033.29,2026-08-26 18:10:33.290,0.0,1
concrete_20260826_2026-08-26-17-52-24,1787739093.292,2026-08-26 18:11:33.292,0.0,1
concrete_20260826_2026-08-26-17-52-24,1787739093.693,2026-08-26 18:11:33.693,0.401,1
concrete_20260826_2026-08-26-17-52-24,1787739093.693,2026-08-26 18:11:33.693,0.0,1
concrete_20260826_2026-08-26-17-52-24,1787739094.294,2026-08-26 18:11:34.294,0.401,1
concrete_20260826_2026-08-26-17-52-24,1787739094.496,2026-08-26 18:11:34.496,0.0,1
concrete_20260826_2026-08-26-17-52-24,1787739151.495,2026-08-26 18:12:31.495,0.001,1
concrete_20260826_2026-08-26-17-52-24,1787739151.896,2026-08-26 18:12:31.896,0.401,1
concrete_20260826_2026-08-26-17-52-24,1787739151.896,2026-08-26 18:12:31.896,0.0,1
concrete_20260826_2026-08-26-17-52-24,1787739152.296,2026-08-26 18:12:32.296,0.401,1
concrete_20260826_2026-08-26-17-52-24,1787739152.698,2026-08-26 18:12:32.698,0.0,1
concrete_20260826_2026-08-26-17-52-24,1787739153.099,2026-08-26 18:12:33.099,0.401,1
concrete_20260826_2026-08-26-17-52-24,1787739153.501,2026-08-26 18:12:33.501,0.001,1
concrete_20260826_2026-08-26-17-52-24,1787739154.303,2026-08-26 18:12:34.303,0.401,1
concrete_20260826_2026-08-26-17-52-24,1787739154.303,2026-08-26 18:12:34.303,0.0,1
concrete_20260826_2026-08-26-17-52-24,1787739154.704,2026-08-26 18:12:34.704,0.401,1
concrete_20260826_2026-08-26-17-52-24,1787739154.707,2026-08-26 18:12:34.707,0.003,1
concrete_20260826_2026-08-26-17-52-24,1787739199.472,2026-08-26 18:13:19.472,0.0,1
concrete_20260826_2026-08-26-17-52-24,1787739199.873,2026-08-26 18:13:19.873,0.401,1
concrete_20260826_2026-08-26-17-52-24,1787739200.476,2026-08-26 18:13:20.476,0.0,1
concrete_20260826_2026-08-26-17-52-24,1787739201.277,2026-08-26 18:13:21.277,0.401,1
concrete_20260826_2026-08-26-17-52-24,1787739201.478,2026-08-26 18:13:21.478,0.0,1
concrete_20260826_2026-08-26-17-52-24,1787739202.28,2026-08-26 18:13:22.280,0.401,1
concrete_20260826_2026-08-26-17-52-24,1787739202.28,2026-08-26 18:13:22.280,0.0,1
concrete_20260826_2026-08-26-17-52-24,1787739204.487,2026-08-26 18:13:24.487,0.4,1
concrete_20260826_2026-08-26-17-52-24,1787739204.488,2026-08-26 18:13:24.488,0.001,1
concrete_20260826_2026-08-26-17-52-24,1787739251.458,2026-08-26 18:14:11.458,0.0,1
concrete_20260826_2026-08-26-17-52-24,1787739252.259,2026-08-26 18:14:12.259,0.401,1
concrete_20260826_2026-08-26-17-52-24,1787739252.661,2026-08-26 18:14:12.661,0.0,1
concrete_20260826_2026-08-26-17-52-24,1787739253.262,2026-08-26 18:14:13.262,0.401,1
concrete_20260826_2026-08-26-17-52-24,1787739253.263,2026-08-26 18:14:13.263,0.001,1
concrete_20260826_2026-08-26-17-52-24,1787739305.449,2026-08-26 18:15:05.449,0.003,1
concrete_20260826_2026-08-26-17-52-24,1787739306.25,2026-08-26 18:15:06.250,0.401,1
concrete_20260826_2026-08-26-17-52-24,1787739306.452,2026-08-26 18:15:06.452,0.001,1
concrete_20260826_2026-08-26-17-52-24,1787739358.436,2026-08-26 18:15:58.436,0.0,1
concrete_20260826_2026-08-26-17-52-24,1787739358.836,2026-08-26 18:15:58.836,0.4,1
concrete_20260826_2026-08-26-17-52-24,1787739359.439,2026-08-26 18:15:59.439,0.0,1
concrete_20260826_2026-08-26-17-52-24,1787739360.241,2026-08-26 18:16:00.241,0.401,1
concrete_20260826_2026-08-26-17-52-24,1787739360.442,2026-08-26 18:16:00.442,0.0,1
concrete_20260826_2026-08-26-17-52-24,1787739414.234,2026-08-26 18:16:54.234,0.0,1
concrete_20260826_2026-08-26-17-52-24,1787739414.634,2026-08-26 18:16:54.634,0.4,1
concrete_20260826_2026-08-26-17-52-24,1787739414.634,2026-08-26 18:16:54.634,0.0,1
concrete_20260826_2026-08-26-17-52-24,1787739415.235,2026-08-26 18:16:55.235,0.401,1
concrete_20260826_2026-08-26-17-52-24,1787739415.236,2026-08-26 18:16:55.236,0.001,1
concrete_20260826_2026-08-26-17-52-24,1787739469.633,2026-08-26 18:17:49.633,0.0,1
concrete_20260826_2026-08-26-17-52-24,1787739470.234,2026-08-26 18:17:50.234,0.401,1
concrete_20260826_2026-08-26-17-52-24,1787739470.234,2026-08-26 18:17:50.234,0.0,1
concrete_20260826_2026-08-26-17-52-24,1787739472.24,2026-08-26 18:17:52.240,0.401,1
concrete_20260826_2026-08-26-17-52-24,1787739472.24,2026-08-26 18:17:52.240,0.0,1
concrete_20260826_2026-08-26-17-52-24,1787739526.43,2026-08-26 18:18:46.430,0.0,1
concrete_20260826_2026-08-26-17-52-24,1787739527.234,2026-08-26 18:18:47.234,0.4,1
concrete_20260826_2026-08-26-17-52-24,1787739527.234,2026-08-26 18:18:47.234,0.0,1
concrete_20260826_2026-08-26-17-52-24,1787739579.627,2026-08-26 18:19:39.627,0.0,1
concrete_20260826_2026-08-26-17-52-24,1787739580.229,2026-08-26 18:19:40.229,0.401,1
concrete_20260826_2026-08-26-17-52-24,1787739580.429,2026-08-26 18:19:40.429,0.0,1
concrete_20260826_2026-08-26-17-52-24,1787739581.232,2026-08-26 18:19:41.232,0.401,1
concrete_20260826_2026-08-26-17-52-24,1787739581.232,2026-08-26 18:19:41.232,0.0,1
concrete_20260826_2026-08-26-17-52-24,1787739634.827,2026-08-26 18:20:34.827,0.0,1
concrete_20260826_2026-08-26-17-52-24,1787739635.227,2026-08-26 18:20:35.227,0.401,1
concrete_20260826_2026-08-26-17-52-24,1787739635.63,2026-08-26 18:20:35.630,0.0,1
concrete_20260826_2026-08-26-17-52-24,1787739636.231,2026-08-26 18:20:36.231,0.401,1
concrete_20260826_2026-08-26-17-52-24,1787739636.432,2026-08-26 18:20:36.432,0.0,1
concrete_20260826_2026-08-26-17-52-24,1787739637.233,2026-08-26 18:20:37.233,0.4,1
concrete_20260826_2026-08-26-17-52-24,1787739637.235,2026-08-26 18:20:37.235,0.002,1
concrete_20260826_2026-08-26-17-52-24,1787739691.431,2026-08-26 18:21:31.431,0.002,1
concrete_20260826_2026-08-26-17-52-24,1787739692.233,2026-08-26 18:21:32.233,0.401,1
concrete_20260826_2026-08-26-17-52-24,1787739692.436,2026-08-26 18:21:32.436,0.002,1
concrete_20260826_2026-08-26-17-52-24,1787739743.628,2026-08-26 18:22:23.628,0.0,1
concrete_20260826_2026-08-26-17-52-24,1787739744.029,2026-08-26 18:22:24.029,0.401,1
concrete_20260826_2026-08-26-17-52-24,1787739744.832,2026-08-26 18:22:24.832,0.0,1
concrete_20260826_2026-08-26-17-52-24,1787739745.233,2026-08-26 18:22:25.233,0.401,1
concrete_20260826_2026-08-26-17-52-24,1787739745.635,2026-08-26 18:22:25.635,0.001,1
concrete_20260826_2026-08-26-17-52-24,1787739746.236,2026-08-26 18:22:26.236,0.401,1
concrete_20260826_2026-08-26-17-52-24,1787739746.236,2026-08-26 18:22:26.236,0.0,1
concrete_20260826_2026-08-26-17-52-24,1787739799.231,2026-08-26 18:23:19.231,0.0,1
concrete_20260826_2026-08-26-17-52-24,1787739799.631,2026-08-26 18:23:19.631,0.401,1
concrete_20260826_2026-08-26-17-52-24,1787739799.631,2026-08-26 18:23:19.631,0.0,1
concrete_20260826_2026-08-26-17-52-24,1787739800.233,2026-08-26 18:23:20.233,0.401,1
concrete_20260826_2026-08-26-17-52-24,1787739800.233,2026-08-26 18:23:20.233,0.0,1
concrete_20260826_2026-08-26-17-52-24,1787739802.238,2026-08-26 18:23:22.238,0.401,1
concrete_20260826_2026-08-26-17-52-24,1787739802.238,2026-08-26 18:23:22.238,0.0,1
concrete_20260826_2026-08-26-17-52-24,1787739858.234,2026-08-26 18:24:18.234,0.0,1
concrete_20260826_2026-08-26-17-52-24,1787739859.236,2026-08-26 18:24:19.236,0.401,1
concrete_20260826_2026-08-26-17-52-24,1787739859.437,2026-08-26 18:24:19.437,0.0,1
demo_0824_2026-08-24-18-39-18,1787567988.532,2026-08-24 18:39:48.532,0.001,1
demo_0824_2026-08-24-18-39-18,1787567989.134,2026-08-24 18:39:49.134,0.401,1
demo_0824_2026-08-24-18-39-18,1787567989.134,2026-08-24 18:39:49.134,0.0,1
demo_0824_2026-08-24-18-39-18,1787568031.515,2026-08-24 18:40:31.515,0.001,1
demo_0824_2026-08-24-18-39-18,1787568032.117,2026-08-24 18:40:32.117,0.401,1
demo_0824_2026-08-24-18-39-18,1787568032.317,2026-08-24 18:40:32.317,0.0,1
demo_0824_2026-08-24-18-39-18,1787568067.278,2026-08-24 18:41:07.278,0.0,1
demo_0824_2026-08-24-18-39-18,1787568068.082,2026-08-24 18:41:08.082,0.402,1
demo_0824_2026-08-24-18-39-18,1787568068.083,2026-08-24 18:41:08.083,0.001,1
demo_0824_2026-08-24-18-39-18,1787568100.454,2026-08-24 18:41:40.454,0.0,1
demo_0824_2026-08-24-18-39-18,1787568101.056,2026-08-24 18:41:41.056,0.401,1
demo_0824_2026-08-24-18-39-18,1787568101.258,2026-08-24 18:41:41.258,0.0,1
demo_0824_2026-08-24-18-39-18,1787568138.432,2026-08-24 18:42:18.432,0.0,1
demo_0824_2026-08-24-18-39-18,1787568139.034,2026-08-24 18:42:19.034,0.401,1
demo_0824_2026-08-24-18-39-18,1787568139.034,2026-08-24 18:42:19.034,0.0,1
demo_0824_2026-08-24-18-39-18,1787568177.412,2026-08-24 18:42:57.412,0.001,1
demo_0824_2026-08-24-18-39-18,1787568178.014,2026-08-24 18:42:58.014,0.401,1
demo_0824_2026-08-24-18-39-18,1787568178.215,2026-08-24 18:42:58.215,0.0,1
demo_0824_2026-08-24-18-39-18,1787568183.036,2026-08-24 18:43:03.036,0.401,1
demo_0824_2026-08-24-18-39-18,1787568183.036,2026-08-24 18:43:03.036,0.0,1
demo_0824_2026-08-24-18-39-18,1787568183.438,2026-08-24 18:43:03.438,0.402,1
demo_0824_2026-08-24-18-39-18,1787568183.438,2026-08-24 18:43:03.438,0.0,1
demo_0824_2026-08-24-18-39-18,1787568184.04,2026-08-24 18:43:04.040,0.401,1
demo_0824_2026-08-24-18-39-18,1787568197.5,2026-08-24 18:43:17.500,0.001,1
demo_0824_2026-08-24-18-39-18,1787568198.102,2026-08-24 18:43:18.102,0.401,1
demo_0824_2026-08-24-18-39-18,1787568198.102,2026-08-24 18:43:18.102,0.001,1
demo_0824_2026-08-24-18-39-18,1787568198.504,2026-08-24 18:43:18.504,0.402,1
demo_0824_2026-08-24-18-39-18,1787568198.706,2026-08-24 18:43:18.706,0.0,1
demo_0824_2026-08-24-18-39-18,1787568199.107,2026-08-24 18:43:19.107,0.401,1
demo_0824_2026-08-24-18-39-18,1787568199.107,2026-08-24 18:43:19.107,0.0,1
demo_0824_2026-08-24-18-39-18,1787568217.189,2026-08-24 18:43:37.189,0.0,1
demo_0824_2026-08-24-18-39-18,1787568225.026,2026-08-24 18:43:45.026,0.0,1
demo_0824_2026-08-24-18-39-18,1787568283.526,2026-08-24 18:44:43.526,0.0,1
fixed_0824_2026-08-24-17-36-06,1787564168.464,2026-08-24 17:36:08.464,0.0,1
fixed_0824_2026-08-24-17-36-06,1787564169.066,2026-08-24 17:36:09.066,0.401,1
fixed_0824_2026-08-24-17-36-06,1787564169.468,2026-08-24 17:36:09.468,0.0,1
fixed_0824_2026-08-24-17-36-06,1787564170.069,2026-08-24 17:36:10.069,0.401,1
fixed_0824_2026-08-24-17-36-06,1787564170.071,2026-08-24 17:36:10.071,0.001,1
fixed_0824_2026-08-24-17-36-06,1787564214.044,2026-08-24 17:36:54.044,0.0,1
fixed_0824_2026-08-24-17-36-06,1787564215.047,2026-08-24 17:36:55.047,0.401,1
fixed_0824_2026-08-24-17-36-06,1787564215.047,2026-08-24 17:36:55.047,0.0,1
fixed_0824_2026-08-24-17-36-06,1787564258.627,2026-08-24 17:37:38.627,0.0,1
fixed_0824_2026-08-24-17-36-06,1787564259.028,2026-08-24 17:37:39.028,0.401,1
fixed_0824_2026-08-24-17-36-06,1787564259.028,2026-08-24 17:37:39.028,0.0,1
fixed_0824_2026-08-24-17-36-06,1787564260.031,2026-08-24 17:37:40.031,0.401,1
fixed_0824_2026-08-24-17-36-06,1787564260.031,2026-08-24 17:37:40.031,0.0,1
fixed_0824_2026-08-24-17-36-06,1787564306.405,2026-08-24 17:38:26.405,0.0,1
fixed_0824_2026-08-24-17-36-06,1787564306.806,2026-08-24 17:38:26.806,0.401,1
fixed_0824_2026-08-24-17-36-06,1787564307.408,2026-08-24 17:38:27.408,0.0,1
fixed_0824_2026-08-24-17-36-06,1787564308.01,2026-08-24 17:38:28.010,0.401,1
fixed_0824_2026-08-24-17-36-06,1787564308.211,2026-08-24 17:38:28.211,0.0,1
fixed_0824_2026-08-24-17-36-06,1787564309.013,2026-08-24 17:38:29.013,0.401,1
fixed_0824_2026-08-24-17-36-06,1787564309.017,2026-08-24 17:38:29.017,0.003,1
fixed_0824_2026-08-24-17-36-06,1787564352.396,2026-08-24 17:39:12.396,0.0,1
fixed_0824_2026-08-24-17-36-06,1787564352.999,2026-08-24 17:39:12.999,0.401,1
fixed_0824_2026-08-24-17-36-06,1787564352.999,2026-08-24 17:39:12.999,0.0,1
fixed_0824_2026-08-24-17-36-06,1787564353.4,2026-08-24 17:39:13.400,0.401,1
fixed_0824_2026-08-24-17-36-06,1787564353.401,2026-08-24 17:39:13.401,0.001,1
fixed_0824_2026-08-24-17-36-06,1787564354.203,2026-08-24 17:39:14.203,0.401,1
fixed_0824_2026-08-24-17-36-06,1787564354.203,2026-08-24 17:39:14.203,0.0,1
fixed_0824_2026-08-24-17-36-06,1787564400.588,2026-08-24 17:40:00.588,0.001,1
fixed_0824_2026-08-24-17-36-06,1787564400.989,2026-08-24 17:40:00.989,0.401,1
fixed_0824_2026-08-24-17-36-06,1787564400.989,2026-08-24 17:40:00.989,0.0,1
fixed_0824_2026-08-24-17-36-06,1787564402.193,2026-08-24 17:40:02.193,0.401,1
fixed_0824_2026-08-24-17-36-06,1787564402.193,2026-08-24 17:40:02.193,0.0,1
fixed_0824_2026-08-24-17-36-06,1787564451.177,2026-08-24 17:40:51.177,0.0,1
fixed_0824_2026-08-24-17-36-06,1787564451.979,2026-08-24 17:40:51.979,0.401,1
fixed_0824_2026-08-24-17-36-06,1787564452.18,2026-08-24 17:40:52.180,0.0,1
fixed_0824_2026-08-24-17-36-06,1787564505.37,2026-08-24 17:41:45.370,0.0,1
fixed_0824_2026-08-24-17-36-06,1787564505.973,2026-08-24 17:41:45.973,0.401,1
fixed_0824_2026-08-24-17-36-06,1787564505.973,2026-08-24 17:41:45.973,0.0,1
fixed_0824_2026-08-24-17-36-06,1787564555.359,2026-08-24 17:42:35.359,0.003,1
fixed_0824_2026-08-24-17-36-06,1787564555.961,2026-08-24 17:42:35.961,0.401,1
fixed_0824_2026-08-24-17-36-06,1787564555.961,2026-08-24 17:42:35.961,0.0,1
fixed_0824_2026-08-24-17-36-06,1787564556.963,2026-08-24 17:42:36.963,0.401,1
fixed_0824_2026-08-24-17-36-06,1787564556.963,2026-08-24 17:42:36.963,0.0,1
fixed_0824_2026-08-24-17-36-06,1787564604.351,2026-08-24 17:43:24.351,0.0,1
fixed_0824_2026-08-24-17-36-06,1787564604.952,2026-08-24 17:43:24.952,0.401,1
fixed_0824_2026-08-24-17-36-06,1787564605.153,2026-08-24 17:43:25.153,0.0,1
fixed_0824_2026-08-24-17-36-06,1787564651.344,2026-08-24 17:44:11.344,0.0,1
fixed_0824_2026-08-24-17-36-06,1787564651.946,2026-08-24 17:44:11.946,0.401,1
fixed_0824_2026-08-24-17-36-06,1787564652.147,2026-08-24 17:44:12.147,0.0,1
fixed_0824_2026-08-24-17-36-06,1787564652.948,2026-08-24 17:44:12.948,0.401,1
fixed_0824_2026-08-24-17-36-06,1787564652.949,2026-08-24 17:44:12.949,0.001,1
fixed_0824_2026-08-24-17-36-06,1787564700.338,2026-08-24 17:45:00.338,0.0,1
fixed_0824_2026-08-24-17-36-06,1787564700.939,2026-08-24 17:45:00.939,0.401,1
fixed_0824_2026-08-24-17-36-06,1787564700.939,2026-08-24 17:45:00.939,0.0,1
fixed_0824_2026-08-24-17-36-06,1787564749.13,2026-08-24 17:45:49.130,0.0,1
fixed_0824_2026-08-24-17-36-06,1787564749.933,2026-08-24 17:45:49.933,0.401,1
fixed_0824_2026-08-24-17-36-06,1787564750.133,2026-08-24 17:45:50.133,0.0,1
fixed_0824_2026-08-24-17-36-06,1787564750.935,2026-08-24 17:45:50.935,0.401,1
fixed_0824_2026-08-24-17-36-06,1787564750.935,2026-08-24 17:45:50.935,0.0,1
fixed_0824_2026-08-24-17-36-06,1787564800.323,2026-08-24 17:46:40.323,0.0,1
fixed_0824_2026-08-24-17-36-06,1787564800.925,2026-08-24 17:46:40.925,0.401,1
fixed_0824_2026-08-24-17-36-06,1787564801.126,2026-08-24 17:46:41.126,0.0,1
fixed_0824_2026-08-24-17-36-06,1787564847.516,2026-08-24 17:47:27.516,0.0,1
fixed_0824_2026-08-24-17-36-06,1787564847.917,2026-08-24 17:47:27.917,0.401,1
fixed_0824_2026-08-24-17-36-06,1787564848.119,2026-08-24 17:47:28.119,0.0,1
fixed_0824_2026-08-24-17-36-06,1787564848.921,2026-08-24 17:47:28.921,0.401,1
fixed_0824_2026-08-24-17-36-06,1787564849.123,2026-08-24 17:47:29.123,0.0,1
fixed_0824_2026-08-24-17-36-06,1787564904.348,2026-08-24 17:48:24.348,0.0,1
fixed_0824_2026-08-24-17-36-06,1787564904.949,2026-08-24 17:48:24.949,0.401,1
fixed_0824_2026-08-24-17-36-06,1787564905.151,2026-08-24 17:48:25.151,0.001,1
fixed_0824_2026-08-24-17-36-06,1787564906.154,2026-08-24 17:48:26.154,0.402,1
fixed_0824_2026-08-24-17-36-06,1787564906.155,2026-08-24 17:48:26.155,0.001,1
fixed_0824_2026-08-24-17-36-06,1787564955.566,2026-08-24 17:49:15.566,0.0,1
fixed_0824_2026-08-24-17-36-06,1787564955.967,2026-08-24 17:49:15.967,0.401,1
fixed_0824_2026-08-24-17-36-06,1787564956.369,2026-08-24 17:49:16.369,0.0,1
fixed_0824_2026-08-24-17-36-06,1787564956.97,2026-08-24 17:49:16.970,0.401,1
fixed_0824_2026-08-24-17-36-06,1787564957.171,2026-08-24 17:49:17.171,0.0,1
fixed_0824_2026-08-24-17-36-06,1787565003.373,2026-08-24 17:50:03.373,0.0,1
fixed_0824_2026-08-24-17-36-06,1787565003.975,2026-08-24 17:50:03.975,0.402,1
fixed_0824_2026-08-24-17-36-06,1787565004.176,2026-08-24 17:50:04.176,0.0,1
fixed_0824_2026-08-24-17-36-06,1787565004.979,2026-08-24 17:50:04.979,0.401,1
fixed_0824_2026-08-24-17-36-06,1787565005.179,2026-08-24 17:50:05.179,0.0,1
fixed_0824_2026-08-24-17-36-06,1787565053.377,2026-08-24 17:50:53.377,0.0,1
fixed_0824_2026-08-24-17-36-06,1787565053.778,2026-08-24 17:50:53.778,0.401,1
fixed_0824_2026-08-24-17-36-06,1787565054.18,2026-08-24 17:50:54.180,0.0,1
fixed_0824_2026-08-24-17-36-06,1787565054.983,2026-08-24 17:50:54.983,0.402,1
fixed_0824_2026-08-24-17-36-06,1787565054.983,2026-08-24 17:50:54.983,0.001,1
fixed_0824_2026-08-24-17-36-06,1787565100.983,2026-08-24 17:51:40.983,0.0,1
fixed_0824_2026-08-24-17-36-06,1787565101.383,2026-08-24 17:51:41.383,0.401,1
fixed_0824_2026-08-24-17-36-06,1787565101.384,2026-08-24 17:51:41.384,0.001,1
fixed_0824_2026-08-24-17-36-06,1787565101.986,2026-08-24 17:51:41.986,0.401,1
fixed_0824_2026-08-24-17-36-06,1787565101.986,2026-08-24 17:51:41.986,0.0,1
fixed_0824_2026-08-24-17-36-06,1787565184.301,2026-08-24 17:53:04.301,0.0,1
fixed_0824_2026-08-24-17-36-06,1787565184.903,2026-08-24 17:53:04.903,0.401,1
fixed_0824_2026-08-24-17-36-06,1787565185.104,2026-08-24 17:53:05.104,0.0,1
fixed_0824_2026-08-24-17-36-06,1787565185.505,2026-08-24 17:53:05.505,0.401,1
fixed_0824_2026-08-24-17-36-06,1787565185.505,2026-08-24 17:53:05.505,0.0,1
fixed_0824_2026-08-24-17-36-06,1787565186.106,2026-08-24 17:53:06.106,0.401,1
fixed_0824_2026-08-24-17-36-06,1787565186.107,2026-08-24 17:53:06.107,0.001,1
fixed_0824_2026-08-24-17-36-06,1787565186.508,2026-08-24 17:53:06.508,0.401,1
fixed_0824_2026-08-24-17-36-06,1787565186.508,2026-08-24 17:53:06.508,0.0,1
fixed_0824_2026-08-24-17-36-06,1787565187.109,2026-08-24 17:53:07.109,0.401,1
fixed_0824_2026-08-24-17-36-06,1787565187.511,2026-08-24 17:53:07.511,0.0,1
fixed_0824_2026-08-24-17-36-06,1787565188.113,2026-08-24 17:53:08.113,0.402,1
fixed_0824_2026-08-24-17-36-06,1787565188.314,2026-08-24 17:53:08.314,0.001,1
fixed_0824_2026-08-24-17-36-06,1787565189.116,2026-08-24 17:53:09.116,0.401,1
fixed_0824_2026-08-24-17-36-06,1787565189.32,2026-08-24 17:53:09.320,0.0,1
fixed_0824_2026-08-24-17-36-06,1787565190.121,2026-08-24 17:53:10.121,0.401,1
fixed_0824_2026-08-24-17-36-06,1787565190.323,2026-08-24 17:53:10.323,0.0,1
fixed_0824_2026-08-24-17-36-06,1787565255.586,2026-08-24 17:54:15.586,0.0,1
fixed_0824_2026-08-24-17-36-06,1787565256.187,2026-08-24 17:54:16.187,0.401,1
fixed_0824_2026-08-24-17-36-06,1787565256.389,2026-08-24 17:54:16.389,0.001,1
fixed_0824_2026-08-24-17-36-06,1787565257.192,2026-08-24 17:54:17.192,0.401,1
fixed_0824_2026-08-24-17-36-06,1787565257.192,2026-08-24 17:54:17.192,0.0,1
fixed_0824_2026-08-24-17-36-06,1787565326.474,2026-08-24 17:55:26.474,0.0,1
fixed_0824_2026-08-24-17-36-06,1787565327.277,2026-08-24 17:55:27.277,0.401,1
fixed_0824_2026-08-24-17-36-06,1787565327.479,2026-08-24 17:55:27.479,0.0,1
fixed_0824_2026-08-24-17-36-06,1787565328.282,2026-08-24 17:55:28.282,0.401,1
fixed_0824_2026-08-24-17-36-06,1787565328.282,2026-08-24 17:55:28.282,0.0,1
fixed_0824_2026-08-24-17-36-06,1787565382.913,2026-08-24 17:56:22.913,0.001,1
fixed_0824_2026-08-24-17-36-06,1787565383.314,2026-08-24 17:56:23.314,0.401,1
fixed_0824_2026-08-24-17-36-06,1787565383.716,2026-08-24 17:56:23.716,0.0,1
fixed_0824_2026-08-24-17-36-06,1787565385.725,2026-08-24 17:56:25.725,0.401,1
fixed_0824_2026-08-24-17-36-06,1787565385.726,2026-08-24 17:56:25.726,0.0,1
fixed_0824_2026-08-24-17-36-06,1787565436.544,2026-08-24 17:57:16.544,0.0,1
fixed_0824_2026-08-24-17-36-06,1787565437.346,2026-08-24 17:57:17.346,0.401,1
fixed_0824_2026-08-24-17-36-06,1787565437.347,2026-08-24 17:57:17.347,0.001,1
fixed_0824_2026-08-24-17-36-06,1787565488.766,2026-08-24 17:58:08.766,0.0,1
fixed_0824_2026-08-24-17-36-06,1787565489.367,2026-08-24 17:58:09.367,0.4,1
fixed_0824_2026-08-24-17-36-06,1787565489.769,2026-08-24 17:58:09.769,0.0,1
fixed_0824_2026-08-24-17-36-06,1787565490.371,2026-08-24 17:58:10.371,0.401,1
fixed_0824_2026-08-24-17-36-06,1787565490.371,2026-08-24 17:58:10.371,0.0,1
fixed_0824_2026-08-24-17-36-06,1787565543.994,2026-08-24 17:59:03.994,0.0,1
fixed_0824_2026-08-24-17-36-06,1787565544.394,2026-08-24 17:59:04.394,0.401,1
fixed_0824_2026-08-24-17-36-06,1787565544.595,2026-08-24 17:59:04.595,0.0,1
fixed_0824_2026-08-24-17-36-06,1787565545.398,2026-08-24 17:59:05.398,0.401,1
fixed_0824_2026-08-24-17-36-06,1787565545.599,2026-08-24 17:59:05.599,0.0,1
fixed_0824_2026-08-24-17-36-06,1787565601.623,2026-08-24 18:00:01.623,0.0,1
fixed_0824_2026-08-24-17-36-06,1787565602.224,2026-08-24 18:00:02.224,0.401,1
fixed_0824_2026-08-24-17-36-06,1787565602.626,2026-08-24 18:00:02.626,0.0,1
fixed_0824_2026-08-24-17-36-06,1787565603.428,2026-08-24 18:00:03.428,0.401,1
fixed_0824_2026-08-24-17-36-06,1787565603.63,2026-08-24 18:00:03.630,0.0,1
fixed_0824_2026-08-24-17-36-06,1787565604.432,2026-08-24 18:00:04.432,0.401,1
fixed_0824_2026-08-24-17-36-06,1787565604.432,2026-08-24 18:00:04.432,0.0,1
fixed_0824_2026-08-24-17-36-06,1787565617.689,2026-08-24 18:00:17.689,0.0,1
fixed_0824_2026-08-24-17-36-06,1787565618.29,2026-08-24 18:00:18.290,0.401,1
fixed_0824_2026-08-24-17-36-06,1787565618.291,2026-08-24 18:00:18.291,0.0,1
fixed_0824_2026-08-24-17-36-06,1787565642.2,2026-08-24 18:00:42.200,0.0,1
fixed_0824_2026-08-24-17-36-06,1787565660.479,2026-08-24 18:01:00.479,0.001,1
fixed_0824_2026-08-24-17-36-06,1787565661.081,2026-08-24 18:01:01.081,0.401,1
fixed_0824_2026-08-24-17-36-06,1787565661.081,2026-08-24 18:01:01.081,0.0,1
fixed_0824_2026-08-24-17-36-06,1787565698.45,2026-08-24 18:01:38.450,0.0,1
fixed_0824_2026-08-24-17-36-06,1787565699.052,2026-08-24 18:01:39.052,0.402,1
fixed_0824_2026-08-24-17-36-06,1787565699.052,2026-08-24 18:01:39.052,0.0,1
fixed_0824_2026-08-24-17-36-06,1787565700.054,2026-08-24 18:01:40.054,0.4,1
fixed_0824_2026-08-24-17-36-06,1787565700.054,2026-08-24 18:01:40.054,0.0,1
fixed_0824_2026-08-24-17-36-06,1787565803.684,2026-08-24 18:03:23.684,0.0,1
fixed_0824_2026-08-24-17-36-06,1787565815.732,2026-08-24 18:03:35.732,0.0,1
fixed_0824_2026-08-24-17-36-06,1787565816.133,2026-08-24 18:03:36.133,0.401,1
fixed_0824_2026-08-24-17-36-06,1787565816.334,2026-08-24 18:03:36.334,0.0,1
fixed_0824_2026-08-24-17-36-06,1787565898.683,2026-08-24 18:04:58.683,0.0,1
fixed_0824_2026-08-24-17-36-06,1787565899.285,2026-08-24 18:04:59.285,0.401,1
fixed_0824_2026-08-24-17-36-06,1787565899.486,2026-08-24 18:04:59.486,0.0,1
fixed_0824_2026-08-24-17-36-06,1787565900.288,2026-08-24 18:05:00.288,0.401,1
fixed_0824_2026-08-24-17-36-06,1787565900.288,2026-08-24 18:05:00.288,0.0,1
fixed_0824_2026-08-24-17-36-06,1787565901.292,2026-08-24 18:05:01.292,0.402,1
fixed_0824_2026-08-24-17-36-06,1787565901.292,2026-08-24 18:05:01.292,0.0,1
fixed_0824_2026-08-24-17-36-06,1787565954.709,2026-08-24 18:05:54.709,0.0,1
fixed_0824_2026-08-24-17-36-06,1787565955.31,2026-08-24 18:05:55.310,0.401,1
fixed_0824_2026-08-24-17-36-06,1787565955.31,2026-08-24 18:05:55.310,0.0,1
fixed_0824_2026-08-24-17-36-06,1787565956.313,2026-08-24 18:05:56.313,0.401,1
fixed_0824_2026-08-24-17-36-06,1787565956.314,2026-08-24 18:05:56.314,0.0,1
fixed_0824_2026-08-24-17-36-06,1787565958.32,2026-08-24 18:05:58.320,0.401,1
fixed_0824_2026-08-24-17-36-06,1787565958.323,2026-08-24 18:05:58.323,0.003,1
fusion_20260825_132239_2026-08-25-13-22-39,1787635403.769,2026-08-25 13:23:23.769,0.0,1
fusion_20260825_132239_2026-08-25-13-22-39,1787635404.17,2026-08-25 13:23:24.170,0.401,1
fusion_20260825_132239_2026-08-25-13-22-39,1787635404.774,2026-08-25 13:23:24.774,0.0,1
fusion_20260825_132239_2026-08-25-13-22-39,1787635405.375,2026-08-25 13:23:25.375,0.401,1
fusion_20260825_132239_2026-08-25-13-22-39,1787635405.375,2026-08-25 13:23:25.375,0.0,1
fusion_20260825_132239_2026-08-25-13-22-39,1787635405.776,2026-08-25 13:23:25.776,0.401,1
fusion_20260825_132239_2026-08-25-13-22-39,1787635405.777,2026-08-25 13:23:25.777,0.0,1
fusion_20260825_132239_2026-08-25-13-22-39,1787635460.773,2026-08-25 13:24:20.773,0.0,1
fusion_20260825_132239_2026-08-25-13-22-39,1787635461.174,2026-08-25 13:24:21.174,0.401,1
fusion_20260825_132239_2026-08-25-13-22-39,1787635461.575,2026-08-25 13:24:21.575,0.0,1
fusion_20260825_132239_2026-08-25-13-22-39,1787635462.176,2026-08-25 13:24:22.176,0.401,1
fusion_20260825_132239_2026-08-25-13-22-39,1787635462.577,2026-08-25 13:24:22.577,0.0,1
fusion_20260825_132239_2026-08-25-13-22-39,1787635463.379,2026-08-25 13:24:23.379,0.401,1
fusion_20260825_132239_2026-08-25-13-22-39,1787635463.78,2026-08-25 13:24:23.780,0.0,1
newfield_20260826_2026-08-26-16-36-00,1787733421.451,2026-08-26 16:37:01.451,0.0,1
newfield_20260826_2026-08-26-16-36-00,1787733421.852,2026-08-26 16:37:01.852,0.401,1
newfield_20260826_2026-08-26-16-36-00,1787733421.855,2026-08-26 16:37:01.855,0.003,1
newfield_20260826_2026-08-26-16-36-00,1787733422.256,2026-08-26 16:37:02.256,0.401,1
newfield_20260826_2026-08-26-16-36-00,1787733422.256,2026-08-26 16:37:02.256,0.0,1
newfield_20260826_2026-08-26-16-36-00,1787733463.403,2026-08-26 16:37:43.403,0.0,1
newfield_20260826_2026-08-26-16-36-00,1787733464.205,2026-08-26 16:37:44.205,0.401,1
newfield_20260826_2026-08-26-16-36-00,1787733464.405,2026-08-26 16:37:44.405,0.0,1
newfield_20260826_2026-08-26-16-36-00,1787733512.379,2026-08-26 16:38:32.379,0.004,1
newfield_20260826_2026-08-26-16-36-00,1787733566.553,2026-08-26 16:39:26.553,0.0,1
newfield_20260826_2026-08-26-16-36-00,1787733566.954,2026-08-26 16:39:26.954,0.401,1
newfield_20260826_2026-08-26-16-36-00,1787733567.559,2026-08-26 16:39:27.559,0.003,1
newfield_20260826_2026-08-26-16-36-00,1787733568.16,2026-08-26 16:39:28.160,0.401,1
newfield_20260826_2026-08-26-16-36-00,1787733568.16,2026-08-26 16:39:28.160,0.0,1
newfield_20260826_2026-08-26-16-36-00,1787733634.779,2026-08-26 16:40:34.779,0.0,1
newfield_20260826_2026-08-26-16-36-00,1787733635.18,2026-08-26 16:40:35.180,0.401,1
newfield_20260826_2026-08-26-16-36-00,1787733635.581,2026-08-26 16:40:35.581,0.0,1
newfield_20260826_2026-08-26-16-36-00,1787733635.982,2026-08-26 16:40:35.982,0.401,1
newfield_20260826_2026-08-26-16-36-00,1787733636.383,2026-08-26 16:40:36.383,0.0,1
newfield_20260826_2026-08-26-16-36-00,1787733637.185,2026-08-26 16:40:37.185,0.401,1
newfield_20260826_2026-08-26-16-36-00,1787733637.386,2026-08-26 16:40:37.386,0.0,1
newfield_20260826_2026-08-26-16-36-00,1787733638.188,2026-08-26 16:40:38.188,0.401,1
newfield_20260826_2026-08-26-16-36-00,1787733638.391,2026-08-26 16:40:38.391,0.0,1
newfield_20260826_2026-08-26-16-36-00,1787733708.615,2026-08-26 16:41:48.615,0.0,1
newfield_20260826_2026-08-26-16-36-00,1787733709.217,2026-08-26 16:41:49.217,0.401,1
newfield_20260826_2026-08-26-16-36-00,1787733709.418,2026-08-26 16:41:49.418,0.0,1
newfield_20260826_2026-08-26-16-36-00,1787733710.219,2026-08-26 16:41:50.219,0.401,1
newfield_20260826_2026-08-26-16-36-00,1787733710.219,2026-08-26 16:41:50.219,0.0,1
newfield_20260826_2026-08-26-16-36-00,1787733772.421,2026-08-26 16:42:52.421,0.0,1
newfield_20260826_2026-08-26-16-36-00,1787733772.822,2026-08-26 16:42:52.822,0.401,1
newfield_20260826_2026-08-26-16-36-00,1787733773.424,2026-08-26 16:42:53.424,0.0,1
newfield_20260826_2026-08-26-16-36-00,1787733774.025,2026-08-26 16:42:54.025,0.401,1
newfield_20260826_2026-08-26-16-36-00,1787733774.228,2026-08-26 16:42:54.228,0.0,1
newfield_20260826_2026-08-26-16-36-00,1787733838.632,2026-08-26 16:43:58.632,0.001,1
newfield_20260826_2026-08-26-16-36-00,1787733907.443,2026-08-26 16:45:07.443,0.0,1
newfield_20260826_2026-08-26-16-36-00,1787733908.244,2026-08-26 16:45:08.244,0.401,1
newfield_20260826_2026-08-26-16-36-00,1787733908.446,2026-08-26 16:45:08.446,0.001,1
newfield_20260826_2026-08-26-16-36-00,1787733909.247,2026-08-26 16:45:09.247,0.401,1
newfield_20260826_2026-08-26-16-36-00,1787733909.248,2026-08-26 16:45:09.248,0.001,1
newfield_20260826_2026-08-26-16-36-00,1787733910.252,2026-08-26 16:45:10.252,0.401,1
newfield_20260826_2026-08-26-16-36-00,1787733910.252,2026-08-26 16:45:10.252,0.0,1
newfield_20260826_2026-08-26-16-36-00,1787733976.661,2026-08-26 16:46:16.661,0.001,1
newfield_20260826_2026-08-26-16-36-00,1787733977.062,2026-08-26 16:46:17.062,0.401,1
newfield_20260826_2026-08-26-16-36-00,1787733977.463,2026-08-26 16:46:17.463,0.0,1
newfield_20260826_2026-08-26-16-36-00,1787733978.265,2026-08-26 16:46:18.265,0.401,1
newfield_20260826_2026-08-26-16-36-00,1787733978.465,2026-08-26 16:46:18.465,0.0,1
newfield_20260826_2026-08-26-16-36-00,1787733979.267,2026-08-26 16:46:19.267,0.4,1
newfield_20260826_2026-08-26-16-36-00,1787733979.268,2026-08-26 16:46:19.268,0.0,1
newfield_20260826_2026-08-26-16-36-00,1787734045.474,2026-08-26 16:47:25.474,0.0,1
newfield_20260826_2026-08-26-16-36-00,1787734046.275,2026-08-26 16:47:26.275,0.401,1
newfield_20260826_2026-08-26-16-36-00,1787734046.475,2026-08-26 16:47:26.475,0.0,1
newfield_20260826_2026-08-26-16-36-00,1787734047.277,2026-08-26 16:47:27.277,0.401,1
newfield_20260826_2026-08-26-16-36-00,1787734047.277,2026-08-26 16:47:27.277,0.0,1
newfield_20260826_2026-08-26-16-36-00,1787734048.28,2026-08-26 16:47:28.280,0.401,1
newfield_20260826_2026-08-26-16-36-00,1787734048.48,2026-08-26 16:47:28.480,0.0,1
newfield_20260826_2026-08-26-16-36-00,1787734110.481,2026-08-26 16:48:30.481,0.0,1
newfield_20260826_2026-08-26-16-36-00,1787734110.882,2026-08-26 16:48:30.882,0.401,1
newfield_20260826_2026-08-26-16-36-00,1787734111.484,2026-08-26 16:48:31.484,0.0,1
newfield_20260826_2026-08-26-16-36-00,1787734112.285,2026-08-26 16:48:32.285,0.4,1
newfield_20260826_2026-08-26-16-36-00,1787734112.487,2026-08-26 16:48:32.487,0.0,1
newfield_20260826_2026-08-26-16-36-00,1787734113.288,2026-08-26 16:48:33.288,0.401,1
newfield_20260826_2026-08-26-16-36-00,1787734113.289,2026-08-26 16:48:33.289,0.001,1
newfield_20260826_2026-08-26-16-36-00,1787734114.692,2026-08-26 16:48:34.692,0.401,1
newfield_20260826_2026-08-26-16-36-00,1787734114.693,2026-08-26 16:48:34.693,0.0,1
newfield_20260826_2026-08-26-16-36-00,1787734115.696,2026-08-26 16:48:35.696,0.402,1
newfield_20260826_2026-08-26-16-36-00,1787734115.696,2026-08-26 16:48:35.696,0.0,1
newfield_20260826_2026-08-26-16-36-00,1787734177.696,2026-08-26 16:49:37.696,0.0,1
newfield_20260826_2026-08-26-16-36-00,1787734178.296,2026-08-26 16:49:38.296,0.4,1
newfield_20260826_2026-08-26-16-36-00,1787734178.698,2026-08-26 16:49:38.698,0.0,1
newfield_20260826_2026-08-26-16-36-00,1787734179.299,2026-08-26 16:49:39.299,0.401,1
newfield_20260826_2026-08-26-16-36-00,1787734179.5,2026-08-26 16:49:39.500,0.001,1
newfield_20260826_2026-08-26-16-36-00,1787734180.302,2026-08-26 16:49:40.302,0.401,1
newfield_20260826_2026-08-26-16-36-00,1787734180.302,2026-08-26 16:49:40.302,0.0,1
newfield_20260826_2026-08-26-16-36-00,1787734181.507,2026-08-26 16:49:41.507,0.401,1
newfield_20260826_2026-08-26-16-36-00,1787734181.508,2026-08-26 16:49:41.508,0.001,1
newfield_20260826_2026-08-26-16-36-00,1787734245.706,2026-08-26 16:50:45.706,0.003,1
newfield_20260826_2026-08-26-16-36-00,1787734246.307,2026-08-26 16:50:46.307,0.401,1
newfield_20260826_2026-08-26-16-36-00,1787734246.508,2026-08-26 16:50:46.508,0.0,1
newfield_20260826_2026-08-26-16-36-00,1787734309.513,2026-08-26 16:51:49.513,0.0,1
newfield_20260826_2026-08-26-16-36-00,1787734310.314,2026-08-26 16:51:50.314,0.4,1
newfield_20260826_2026-08-26-16-36-00,1787734310.514,2026-08-26 16:51:50.514,0.0,1
newfield_20260826_2026-08-26-16-36-00,1787734375.518,2026-08-26 16:52:55.518,0.0,1
newfield_20260826_2026-08-26-16-36-00,1787734376.32,2026-08-26 16:52:56.320,0.401,1
newfield_20260826_2026-08-26-16-36-00,1787734376.523,2026-08-26 16:52:56.523,0.0,1
newfield_20260826_2026-08-26-16-36-00,1787734430.494,2026-08-26 16:53:50.494,0.0,1
newfield_20260826_2026-08-26-16-36-00,1787734431.095,2026-08-26 16:53:51.095,0.4,1
newfield_20260826_2026-08-26-16-36-00,1787734431.498,2026-08-26 16:53:51.498,0.003,1
newfield_20260826_2026-08-26-16-36-00,1787734432.3,2026-08-26 16:53:52.300,0.401,1
newfield_20260826_2026-08-26-16-36-00,1787734432.502,2026-08-26 16:53:52.502,0.001,1
newfield_20260826_2026-08-26-16-36-00,1787734488.478,2026-08-26 16:54:48.478,0.0,1
newfield_20260826_2026-08-26-16-36-00,1787734488.879,2026-08-26 16:54:48.879,0.401,1
newfield_20260826_2026-08-26-16-36-00,1787734489.682,2026-08-26 16:54:49.682,0.0,1
newfield_20260826_2026-08-26-16-36-00,1787734490.283,2026-08-26 16:54:50.283,0.401,1
newfield_20260826_2026-08-26-16-36-00,1787734490.484,2026-08-26 16:54:50.484,0.0,1
newfield_20260826_2026-08-26-16-36-00,1787734491.286,2026-08-26 16:54:51.286,0.401,1
newfield_20260826_2026-08-26-16-36-00,1787734491.286,2026-08-26 16:54:51.286,0.0,1
newfield_20260826_2026-08-26-16-36-00,1787734495.297,2026-08-26 16:54:55.297,0.401,1
newfield_20260826_2026-08-26-16-36-00,1787734495.298,2026-08-26 16:54:55.298,0.0,1
newfield_20260826_2026-08-26-16-36-00,1787734552.272,2026-08-26 16:55:52.272,0.0,1
newfield_20260826_2026-08-26-16-36-00,1787734553.274,2026-08-26 16:55:53.274,0.4,1
newfield_20260826_2026-08-26-16-36-00,1787734553.474,2026-08-26 16:55:53.474,0.0,1
newfield_20260826_2026-08-26-16-36-00,1787734554.276,2026-08-26 16:55:54.276,0.401,1
newfield_20260826_2026-08-26-16-36-00,1787734554.477,2026-08-26 16:55:54.477,0.0,1
newfield_20260826_2026-08-26-16-36-00,1787734555.278,2026-08-26 16:55:55.278,0.401,1
newfield_20260826_2026-08-26-16-36-00,1787734555.279,2026-08-26 16:55:55.279,0.001,1
newfield_20260826_2026-08-26-16-36-00,1787734613.667,2026-08-26 16:56:53.667,0.0,1
newfield_20260826_2026-08-26-16-36-00,1787734614.067,2026-08-26 16:56:54.067,0.4,1
newfield_20260826_2026-08-26-16-36-00,1787734614.67,2026-08-26 16:56:54.670,0.0,1
newfield_20260826_2026-08-26-16-36-00,1787734615.271,2026-08-26 16:56:55.271,0.401,1
newfield_20260826_2026-08-26-16-36-00,1787734615.472,2026-08-26 16:56:55.472,0.001,1
newfield_20260826_2026-08-26-16-36-00,1787734616.474,2026-08-26 16:56:56.474,0.4,1
newfield_20260826_2026-08-26-16-36-00,1787734616.474,2026-08-26 16:56:56.474,0.0,1
newfield_20260826_2026-08-26-16-36-00,1787734673.662,2026-08-26 16:57:53.662,0.001,1
newfield_20260826_2026-08-26-16-36-00,1787734674.063,2026-08-26 16:57:54.063,0.401,1
newfield_20260826_2026-08-26-16-36-00,1787734674.264,2026-08-26 16:57:54.264,0.0,1
newfield_20260826_2026-08-26-16-36-00,1787734674.665,2026-08-26 16:57:54.665,0.401,1
newfield_20260826_2026-08-26-16-36-00,1787734674.666,2026-08-26 16:57:54.666,0.001,1
newfield_20260826_2026-08-26-16-36-00,1787734675.267,2026-08-26 16:57:55.267,0.401,1
newfield_20260826_2026-08-26-16-36-00,1787734675.267,2026-08-26 16:57:55.267,0.0,1
newfield_20260826_2026-08-26-16-36-00,1787734734.662,2026-08-26 16:58:54.662,0.0,1
newfield_20260826_2026-08-26-16-36-00,1787734735.263,2026-08-26 16:58:55.263,0.401,1
newfield_20260826_2026-08-26-16-36-00,1787734735.264,2026-08-26 16:58:55.264,0.0,1
newfield_20260826_2026-08-26-16-36-00,1787734736.267,2026-08-26 16:58:56.267,0.401,1
newfield_20260826_2026-08-26-16-36-00,1787734736.267,2026-08-26 16:58:56.267,0.0,1
newfield_20260826_2026-08-26-16-36-00,1787734795.665,2026-08-26 16:59:55.665,0.0,1
newfield_20260826_2026-08-26-16-36-00,1787734796.266,2026-08-26 16:59:56.266,0.401,1
newfield_20260826_2026-08-26-16-36-00,1787734796.467,2026-08-26 16:59:56.467,0.0,1
newfield_20260826_2026-08-26-16-36-00,1787734797.268,2026-08-26 16:59:57.268,0.401,1
newfield_20260826_2026-08-26-16-36-00,1787734797.269,2026-08-26 16:59:57.269,0.001,1
newfield_20260826_2026-08-26-16-36-00,1787734799.276,2026-08-26 16:59:59.276,0.401,1
newfield_20260826_2026-08-26-16-36-00,1787734799.277,2026-08-26 16:59:59.277,0.0,1
newfield_20260826_2026-08-26-16-36-00,1787734856.666,2026-08-26 17:00:56.666,0.0,1
newfield_20260826_2026-08-26-16-36-00,1787734857.267,2026-08-26 17:00:57.267,0.401,1
newfield_20260826_2026-08-26-16-36-00,1787734857.469,2026-08-26 17:00:57.469,0.001,1
newfield_20260826_2026-08-26-16-36-00,1787734858.27,2026-08-26 17:00:58.270,0.401,1
newfield_20260826_2026-08-26-16-36-00,1787734858.475,2026-08-26 17:00:58.475,0.003,1
newfield_20260826_2026-08-26-16-36-00,1787734915.668,2026-08-26 17:01:55.668,0.001,1
newfield_20260826_2026-08-26-16-36-00,1787734916.269,2026-08-26 17:01:56.269,0.401,1
newfield_20260826_2026-08-26-16-36-00,1787734916.47,2026-08-26 17:01:56.470,0.0,1
newfield_20260826_2026-08-26-16-36-00,1787734917.272,2026-08-26 17:01:57.272,0.401,1
newfield_20260826_2026-08-26-16-36-00,1787734917.272,2026-08-26 17:01:57.272,0.0,1
newfield_20260826_2026-08-26-16-36-00,1787734918.274,2026-08-26 17:01:58.274,0.401,1
newfield_20260826_2026-08-26-16-36-00,1787734918.274,2026-08-26 17:01:58.274,0.0,1
newfield_20260826_2026-08-26-16-36-00,1787734978.872,2026-08-26 17:02:58.872,0.003,1
newfield_20260826_2026-08-26-16-36-00,1787734980.274,2026-08-26 17:03:00.274,0.401,1
newfield_20260826_2026-08-26-16-36-00,1787734980.274,2026-08-26 17:03:00.274,0.0,1
newfield_20260826_2026-08-26-16-36-00,1787735039.668,2026-08-26 17:03:59.668,0.0,1
newfield_20260826_2026-08-26-16-36-00,1787735040.269,2026-08-26 17:04:00.269,0.401,1
newfield_20260826_2026-08-26-16-36-00,1787735040.47,2026-08-26 17:04:00.470,0.0,1
newfield_20260826_2026-08-26-16-36-00,1787735041.272,2026-08-26 17:04:01.272,0.401,1
newfield_20260826_2026-08-26-16-36-00,1787735041.474,2026-08-26 17:04:01.474,0.0,1
newfield_20260826_2026-08-26-16-36-00,1787735100.268,2026-08-26 17:05:00.268,0.0,1
newfield_20260826_2026-08-26-16-36-00,1787735100.669,2026-08-26 17:05:00.669,0.401,1
newfield_20260826_2026-08-26-16-36-00,1787735101.471,2026-08-26 17:05:01.471,0.0,1
newfield_20260826_2026-08-26-16-36-00,1787735102.273,2026-08-26 17:05:02.273,0.401,1
newfield_20260826_2026-08-26-16-36-00,1787735102.273,2026-08-26 17:05:02.273,0.0,1
newfield_20260826_2026-08-26-16-36-00,1787735104.277,2026-08-26 17:05:04.277,0.401,1
newfield_20260826_2026-08-26-16-36-00,1787735104.277,2026-08-26 17:05:04.277,0.0,1
newfield_20260826_2026-08-26-16-36-00,1787735159.669,2026-08-26 17:05:59.669,0.0,1
newfield_20260826_2026-08-26-16-36-00,1787735160.274,2026-08-26 17:06:00.274,0.404,1
newfield_20260826_2026-08-26-16-36-00,1787735160.675,2026-08-26 17:06:00.675,0.0,1
newfield_20260826_2026-08-26-16-36-00,1787735217.674,2026-08-26 17:06:57.674,0.0,1
newfield_20260826_2026-08-26-16-36-00,1787735218.275,2026-08-26 17:06:58.275,0.401,1
newfield_20260826_2026-08-26-16-36-00,1787735218.677,2026-08-26 17:06:58.677,0.001,1
newfield_20260826_2026-08-26-16-36-00,1787735275.676,2026-08-26 17:07:55.676,0.0,1
newfield_20260826_2026-08-26-16-36-00,1787735276.276,2026-08-26 17:07:56.276,0.4,1
newfield_20260826_2026-08-26-16-36-00,1787735276.477,2026-08-26 17:07:56.477,0.001,1
newfield_20260826_2026-08-26-16-36-00,1787735277.279,2026-08-26 17:07:57.279,0.401,1
newfield_20260826_2026-08-26-16-36-00,1787735277.48,2026-08-26 17:07:57.480,0.0,1
newfield_20260826_2026-08-26-16-36-00,1787735277.88,2026-08-26 17:07:57.880,0.401,1
newfield_20260826_2026-08-26-16-36-00,1787735277.88,2026-08-26 17:07:57.880,0.0,1
newfield_20260826_2026-08-26-16-36-00,1787735278.281,2026-08-26 17:07:58.281,0.401,1
newfield_20260826_2026-08-26-16-36-00,1787735278.281,2026-08-26 17:07:58.281,0.0,1
newfield_20260826_2026-08-26-16-36-00,1787735279.284,2026-08-26 17:07:59.284,0.401,1
newfield_20260826_2026-08-26-16-36-00,1787735279.284,2026-08-26 17:07:59.284,0.0,1
newfield_20260826_2026-08-26-16-36-00,1787735331.675,2026-08-26 17:08:51.675,0.001,1
newfield_20260826_2026-08-26-16-36-00,1787735332.276,2026-08-26 17:08:52.276,0.4,1
newfield_20260826_2026-08-26-16-36-00,1787735332.678,2026-08-26 17:08:52.678,0.0,1
newfield_20260826_2026-08-26-16-36-00,1787735333.278,2026-08-26 17:08:53.278,0.4,1
newfield_20260826_2026-08-26-16-36-00,1787735333.279,2026-08-26 17:08:53.279,0.0,1
newfield_20260826_2026-08-26-16-36-00,1787735390.477,2026-08-26 17:09:50.477,0.0,1
newfield_20260826_2026-08-26-16-36-00,1787735391.281,2026-08-26 17:09:51.281,0.403,1
newfield_20260826_2026-08-26-16-36-00,1787735391.281,2026-08-26 17:09:51.281,0.0,1
newfield_20260826_2026-08-26-16-36-00,1787735392.284,2026-08-26 17:09:52.284,0.401,1
newfield_20260826_2026-08-26-16-36-00,1787735392.284,2026-08-26 17:09:52.284,0.0,1
newfield_20260826_2026-08-26-16-36-00,1787735448.881,2026-08-26 17:10:48.881,0.0,1
newfield_20260826_2026-08-26-16-36-00,1787735449.282,2026-08-26 17:10:49.282,0.401,1
newfield_20260826_2026-08-26-16-36-00,1787735449.483,2026-08-26 17:10:49.483,0.0,1
newfield_20260826_2026-08-26-16-36-00,1787735450.284,2026-08-26 17:10:50.284,0.4,1
newfield_20260826_2026-08-26-16-36-00,1787735450.486,2026-08-26 17:10:50.486,0.001,1
newfield_20260826_2026-08-26-16-36-00,1787735507.482,2026-08-26 17:11:47.482,0.001,1
newfield_20260826_2026-08-26-16-36-00,1787735508.284,2026-08-26 17:11:48.284,0.401,1
newfield_20260826_2026-08-26-16-36-00,1787735508.685,2026-08-26 17:11:48.685,0.0,1
newfield_20260826_2026-08-26-16-36-00,1787735509.287,2026-08-26 17:11:49.287,0.401,1
newfield_20260826_2026-08-26-16-36-00,1787735509.488,2026-08-26 17:11:49.488,0.001,1
newfield_20260826_2026-08-26-16-36-00,1787735566.48,2026-08-26 17:12:46.480,0.0,1
newfield_20260826_2026-08-26-16-36-00,1787735566.881,2026-08-26 17:12:46.881,0.401,1
newfield_20260826_2026-08-26-16-36-00,1787735567.887,2026-08-26 17:12:47.887,0.001,1
newfield_20260826_2026-08-26-16-36-00,1787735568.288,2026-08-26 17:12:48.288,0.401,1
newfield_20260826_2026-08-26-16-36-00,1787735568.288,2026-08-26 17:12:48.288,0.0,1
newfield_20260826_2026-08-26-16-36-00,1787735625.685,2026-08-26 17:13:45.685,0.0,1
newfield_20260826_2026-08-26-16-36-00,1787735626.286,2026-08-26 17:13:46.286,0.401,1
newfield_20260826_2026-08-26-16-36-00,1787735626.488,2026-08-26 17:13:46.488,0.0,1
newfield_20260826_2026-08-26-16-36-00,1787735627.29,2026-08-26 17:13:47.290,0.401,1
newfield_20260826_2026-08-26-16-36-00,1787735627.493,2026-08-26 17:13:47.493,0.0,1
newfield_20260826_2026-08-26-16-36-00,1787735683.491,2026-08-26 17:14:43.491,0.001,1
newfield_20260826_2026-08-26-16-36-00,1787735684.293,2026-08-26 17:14:44.293,0.401,1
newfield_20260826_2026-08-26-16-36-00,1787735684.293,2026-08-26 17:14:44.293,0.0,1
newfield_20260826_2026-08-26-16-36-00,1787735736.891,2026-08-26 17:15:36.891,0.0,1
newfield_20260826_2026-08-26-16-36-00,1787735737.291,2026-08-26 17:15:37.291,0.401,1
newfield_20260826_2026-08-26-16-36-00,1787735737.492,2026-08-26 17:15:37.492,0.0,1
newfield_20260826_2026-08-26-16-36-00,1787735789.693,2026-08-26 17:16:29.693,0.0,1
newfield_20260826_2026-08-26-16-36-00,1787735790.295,2026-08-26 17:16:30.295,0.402,1
newfield_20260826_2026-08-26-16-36-00,1787735790.295,2026-08-26 17:16:30.295,0.0,1
newfield_20260826_2026-08-26-16-36-00,1787735791.298,2026-08-26 17:16:31.298,0.401,1
newfield_20260826_2026-08-26-16-36-00,1787735791.298,2026-08-26 17:16:31.298,0.0,1
newfield_20260826_2026-08-26-16-36-00,1787735845.494,2026-08-26 17:17:25.494,0.0,1
newfield_20260826_2026-08-26-16-36-00,1787735846.295,2026-08-26 17:17:26.295,0.401,1
newfield_20260826_2026-08-26-16-36-00,1787735846.697,2026-08-26 17:17:26.697,0.0,1
newfield_20260826_2026-08-26-16-36-00,1787735847.298,2026-08-26 17:17:27.298,0.401,1
newfield_20260826_2026-08-26-16-36-00,1787735847.499,2026-08-26 17:17:27.499,0.0,1
newfield_20260826_2026-08-26-16-36-00,1787735848.301,2026-08-26 17:17:28.301,0.401,1
newfield_20260826_2026-08-26-16-36-00,1787735848.304,2026-08-26 17:17:28.304,0.003,1
newfield_20260826_2026-08-26-16-36-00,1787735903.899,2026-08-26 17:18:23.899,0.0,1
newfield_20260826_2026-08-26-16-36-00,1787735904.299,2026-08-26 17:18:24.299,0.4,1
newfield_20260826_2026-08-26-16-36-00,1787735904.299,2026-08-26 17:18:24.299,0.0,1
newfield_20260826_2026-08-26-16-36-00,1787735904.7,2026-08-26 17:18:24.700,0.401,1
newfield_20260826_2026-08-26-16-36-00,1787735904.701,2026-08-26 17:18:24.701,0.001,1
newfield_20260826_2026-08-26-16-36-00,1787735905.302,2026-08-26 17:18:25.302,0.401,1
newfield_20260826_2026-08-26-16-36-00,1787735905.302,2026-08-26 17:18:25.302,0.0,1
newfield_20260826_2026-08-26-16-36-00,1787735905.703,2026-08-26 17:18:25.703,0.401,1
newfield_20260826_2026-08-26-16-36-00,1787735905.704,2026-08-26 17:18:25.704,0.001,1
newfield_20260826_2026-08-26-16-36-00,1787735959.492,2026-08-26 17:19:19.492,0.0,1
newfield_20260826_2026-08-26-16-36-00,1787735960.294,2026-08-26 17:19:20.294,0.401,1
newfield_20260826_2026-08-26-16-36-00,1787735960.294,2026-08-26 17:19:20.294,0.0,1
newfield_20260826_2026-08-26-16-36-00,1787736014.684,2026-08-26 17:20:14.684,0.0,1
newfield_20260826_2026-08-26-16-36-00,1787736016.288,2026-08-26 17:20:16.288,0.401,1
newfield_20260826_2026-08-26-16-36-00,1787736016.289,2026-08-26 17:20:16.289,0.001,1
newfield_20260826_2026-08-26-16-36-00,1787736067.673,2026-08-26 17:21:07.673,0.0,1
newfield_20260826_2026-08-26-16-36-00,1787736068.274,2026-08-26 17:21:08.274,0.4,1
newfield_20260826_2026-08-26-16-36-00,1787736068.474,2026-08-26 17:21:08.474,0.001,1
newfield_20260826_2026-08-26-16-36-00,1787736069.276,2026-08-26 17:21:09.276,0.401,1
newfield_20260826_2026-08-26-16-36-00,1787736069.276,2026-08-26 17:21:09.276,0.0,1
newfield_20260826_2026-08-26-16-36-00,1787736070.28,2026-08-26 17:21:10.280,0.401,1
newfield_20260826_2026-08-26-16-36-00,1787736070.28,2026-08-26 17:21:10.280,0.0,1
newfield_20260826_2026-08-26-16-36-00,1787736122.667,2026-08-26 17:22:02.667,0.001,1
newfield_20260826_2026-08-26-16-36-00,1787736123.268,2026-08-26 17:22:03.268,0.401,1
newfield_20260826_2026-08-26-16-36-00,1787736123.469,2026-08-26 17:22:03.469,0.0,1
newfield_20260826_2026-08-26-16-36-00,1787736124.272,2026-08-26 17:22:04.272,0.401,1
newfield_20260826_2026-08-26-16-36-00,1787736124.272,2026-08-26 17:22:04.272,0.0,1
newfield_20260826_2026-08-26-16-36-00,1787736178.462,2026-08-26 17:22:58.462,0.0,1
newfield_20260826_2026-08-26-16-36-00,1787736179.264,2026-08-26 17:22:59.264,0.401,1
newfield_20260826_2026-08-26-16-36-00,1787736179.264,2026-08-26 17:22:59.264,0.0,1
newfield_20260826_2026-08-26-16-36-00,1787736180.27,2026-08-26 17:23:00.270,0.403,1
newfield_20260826_2026-08-26-16-36-00,1787736180.27,2026-08-26 17:23:00.270,0.0,1
newfield_20260826_2026-08-26-16-36-00,1787736234.459,2026-08-26 17:23:54.459,0.0,1
newfield_20260826_2026-08-26-16-36-00,1787736235.262,2026-08-26 17:23:55.262,0.401,1
newfield_20260826_2026-08-26-16-36-00,1787736235.465,2026-08-26 17:23:55.465,0.0,1
newfield_20260826_2026-08-26-16-36-00,1787736287.856,2026-08-26 17:24:47.856,0.0,1
newfield_20260826_2026-08-26-16-36-00,1787736288.256,2026-08-26 17:24:48.256,0.4,1
newfield_20260826_2026-08-26-16-36-00,1787736288.457,2026-08-26 17:24:48.457,0.001,1
newfield_20260826_2026-08-26-16-36-00,1787736289.259,2026-08-26 17:24:49.259,0.401,1
newfield_20260826_2026-08-26-16-36-00,1787736289.46,2026-08-26 17:24:49.460,0.001,1
newfield_20260826_2026-08-26-16-36-00,1787736342.854,2026-08-26 17:25:42.854,0.0,1
newfield_20260826_2026-08-26-16-36-00,1787736343.255,2026-08-26 17:25:43.255,0.401,1
newfield_20260826_2026-08-26-16-36-00,1787736343.455,2026-08-26 17:25:43.455,0.0,1
newfield_20260826_2026-08-26-16-36-00,1787736344.257,2026-08-26 17:25:44.257,0.401,1
newfield_20260826_2026-08-26-16-36-00,1787736344.458,2026-08-26 17:25:44.458,0.0,1
orchard_20260826_2026-08-26-08-31-44,1787704345.501,2026-08-26 08:32:25.501,0.0,1
orchard_20260826_2026-08-26-08-31-44,1787704345.902,2026-08-26 08:32:25.902,0.401,1
orchard_20260826_2026-08-26-08-31-44,1787704347.306,2026-08-26 08:32:27.306,0.0,1
orchard_20260826_2026-08-26-08-31-44,1787704347.907,2026-08-26 08:32:27.907,0.401,1
orchard_20260826_2026-08-26-08-31-44,1787704348.11,2026-08-26 08:32:28.110,0.0,1
orchard_20260826_2026-08-26-08-31-44,1787704403.494,2026-08-26 08:33:23.494,0.0,1
orchard_20260826_2026-08-26-08-31-44,1787704404.096,2026-08-26 08:33:24.096,0.401,1
orchard_20260826_2026-08-26-08-31-44,1787704404.297,2026-08-26 08:33:24.297,0.0,1
orchard_20260826_2026-08-26-08-31-44,1787704405.098,2026-08-26 08:33:25.098,0.401,1
orchard_20260826_2026-08-26-08-31-44,1787704405.299,2026-08-26 08:33:25.299,0.0,1
orchard_20260826_2026-08-26-08-31-44,1787704407.505,2026-08-26 08:33:27.505,0.401,1
orchard_20260826_2026-08-26-08-31-44,1787704407.505,2026-08-26 08:33:27.505,0.0,1
orchard_20260826_2026-08-26-08-31-44,1787704462.288,2026-08-26 08:34:22.288,0.0,1
orchard_20260826_2026-08-26-08-31-44,1787704462.689,2026-08-26 08:34:22.689,0.401,1
orchard_20260826_2026-08-26-08-31-44,1787704462.689,2026-08-26 08:34:22.689,0.0,1
orchard_20260826_2026-08-26-08-31-44,1787704463.089,2026-08-26 08:34:23.089,0.401,1
orchard_20260826_2026-08-26-08-31-44,1787704463.293,2026-08-26 08:34:23.293,0.003,1
orchard_20260826_2026-08-26-08-31-44,1787704518.678,2026-08-26 08:35:18.678,0.0,1
orchard_20260826_2026-08-26-08-31-44,1787704519.079,2026-08-26 08:35:19.079,0.401,1
orchard_20260826_2026-08-26-08-31-44,1787704519.279,2026-08-26 08:35:19.279,0.0,1
orchard_20260826_2026-08-26-08-31-44,1787704520.282,2026-08-26 08:35:20.282,0.401,1
orchard_20260826_2026-08-26-08-31-44,1787704520.282,2026-08-26 08:35:20.282,0.0,1
orchard_20260826_2026-08-26-08-31-44,1787704521.084,2026-08-26 08:35:21.084,0.401,1
orchard_20260826_2026-08-26-08-31-44,1787704521.084,2026-08-26 08:35:21.084,0.0,1
orchard_20260826_2026-08-26-08-31-44,1787704575.667,2026-08-26 08:36:15.667,0.001,1
orchard_20260826_2026-08-26-08-31-44,1787704576.067,2026-08-26 08:36:16.067,0.4,1
orchard_20260826_2026-08-26-08-31-44,1787704576.468,2026-08-26 08:36:16.468,0.0,1
orchard_20260826_2026-08-26-08-31-44,1787704576.869,2026-08-26 08:36:16.869,0.401,1
orchard_20260826_2026-08-26-08-31-44,1787704577.471,2026-08-26 08:36:17.471,0.0,1
orchard_20260826_2026-08-26-08-31-44,1787704631.455,2026-08-26 08:37:11.455,0.0,1
orchard_20260826_2026-08-26-08-31-44,1787704631.855,2026-08-26 08:37:11.855,0.401,1
orchard_20260826_2026-08-26-08-31-44,1787704633.059,2026-08-26 08:37:13.059,0.0,1
orchard_20260826_2026-08-26-08-31-44,1787704634.061,2026-08-26 08:37:14.061,0.401,1
orchard_20260826_2026-08-26-08-31-44,1787704634.264,2026-08-26 08:37:14.264,0.0,1
orchard_20260826_2026-08-26-08-31-44,1787704675.401,2026-08-26 08:37:55.401,0.0,1
orchard_20260826_2026-08-26-08-31-44,1787704676.002,2026-08-26 08:37:56.002,0.401,1
orchard_20260826_2026-08-26-08-31-44,1787704676.403,2026-08-26 08:37:56.403,0.0,1
orchard_20260826_2026-08-26-08-31-44,1787704677.004,2026-08-26 08:37:57.004,0.401,1
orchard_20260826_2026-08-26-08-31-44,1787704677.004,2026-08-26 08:37:57.004,0.0,1
orchard_20260826_2026-08-26-08-31-44,1787704723.565,2026-08-26 08:38:43.565,0.0,1
orchard_20260826_2026-08-26-08-31-44,1787704723.965,2026-08-26 08:38:43.965,0.401,1
orchard_20260826_2026-08-26-08-31-44,1787704724.166,2026-08-26 08:38:44.166,0.0,1
orchard_20260826_2026-08-26-08-31-44,1787704724.97,2026-08-26 08:38:44.970,0.401,1
orchard_20260826_2026-08-26-08-31-44,1787704724.97,2026-08-26 08:38:44.970,0.0,1
orchard_20260826_2026-08-26-08-31-44,1787704725.371,2026-08-26 08:38:45.371,0.401,1
orchard_20260826_2026-08-26-08-31-44,1787704725.371,2026-08-26 08:38:45.371,0.0,1
orchard_20260826_2026-08-26-08-31-44,1787704794.61,2026-08-26 08:39:54.610,0.003,1
orchard_20260826_2026-08-26-08-31-44,1787704811.265,2026-08-26 08:40:11.265,0.0,1
orchard_20260826_2026-08-26-08-31-44,1787704811.666,2026-08-26 08:40:11.666,0.401,1
orchard_20260826_2026-08-26-08-31-44,1787704812.267,2026-08-26 08:40:12.267,0.0,1
orchard_20260826_2026-08-26-08-31-44,1787704812.869,2026-08-26 08:40:12.869,0.401,1
orchard_20260826_2026-08-26-08-31-44,1787704813.07,2026-08-26 08:40:13.070,0.0,1
orchard_20260826_2026-08-26-08-31-44,1787704828.922,2026-08-26 08:40:28.922,0.401,1
orchard_20260826_2026-08-26-08-31-44,1787704838.155,2026-08-26 08:40:38.155,0.401,1
orchard_20260826_2026-08-26-08-31-44,1787704838.356,2026-08-26 08:40:38.356,0.0,1
orchard_20260826_2026-08-26-08-31-44,1787704838.756,2026-08-26 08:40:38.756,0.401,1
orchard_20260826_2026-08-26-08-31-44,1787704865.452,2026-08-26 08:41:05.452,0.0,1
orchard_20260826_2026-08-26-08-31-44,1787704866.254,2026-08-26 08:41:06.254,0.401,1
orchard_20260826_2026-08-26-08-31-44,1787704866.655,2026-08-26 08:41:06.655,0.0,1
orchard_20260826_2026-08-26-08-31-44,1787704867.257,2026-08-26 08:41:07.257,0.401,1
orchard_20260826_2026-08-26-08-31-44,1787704867.458,2026-08-26 08:41:07.458,0.0,1
orchard_20260826_2026-08-26-08-31-44,1787704868.259,2026-08-26 08:41:08.259,0.401,1
orchard_20260826_2026-08-26-08-31-44,1787704868.46,2026-08-26 08:41:08.460,0.0,1
orchard_20260826_2026-08-26-08-31-44,1787704928.861,2026-08-26 08:42:08.861,0.0,1
orchard_20260826_2026-08-26-08-31-44,1787704929.262,2026-08-26 08:42:09.262,0.401,1
orchard_20260826_2026-08-26-08-31-44,1787704929.262,2026-08-26 08:42:09.262,0.0,1
orchard_20260826_2026-08-26-08-31-44,1787704960.771,2026-08-26 08:42:40.771,0.0,1
orchard_20260826_2026-08-26-08-31-44,1787704961.172,2026-08-26 08:42:41.172,0.401,1
orchard_20260826_2026-08-26-08-31-44,1787704961.373,2026-08-26 08:42:41.373,0.0,1
orchard_20260826_2026-08-26-08-31-44,1787704962.175,2026-08-26 08:42:42.175,0.401,1
orchard_20260826_2026-08-26-08-31-44,1787704962.175,2026-08-26 08:42:42.175,0.0,1
orchard_20260826_2026-08-26-08-31-44,1787705012.343,2026-08-26 08:43:32.343,0.0,1
orchard_20260826_2026-08-26-08-31-44,1787705012.744,2026-08-26 08:43:32.744,0.401,1
orchard_20260826_2026-08-26-08-31-44,1787705013.346,2026-08-26 08:43:33.346,0.0,1
orchard_20260826_2026-08-26-08-31-44,1787705014.148,2026-08-26 08:43:34.148,0.401,1
orchard_20260826_2026-08-26-08-31-44,1787705014.348,2026-08-26 08:43:34.348,0.0,1
orchard_20260826_2026-08-26-08-31-44,1787705063.517,2026-08-26 08:44:23.517,0.0,1
orchard_20260826_2026-08-26-08-31-44,1787705063.918,2026-08-26 08:44:23.918,0.401,1
orchard_20260826_2026-08-26-08-31-44,1787705064.519,2026-08-26 08:44:24.519,0.0,1
orchard_20260826_2026-08-26-08-31-44,1787705065.121,2026-08-26 08:44:25.121,0.401,1
orchard_20260826_2026-08-26-08-31-44,1787705065.121,2026-08-26 08:44:25.121,0.0,1
orchard_20260826_2026-08-26-08-31-44,1787705104.25,2026-08-26 08:45:04.250,0.0,1
orchard_20260826_2026-08-26-08-31-44,1787705107.059,2026-08-26 08:45:07.059,0.401,1
orchard_20260826_2026-08-26-08-31-44,1787705107.059,2026-08-26 08:45:07.059,0.0,1
quad_20260825_2026-08-25-17-03-46,1787648631.944,2026-08-25 17:03:51.944,0.0,1
quad_20260825_2026-08-25-17-03-46,1787648632.545,2026-08-25 17:03:52.545,0.401,1
quad_20260825_2026-08-25-17-03-46,1787648632.946,2026-08-25 17:03:52.946,0.0,1
quad_20260825_2026-08-25-17-03-46,1787648633.547,2026-08-25 17:03:53.547,0.401,1
quad_20260825_2026-08-25-17-03-46,1787648633.547,2026-08-25 17:03:53.547,0.0,1
quad_20260825_2026-08-25-17-03-46,1787648657.285,2026-08-25 17:04:17.285,0.889,1
quad_20260825_2026-08-25-17-03-46,1787648703.794,2026-08-25 17:05:03.794,0.0,1
quad_20260825_2026-08-25-17-03-46,1787648704.195,2026-08-25 17:05:04.195,0.4,1
quad_20260825_2026-08-25-17-03-46,1787648704.596,2026-08-25 17:05:04.596,0.0,1
quad_20260825_2026-08-25-17-03-46,1787648705.197,2026-08-25 17:05:05.197,0.401,1
quad_20260825_2026-08-25-17-03-46,1787648705.397,2026-08-25 17:05:05.397,0.0,1
quad_20260825_2026-08-25-17-03-46,1787648706.198,2026-08-25 17:05:06.198,0.4,1
quad_20260825_2026-08-25-17-03-46,1787648706.399,2026-08-25 17:05:06.399,0.0,1
quad_20260825_2026-08-25-17-03-46,1787648707.2,2026-08-25 17:05:07.200,0.4,1
quad_20260825_2026-08-25-17-03-46,1787648707.2,2026-08-25 17:05:07.200,0.0,1
quad_20260825_2026-08-25-17-03-46,1787648730.255,2026-08-25 17:05:30.255,0.0,1
quad_20260825_2026-08-25-17-03-46,1787648752.507,2026-08-25 17:05:52.507,0.0,1
quad_20260825_2026-08-25-17-03-46,1787648752.908,2026-08-25 17:05:52.908,0.401,1
quad_20260825_2026-08-25-17-03-46,1787648752.908,2026-08-25 17:05:52.908,0.0,1
quad_20260825_2026-08-25-17-03-46,1787648814.265,2026-08-25 17:06:54.265,0.0,1
quad_20260825_2026-08-25-17-03-46,1787648814.866,2026-08-25 17:06:54.866,0.4,1
quad_20260825_2026-08-25-17-03-46,1787648815.068,2026-08-25 17:06:55.068,0.0,1
quad_20260825_2026-08-25-17-03-46,1787648815.869,2026-08-25 17:06:55.869,0.4,1
quad_20260825_2026-08-25-17-03-46,1787648815.869,2026-08-25 17:06:55.869,0.0,1
quad_20260825_2026-08-25-17-03-46,1787648816.87,2026-08-25 17:06:56.870,0.4,1
quad_20260825_2026-08-25-17-03-46,1787648816.871,2026-08-25 17:06:56.871,0.0,1
quad_20260825_2026-08-25-17-03-46,1787648825.888,2026-08-25 17:07:05.888,0.401,1
quad_20260825_2026-08-25-17-03-46,1787648829.31,2026-08-25 17:07:09.310,0.214,1
quad_20260825_2026-08-25-17-03-46,1787648829.497,2026-08-25 17:07:09.497,0.187,1
quad_20260825_2026-08-25-17-03-46,1787648832.903,2026-08-25 17:07:12.903,0.4,1
quad_20260825_2026-08-25-17-03-46,1787648898.675,2026-08-25 17:08:18.675,0.0,1
quad_20260825_2026-08-25-17-03-46,1787648899.075,2026-08-25 17:08:19.075,0.401,1
quad_20260825_2026-08-25-17-03-46,1787648899.877,2026-08-25 17:08:19.877,0.0,1
quad_20260825_2026-08-25-17-03-46,1787648900.277,2026-08-25 17:08:20.277,0.4,1
quad_20260825_2026-08-25-17-03-46,1787648900.68,2026-08-25 17:08:20.680,0.0,1
quad_20260825_2026-08-25-17-03-46,1787648901.28,2026-08-25 17:08:21.280,0.4,1
quad_20260825_2026-08-25-17-03-46,1787648901.881,2026-08-25 17:08:21.881,0.0,1
quad_20260825_2026-08-25-17-03-46,1787648902.282,2026-08-25 17:08:22.282,0.4,1
quad_20260825_2026-08-25-17-03-46,1787648902.682,2026-08-25 17:08:22.682,0.0,1
quad_20260825_2026-08-25-17-03-46,1787648903.283,2026-08-25 17:08:23.283,0.4,1
quad_20260825_2026-08-25-17-03-46,1787648903.283,2026-08-25 17:08:23.283,0.0,1
quad_20260825_2026-08-25-17-03-46,1787648903.884,2026-08-25 17:08:23.884,0.4,1
quad_20260825_2026-08-25-17-03-46,1787648903.884,2026-08-25 17:08:23.884,0.0,1
quad_20260825_2026-08-25-17-03-46,1787648905.285,2026-08-25 17:08:25.285,0.4,1
quad_20260825_2026-08-25-17-03-46,1787648905.287,2026-08-25 17:08:25.287,0.001,1
quad_20260825_2026-08-25-17-03-46,1787648944.569,2026-08-25 17:09:04.569,0.197,1
quad_20260825_2026-08-25-17-03-46,1787648976.646,2026-08-25 17:09:36.646,0.196,1
quad_20260825_2026-08-25-17-03-46,1787649013.535,2026-08-25 17:10:13.535,0.001,1
r03_0824_2026-08-24-19-13-50,1787570047.517,2026-08-24 19:14:07.517,0.0,1
r03_0824_2026-08-24-19-13-50,1787570048.118,2026-08-24 19:14:08.118,0.401,1
r03_0824_2026-08-24-19-13-50,1787570048.52,2026-08-24 19:14:08.520,0.0,1
r03_0824_2026-08-24-19-13-50,1787570049.121,2026-08-24 19:14:09.121,0.401,1
r03_0824_2026-08-24-19-13-50,1787570049.323,2026-08-24 19:14:09.323,0.0,1
r03_0824_2026-08-24-19-13-50,1787570100.534,2026-08-24 19:15:00.534,0.0,1
r03_0824_2026-08-24-19-13-50,1787570101.136,2026-08-24 19:15:01.136,0.401,1
r03_0824_2026-08-24-19-13-50,1787570101.34,2026-08-24 19:15:01.340,0.004,1
r03_0824_2026-08-24-19-13-50,1787570148.747,2026-08-24 19:15:48.747,0.0,1
r03_0824_2026-08-24-19-13-50,1787570149.147,2026-08-24 19:15:49.147,0.4,1
r03_0824_2026-08-24-19-13-50,1787570149.348,2026-08-24 19:15:49.348,0.0,1
r03_0824_2026-08-24-19-13-50,1787570197.358,2026-08-24 19:16:37.358,0.0,1
r03_0824_2026-08-24-19-13-50,1787570198.16,2026-08-24 19:16:38.160,0.401,1
r03_0824_2026-08-24-19-13-50,1787570198.361,2026-08-24 19:16:38.361,0.0,1
r03_0824_2026-08-24-19-13-50,1787570246.372,2026-08-24 19:17:26.372,0.0,1
r03_0824_2026-08-24-19-13-50,1787570247.174,2026-08-24 19:17:27.174,0.401,1
r03_0824_2026-08-24-19-13-50,1787570247.379,2026-08-24 19:17:27.379,0.0,1
repeat5_0819_2026-08-19-17-48-18,1787132905.644,2026-08-19 17:48:25.644,0.0,1
repeat5_0819_2026-08-19-17-48-18,1787132906.246,2026-08-19 17:48:26.246,0.401,1
repeat5_0819_2026-08-19-17-48-18,1787132906.246,2026-08-19 17:48:26.246,0.0,1
repeat5_0819_2026-08-19-17-48-18,1787132957.645,2026-08-19 17:49:17.645,0.003,1
repeat5_0819_2026-08-19-17-48-18,1787132958.247,2026-08-19 17:49:18.247,0.401,1
repeat5_0819_2026-08-19-17-48-18,1787132958.247,2026-08-19 17:49:18.247,0.0,1
repeat5_0819_2026-08-19-17-48-18,1787133011.643,2026-08-19 17:50:11.643,0.0,1
repeat5_0819_2026-08-19-17-48-18,1787133012.245,2026-08-19 17:50:12.245,0.401,1
repeat5_0819_2026-08-19-17-48-18,1787133012.646,2026-08-19 17:50:12.646,0.0,1
repeat5_0819_2026-08-19-17-48-18,1787133065.64,2026-08-19 17:51:05.640,0.0,1
repeat5_0819_2026-08-19-17-48-18,1787133066.241,2026-08-19 17:51:06.241,0.401,1
repeat5_0819_2026-08-19-17-48-18,1787133066.844,2026-08-19 17:51:06.844,0.001,1
repeat5_0819_2026-08-19-17-48-18,1787133067.245,2026-08-19 17:51:07.245,0.401,1
repeat5_0819_2026-08-19-17-48-18,1787133067.245,2026-08-19 17:51:07.245,0.0,1
repeat5_0819_2026-08-19-17-48-18,1787133118.645,2026-08-19 17:51:58.645,0.0,1
repeat5_0819_2026-08-19-17-48-18,1787133120.851,2026-08-19 17:52:00.851,0.401,1
repeat5_0819_2026-08-19-17-48-18,1787133120.851,2026-08-19 17:52:00.851,0.0,1
repeat5_0819_2026-08-19-17-48-18,1787133121.453,2026-08-19 17:52:01.453,0.401,1
repeat5_0819_2026-08-19-17-48-18,1787133121.453,2026-08-19 17:52:01.453,0.0,1
repeat5_0819_2026-08-19-17-48-18,1787133168.84,2026-08-19 17:52:48.840,0.001,1
repeat5_0819_2026-08-19-17-48-18,1787133169.241,2026-08-19 17:52:49.241,0.401,1
repeat5_0819_2026-08-19-17-48-18,1787133169.241,2026-08-19 17:52:49.241,0.0,1
repeat5_0819_2026-08-19-17-48-18,1787133169.642,2026-08-19 17:52:49.642,0.401,1
repeat5_0819_2026-08-19-17-48-18,1787133169.642,2026-08-19 17:52:49.642,0.0,1
repeat5_0819_2026-08-19-17-48-18,1787133170.244,2026-08-19 17:52:50.244,0.401,1
repeat5_0819_2026-08-19-17-48-18,1787133170.244,2026-08-19 17:52:50.244,0.0,1
repeat5_0819_2026-08-19-17-48-18,1787133172.25,2026-08-19 17:52:52.250,0.401,1
repeat5_0819_2026-08-19-17-48-18,1787133172.25,2026-08-19 17:52:52.250,0.0,1
repeat5_0819_2026-08-19-17-48-18,1787133222.632,2026-08-19 17:53:42.632,0.0,1
repeat5_0819_2026-08-19-17-48-18,1787133223.033,2026-08-19 17:53:43.033,0.401,1
repeat5_0819_2026-08-19-17-48-18,1787133223.234,2026-08-19 17:53:43.234,0.0,1
repeat5_0819_2026-08-19-17-48-18,1787133224.237,2026-08-19 17:53:44.237,0.402,1
repeat5_0819_2026-08-19-17-48-18,1787133224.44,2026-08-19 17:53:44.440,0.0,1
repeat5_0819_2026-08-19-17-48-18,1787133275.625,2026-08-19 17:54:35.625,0.0,1
repeat5_0819_2026-08-19-17-48-18,1787133276.026,2026-08-19 17:54:36.026,0.4,1
repeat5_0819_2026-08-19-17-48-18,1787133276.628,2026-08-19 17:54:36.628,0.0,1
repeat5_0819_2026-08-19-17-48-18,1787133277.229,2026-08-19 17:54:37.229,0.401,1
repeat5_0819_2026-08-19-17-48-18,1787133277.23,2026-08-19 17:54:37.230,0.0,1
repeat5_0819_2026-08-19-17-48-18,1787133329.82,2026-08-19 17:55:29.820,0.0,1
repeat5_0819_2026-08-19-17-48-18,1787133330.221,2026-08-19 17:55:30.221,0.401,1
repeat5_0819_2026-08-19-17-48-18,1787133330.221,2026-08-19 17:55:30.221,0.0,1
repeat5_0819_2026-08-19-17-48-18,1787133330.622,2026-08-19 17:55:30.622,0.401,1
repeat5_0819_2026-08-19-17-48-18,1787133330.622,2026-08-19 17:55:30.622,0.0,1
repeat5_0819_2026-08-19-17-48-18,1787133331.224,2026-08-19 17:55:31.224,0.401,1
repeat5_0819_2026-08-19-17-48-18,1787133331.224,2026-08-19 17:55:31.224,0.0,1
repeat5_0819_2026-08-19-17-48-18,1787133382.616,2026-08-19 17:56:22.616,0.0,1
repeat5_0819_2026-08-19-17-48-18,1787133383.218,2026-08-19 17:56:23.218,0.401,1
repeat5_0819_2026-08-19-17-48-18,1787133383.218,2026-08-19 17:56:23.218,0.0,1
repeat5_0819_2026-08-19-17-48-18,1787133384.221,2026-08-19 17:56:24.221,0.401,1
repeat5_0819_2026-08-19-17-48-18,1787133384.221,2026-08-19 17:56:24.221,0.0,1
repeat5_0819_2026-08-19-17-48-18,1787133385.226,2026-08-19 17:56:25.226,0.404,1
repeat5_0819_2026-08-19-17-48-18,1787133385.226,2026-08-19 17:56:25.226,0.0,1
repeat5_0819_2026-08-19-17-48-18,1787133386.428,2026-08-19 17:56:26.428,0.401,1
repeat5_0819_2026-08-19-17-48-18,1787133386.428,2026-08-19 17:56:26.428,0.0,1
repeat5_0819_2026-08-19-17-48-18,1787133436.612,2026-08-19 17:57:16.612,0.0,1
repeat5_0819_2026-08-19-17-48-18,1787133437.213,2026-08-19 17:57:17.213,0.401,1
repeat5_0819_2026-08-19-17-48-18,1787133437.414,2026-08-19 17:57:17.414,0.0,1
repeat5_0819_2026-08-19-17-48-18,1787133438.216,2026-08-19 17:57:18.216,0.401,1
repeat5_0819_2026-08-19-17-48-18,1787133438.216,2026-08-19 17:57:18.216,0.0,1
repeat5_0819_2026-08-19-17-48-18,1787133439.219,2026-08-19 17:57:19.219,0.401,1
repeat5_0819_2026-08-19-17-48-18,1787133439.219,2026-08-19 17:57:19.219,0.0,1
repeat5_0819_2026-08-19-17-48-18,1787133489.61,2026-08-19 17:58:09.610,0.0,1
repeat5_0819_2026-08-19-17-48-18,1787133490.211,2026-08-19 17:58:10.211,0.4,1
repeat5_0819_2026-08-19-17-48-18,1787133490.415,2026-08-19 17:58:10.415,0.003,1
repeat5_0819_2026-08-19-17-48-18,1787133541.606,2026-08-19 17:59:01.606,0.001,1
repeat5_0819_2026-08-19-17-48-18,1787133542.006,2026-08-19 17:59:02.006,0.4,1
repeat5_0819_2026-08-19-17-48-18,1787133542.608,2026-08-19 17:59:02.608,0.0,1
repeat5_0819_2026-08-19-17-48-18,1787133543.209,2026-08-19 17:59:03.209,0.401,1
repeat5_0819_2026-08-19-17-48-18,1787133543.209,2026-08-19 17:59:03.209,0.0,1
repeat_0824_2026-08-24-17-15-53,1787562956.581,2026-08-24 17:15:56.581,0.0,1
repeat_0824_2026-08-24-17-15-53,1787562956.981,2026-08-24 17:15:56.981,0.4,1
repeat_0824_2026-08-24-17-15-53,1787562957.586,2026-08-24 17:15:57.586,0.002,1
repeat_0824_2026-08-24-17-15-53,1787562958.187,2026-08-24 17:15:58.187,0.401,1
repeat_0824_2026-08-24-17-15-53,1787562958.187,2026-08-24 17:15:58.187,0.0,1
repeat_0824_2026-08-24-17-15-53,1787563008.577,2026-08-24 17:16:48.577,0.0,1
repeat_0824_2026-08-24-17-15-53,1787563009.179,2026-08-24 17:16:49.179,0.401,1
repeat_0824_2026-08-24-17-15-53,1787563009.179,2026-08-24 17:16:49.179,0.0,1
repeat_0824_2026-08-24-17-15-53,1787563058.574,2026-08-24 17:17:38.574,0.0,1
repeat_0824_2026-08-24-17-15-53,1787563059.175,2026-08-24 17:17:39.175,0.401,1
repeat_0824_2026-08-24-17-15-53,1787563059.176,2026-08-24 17:17:39.176,0.001,1
repeat_0824_2026-08-24-17-15-53,1787563107.568,2026-08-24 17:18:27.568,0.0,1
repeat_0824_2026-08-24-17-15-53,1787563108.17,2026-08-24 17:18:28.170,0.401,1
repeat_0824_2026-08-24-17-15-53,1787563108.17,2026-08-24 17:18:28.170,0.0,1
repeat_0824_2026-08-24-17-15-53,1787563153.762,2026-08-24 17:19:13.762,0.0,1
repeat_0824_2026-08-24-17-15-53,1787563154.163,2026-08-24 17:19:14.163,0.401,1
repeat_0824_2026-08-24-17-15-53,1787563154.565,2026-08-24 17:19:14.565,0.001,1
repeat_0824_2026-08-24-17-15-53,1787563155.166,2026-08-24 17:19:15.166,0.401,1
repeat_0824_2026-08-24-17-15-53,1787563155.166,2026-08-24 17:19:15.166,0.0,1
repeat_0824_2026-08-24-17-15-53,1787563155.567,2026-08-24 17:19:15.567,0.401,1
repeat_0824_2026-08-24-17-15-53,1787563155.568,2026-08-24 17:19:15.568,0.001,1
repeat_0824_2026-08-24-17-15-53,1787563156.17,2026-08-24 17:19:16.170,0.401,1
repeat_0824_2026-08-24-17-15-53,1787563156.17,2026-08-24 17:19:16.170,0.0,1
repeat_0824_2026-08-24-17-15-53,1787563204.361,2026-08-24 17:20:04.361,0.0,1
repeat_0824_2026-08-24-17-15-53,1787563205.164,2026-08-24 17:20:05.164,0.401,1
repeat_0824_2026-08-24-17-15-53,1787563205.365,2026-08-24 17:20:05.365,0.0,1
repeat_0824_2026-08-24-17-15-53,1787563257.557,2026-08-24 17:20:57.557,0.0,1
repeat_0824_2026-08-24-17-15-53,1787563258.159,2026-08-24 17:20:58.159,0.401,1
repeat_0824_2026-08-24-17-15-53,1787563258.36,2026-08-24 17:20:58.360,0.0,1
repeat_0824_2026-08-24-17-15-53,1787563309.555,2026-08-24 17:21:49.555,0.0,1
repeat_0824_2026-08-24-17-15-53,1787563310.156,2026-08-24 17:21:50.156,0.401,1
repeat_0824_2026-08-24-17-15-53,1787563310.357,2026-08-24 17:21:50.357,0.001,1
repeat_0824_2026-08-24-17-15-53,1787563363.351,2026-08-24 17:22:43.351,0.0,1
repeat_0824_2026-08-24-17-15-53,1787563364.154,2026-08-24 17:22:44.154,0.401,1
repeat_0824_2026-08-24-17-15-53,1787563364.355,2026-08-24 17:22:44.355,0.0,1
repeat_0824_2026-08-24-17-15-53,1787563416.551,2026-08-24 17:23:36.551,0.0,1
repeat_0824_2026-08-24-17-15-53,1787563417.153,2026-08-24 17:23:37.153,0.401,1
repeat_0824_2026-08-24-17-15-53,1787563417.153,2026-08-24 17:23:37.153,0.0,1
repeat_0824_2026-08-24-17-15-53,1787563469.546,2026-08-24 17:24:29.546,0.0,1
repeat_0824_2026-08-24-17-15-53,1787563470.147,2026-08-24 17:24:30.147,0.401,1
repeat_0824_2026-08-24-17-15-53,1787563470.551,2026-08-24 17:24:30.551,0.0,1
repeat_0824_2026-08-24-17-15-53,1787563521.541,2026-08-24 17:25:21.541,0.0,1
repeat_0824_2026-08-24-17-15-53,1787563522.142,2026-08-24 17:25:22.142,0.401,1
repeat_0824_2026-08-24-17-15-53,1787563522.344,2026-08-24 17:25:22.344,0.001,1
repeat_0824_2026-08-24-17-15-53,1787563523.145,2026-08-24 17:25:23.145,0.401,1
repeat_0824_2026-08-24-17-15-53,1787563523.145,2026-08-24 17:25:23.145,0.0,1
repeat_0824_2026-08-24-17-15-53,1787563524.148,2026-08-24 17:25:24.148,0.401,1
repeat_0824_2026-08-24-17-15-53,1787563524.148,2026-08-24 17:25:24.148,0.0,1
repeat_0824_2026-08-24-17-15-53,1787563574.541,2026-08-24 17:26:14.541,0.001,1
repeat_0824_2026-08-24-17-15-53,1787563575.142,2026-08-24 17:26:15.142,0.401,1
repeat_0824_2026-08-24-17-15-53,1787563575.546,2026-08-24 17:26:15.546,0.003,1
repeat_0824_2026-08-24-17-15-53,1787563576.148,2026-08-24 17:26:16.148,0.401,1
repeat_0824_2026-08-24-17-15-53,1787563576.348,2026-08-24 17:26:16.348,0.0,1
run_20260826_2026-08-26-19-52-27,1787745171.533,2026-08-26 19:52:51.533,0.0,1
run_20260826_2026-08-26-19-52-27,1787745171.934,2026-08-26 19:52:51.934,0.401,1
run_20260826_2026-08-26-19-52-27,1787745172.336,2026-08-26 19:52:52.336,0.0,1
run_20260826_2026-08-26-19-52-27,1787745172.938,2026-08-26 19:52:52.938,0.401,1
run_20260826_2026-08-26-19-52-27,1787745173.139,2026-08-26 19:52:53.139,0.001,1
run_20260826_2026-08-26-19-52-27,1787745173.941,2026-08-26 19:52:53.941,0.401,1
run_20260826_2026-08-26-19-52-27,1787745173.942,2026-08-26 19:52:53.942,0.001,1
run_20260826_2026-08-26-19-52-27,1787745224.321,2026-08-26 19:53:44.321,0.0,1
run_20260826_2026-08-26-19-52-27,1787745224.922,2026-08-26 19:53:44.922,0.401,1
run_20260826_2026-08-26-19-52-27,1787745225.326,2026-08-26 19:53:45.326,0.0,1
run_20260826_2026-08-26-19-52-27,1787745268.476,2026-08-26 19:54:28.476,0.0,1
run_20260826_2026-08-26-19-52-27,1787745287.347,2026-08-26 19:54:47.347,0.001,1
run_20260826_2026-08-26-19-52-27,1787745287.748,2026-08-26 19:54:47.748,0.401,1
run_20260826_2026-08-26-19-52-27,1787745287.748,2026-08-26 19:54:47.748,0.0,1
run_20260826_2026-08-26-19-56-35,1787745420.066,2026-08-26 19:57:00.066,0.0,1
run_20260826_2026-08-26-19-56-35,1787745420.467,2026-08-26 19:57:00.467,0.401,1
run_20260826_2026-08-26-19-56-35,1787745420.668,2026-08-26 19:57:00.668,0.0,1
run_20260826_2026-08-26-19-56-35,1787745425.681,2026-08-26 19:57:05.681,0.401,1
run_20260826_2026-08-26-19-56-35,1787745425.682,2026-08-26 19:57:05.682,0.001,1
run_20260826_2026-08-26-19-56-35,1787745440.127,2026-08-26 19:57:20.127,0.401,1
run_20260826_2026-08-26-19-56-35,1787745512.181,2026-08-26 19:58:32.181,0.401,1
run_20260826_2026-08-26-19-56-35,1787745532.464,2026-08-26 19:58:52.464,0.0,1
run_20260826_2026-08-26-19-56-35,1787745533.066,2026-08-26 19:58:53.066,0.401,1
run_20260826_2026-08-26-19-56-35,1787745533.269,2026-08-26 19:58:53.269,0.003,1
run_20260826_2026-08-26-19-56-35,1787745535.675,2026-08-26 19:58:55.675,0.401,1
run_20260826_2026-08-26-19-56-35,1787745535.675,2026-08-26 19:58:55.675,0.0,1
run_20260826_2026-08-26-19-56-35,1787745537.682,2026-08-26 19:58:57.682,0.402,1
run_20260826_2026-08-26-20-01-01,1787745689.658,2026-08-26 20:01:29.658,0.001,1
run_20260826_2026-08-26-20-01-01,1787745690.26,2026-08-26 20:01:30.260,0.401,1
run_20260826_2026-08-26-20-01-01,1787745690.26,2026-08-26 20:01:30.260,0.0,1
run_20260826_2026-08-26-20-01-01,1787745690.661,2026-08-26 20:01:30.661,0.401,1
run_20260826_2026-08-26-20-01-01,1787745690.662,2026-08-26 20:01:30.662,0.001,1
run_20260826_2026-08-26-20-01-01,1787745733.834,2026-08-26 20:02:13.834,0.003,1
run_20260826_2026-08-26-20-01-01,1787745763.548,2026-08-26 20:02:43.548,0.0,1
run_20260826_2026-08-26-20-01-01,1787745764.149,2026-08-26 20:02:44.149,0.401,1
run_20260826_2026-08-26-20-01-01,1787745764.354,2026-08-26 20:02:44.354,0.0,1
run_20260826_2026-08-26-20-01-01,1787745800.509,2026-08-26 20:03:20.509,0.0,1
run_20260826_2026-08-26-20-01-01,1787745835.655,2026-08-26 20:03:55.655,0.0,1
run_20260826_2026-08-26-20-01-01,1787745836.256,2026-08-26 20:03:56.256,0.401,1
run_20260826_2026-08-26-20-01-01,1787745836.257,2026-08-26 20:03:56.257,0.0,1
run_20260826_2026-08-26-20-01-01,1787745875.424,2026-08-26 20:04:35.424,0.0,1
run_20260826_2026-08-26-20-01-01,1787745911.189,2026-08-26 20:05:11.189,0.0,1
run_20260826_2026-08-26-20-01-01,1787745951.163,2026-08-26 20:05:51.163,0.0,1
run_20260826_2026-08-26-20-01-01,1787745951.965,2026-08-26 20:05:51.965,0.401,1
run_20260826_2026-08-26-20-01-01,1787745951.966,2026-08-26 20:05:51.966,0.001,1
run_20260826_2026-08-26-20-01-01,1787745993.336,2026-08-26 20:06:33.336,0.0,1
run_20260826_2026-08-26-20-01-01,1787745993.937,2026-08-26 20:06:33.937,0.401,1
run_20260826_2026-08-26-20-01-01,1787745994.339,2026-08-26 20:06:34.339,0.0,1
run_20260826_2026-08-26-20-01-01,1787745994.94,2026-08-26 20:06:34.940,0.401,1
run_20260826_2026-08-26-20-01-01,1787745995.144,2026-08-26 20:06:35.144,0.003,1
run_20260827_2026-08-27-18-54-23,1787828063.64,2026-08-27 18:54:23.640,0.0,1
run_20260827_2026-08-27-18-54-23,1787828064.041,2026-08-27 18:54:24.041,0.401,1
run_20260827_2026-08-27-18-54-23,1787828064.241,2026-08-27 18:54:24.241,0.0,1
run_20260827_2026-08-27-18-54-23,1787828064.643,2026-08-27 18:54:24.643,0.401,1
run_20260827_2026-08-27-18-54-23,1787828064.645,2026-08-27 18:54:24.645,0.002,1
run_20260827_2026-08-27-18-54-23,1787828117.641,2026-08-27 18:55:17.641,0.0,1
run_20260827_2026-08-27-18-54-23,1787828118.042,2026-08-27 18:55:18.042,0.401,1
run_20260827_2026-08-27-18-54-23,1787828118.643,2026-08-27 18:55:18.643,0.0,1
run_20260827_2026-08-27-18-54-23,1787828119.245,2026-08-27 18:55:19.245,0.401,1
run_20260827_2026-08-27-18-54-23,1787828119.446,2026-08-27 18:55:19.446,0.0,1
run_20260827_2026-08-27-18-54-23,1787828173.843,2026-08-27 18:56:13.843,0.0,1
run_20260827_2026-08-27-18-54-23,1787828174.243,2026-08-27 18:56:14.243,0.401,1
run_20260827_2026-08-27-18-54-23,1787828174.845,2026-08-27 18:56:14.845,0.0,1
run_20260827_2026-08-27-18-54-23,1787828175.246,2026-08-27 18:56:15.246,0.401,1
run_20260827_2026-08-27-18-54-23,1787828175.246,2026-08-27 18:56:15.246,0.0,1
run_20260827_2026-08-27-18-54-23,1787828176.652,2026-08-27 18:56:16.652,0.401,1
run_20260827_2026-08-27-18-54-23,1787828176.653,2026-08-27 18:56:16.653,0.001,1
run_20260827_2026-08-27-18-54-23,1787828232.648,2026-08-27 18:57:12.648,0.0,1
run_20260827_2026-08-27-18-54-23,1787828233.249,2026-08-27 18:57:13.249,0.401,1
run_20260827_2026-08-27-18-54-23,1787828233.45,2026-08-27 18:57:13.450,0.0,1
run_20260827_2026-08-27-18-54-23,1787828290.25,2026-08-27 18:58:10.250,0.0,1
run_20260827_2026-08-27-18-54-23,1787828291.253,2026-08-27 18:58:11.253,0.401,1
run_20260827_2026-08-27-18-54-23,1787828291.256,2026-08-27 18:58:11.256,0.003,1
run_20260827_2026-08-27-18-54-23,1787828345.249,2026-08-27 18:59:05.249,0.0,1
run_20260827_2026-08-27-18-54-23,1787828345.65,2026-08-27 18:59:05.650,0.401,1
run_20260827_2026-08-27-18-54-23,1787828346.453,2026-08-27 18:59:06.453,0.0,1
run_20260827_2026-08-27-18-54-23,1787828401.252,2026-08-27 19:00:01.252,0.0,1
run_20260827_2026-08-27-18-54-23,1787828401.653,2026-08-27 19:00:01.653,0.401,1
run_20260827_2026-08-27-18-54-23,1787828401.653,2026-08-27 19:00:01.653,0.0,1
run_20260827_2026-08-27-18-54-23,1787828402.257,2026-08-27 19:00:02.257,0.403,1
run_20260827_2026-08-27-18-54-23,1787828402.257,2026-08-27 19:00:02.257,0.0,1
run_20260827_2026-08-27-18-54-23,1787828458.856,2026-08-27 19:00:58.856,0.0,1
run_20260827_2026-08-27-18-54-23,1787828459.257,2026-08-27 19:00:59.257,0.401,1
run_20260827_2026-08-27-18-54-23,1787828459.258,2026-08-27 19:00:59.258,0.001,1
run_20260827_2026-08-27-18-54-23,1787828460.259,2026-08-27 19:01:00.259,0.4,1
run_20260827_2026-08-27-18-54-23,1787828460.26,2026-08-27 19:01:00.260,0.0,1
run_20260827_2026-08-27-18-54-23,1787828514.659,2026-08-27 19:01:54.659,0.0,1
run_20260827_2026-08-27-18-54-23,1787828515.259,2026-08-27 19:01:55.259,0.4,1
run_20260827_2026-08-27-18-54-23,1787828515.26,2026-08-27 19:01:55.260,0.0,1
run_20260827_2026-08-27-18-54-23,1787828569.857,2026-08-27 19:02:49.857,0.0,1
run_20260827_2026-08-27-18-54-23,1787828570.257,2026-08-27 19:02:50.257,0.401,1
run_20260827_2026-08-27-18-54-23,1787828570.659,2026-08-27 19:02:50.659,0.001,1
run_20260827_2026-08-27-18-54-23,1787828571.26,2026-08-27 19:02:51.260,0.401,1
run_20260827_2026-08-27-18-54-23,1787828571.26,2026-08-27 19:02:51.260,0.0,1
run_20260827_2026-08-27-18-54-23,1787828571.661,2026-08-27 19:02:51.661,0.401,1
run_20260827_2026-08-27-18-54-23,1787828571.662,2026-08-27 19:02:51.662,0.0,1
run_20260827_2026-08-27-18-54-23,1787828572.263,2026-08-27 19:02:52.263,0.401,1
run_20260827_2026-08-27-18-54-23,1787828572.263,2026-08-27 19:02:52.263,0.0,1
run_20260827_2026-08-27-18-54-23,1787828623.46,2026-08-27 19:03:43.460,0.0,1
run_20260827_2026-08-27-18-54-23,1787828624.061,2026-08-27 19:03:44.061,0.401,1
run_20260827_2026-08-27-18-54-23,1787828624.462,2026-08-27 19:03:44.462,0.0,1
run_20260827_2026-08-27-18-54-23,1787828625.264,2026-08-27 19:03:45.264,0.401,1
run_20260827_2026-08-27-18-54-23,1787828625.265,2026-08-27 19:03:45.265,0.001,1
run_20260827_2026-08-27-18-54-23,1787828677.858,2026-08-27 19:04:37.858,0.0,1
run_20260827_2026-08-27-18-54-23,1787828678.259,2026-08-27 19:04:38.259,0.401,1
run_20260827_2026-08-27-18-54-23,1787828678.662,2026-08-27 19:04:38.662,0.0,1
run_20260827_2026-08-27-18-54-23,1787828679.263,2026-08-27 19:04:39.263,0.401,1
run_20260827_2026-08-27-18-54-23,1787828679.263,2026-08-27 19:04:39.263,0.0,1
run_20260827_2026-08-27-18-54-23,1787828733.862,2026-08-27 19:05:33.862,0.0,1
run_20260827_2026-08-27-18-54-23,1787828734.262,2026-08-27 19:05:34.262,0.401,1
run_20260827_2026-08-27-18-54-23,1787828734.464,2026-08-27 19:05:34.464,0.0,1
run_20260827_2026-08-27-18-54-23,1787828790.662,2026-08-27 19:06:30.662,0.0,1
run_20260827_2026-08-27-18-54-23,1787828791.063,2026-08-27 19:06:31.063,0.401,1
run_20260827_2026-08-27-18-54-23,1787828791.465,2026-08-27 19:06:31.465,0.0,1
run_20260827_2026-08-27-18-54-23,1787828792.266,2026-08-27 19:06:32.266,0.401,1
run_20260827_2026-08-27-18-54-23,1787828792.268,2026-08-27 19:06:32.268,0.001,1
run_20260827_2026-08-27-18-54-23,1787828846.462,2026-08-27 19:07:26.462,0.001,1
run_20260827_2026-08-27-18-54-23,1787828846.863,2026-08-27 19:07:26.863,0.401,1
run_20260827_2026-08-27-18-54-23,1787828847.465,2026-08-27 19:07:27.465,0.001,1
run_20260827_2026-08-27-18-54-23,1787828848.267,2026-08-27 19:07:28.267,0.401,1
run_20260827_2026-08-27-18-54-23,1787828848.669,2026-08-27 19:07:28.669,0.0,1
run_20260827_2026-08-27-18-54-23,1787828900.663,2026-08-27 19:08:20.663,0.001,1
run_20260827_2026-08-27-18-54-23,1787828901.063,2026-08-27 19:08:21.063,0.401,1
run_20260827_2026-08-27-18-54-23,1787828901.867,2026-08-27 19:08:21.867,0.0,1
run_20260827_2026-08-27-18-54-23,1787828902.268,2026-08-27 19:08:22.268,0.401,1
run_20260827_2026-08-27-18-54-23,1787828902.268,2026-08-27 19:08:22.268,0.0,1
run_20260827_2026-08-27-18-54-23,1787828902.669,2026-08-27 19:08:22.669,0.401,1
run_20260827_2026-08-27-18-54-23,1787828902.67,2026-08-27 19:08:22.670,0.001,1
run_20260827_2026-08-27-18-54-23,1787828956.664,2026-08-27 19:09:16.664,0.0,1
run_20260827_2026-08-27-18-54-23,1787828957.266,2026-08-27 19:09:17.266,0.401,1
run_20260827_2026-08-27-18-54-23,1787828957.267,2026-08-27 19:09:17.267,0.0,1
run_20260827_2026-08-27-18-54-23,1787829010.463,2026-08-27 19:10:10.463,0.0,1
run_20260827_2026-08-27-18-54-23,1787829010.863,2026-08-27 19:10:10.863,0.401,1
run_20260827_2026-08-27-18-54-23,1787829011.265,2026-08-27 19:10:11.265,0.0,1
run_20260827_2026-08-27-18-54-23,1787829011.666,2026-08-27 19:10:11.666,0.401,1
run_20260827_2026-08-27-18-54-23,1787829011.666,2026-08-27 19:10:11.666,0.0,1
run_20260827_2026-08-27-18-54-23,1787829012.267,2026-08-27 19:10:12.267,0.401,1
run_20260827_2026-08-27-18-54-23,1787829012.268,2026-08-27 19:10:12.268,0.001,1
run_20260827_2026-08-27-18-54-23,1787829013.27,2026-08-27 19:10:13.270,0.401,1
run_20260827_2026-08-27-18-54-23,1787829013.271,2026-08-27 19:10:13.271,0.001,1
run_20260827_2026-08-27-18-54-23,1787829067.666,2026-08-27 19:11:07.666,0.0,1
run_20260827_2026-08-27-18-54-23,1787829068.267,2026-08-27 19:11:08.267,0.401,1
run_20260827_2026-08-27-18-54-23,1787829068.468,2026-08-27 19:11:08.468,0.001,1
run_20260827_2026-08-27-18-54-23,1787829123.867,2026-08-27 19:12:03.867,0.0,1
run_20260827_2026-08-27-18-54-23,1787829124.268,2026-08-27 19:12:04.268,0.401,1
run_20260827_2026-08-27-18-54-23,1787829124.469,2026-08-27 19:12:04.469,0.0,1
run_20260827_2026-08-27-18-54-23,1787829180.667,2026-08-27 19:13:00.667,0.0,1
run_20260827_2026-08-27-18-54-23,1787829181.271,2026-08-27 19:13:01.271,0.403,1
run_20260827_2026-08-27-18-54-23,1787829181.472,2026-08-27 19:13:01.472,0.0,1
run_20260827_2026-08-27-18-54-23,1787829183.678,2026-08-27 19:13:03.678,0.4,1
run_20260827_2026-08-27-18-54-23,1787829183.678,2026-08-27 19:13:03.678,0.0,1
run_20260827_2026-08-27-18-54-23,1787829236.47,2026-08-27 19:13:56.470,0.0,1
run_20260827_2026-08-27-18-54-23,1787829291.867,2026-08-27 19:14:51.867,0.0,1
run_20260827_2026-08-27-18-54-23,1787829292.268,2026-08-27 19:14:52.268,0.401,1
run_20260827_2026-08-27-18-54-23,1787829292.469,2026-08-27 19:14:52.469,0.0,1
run_20260827_2026-08-27-18-54-23,1787829293.271,2026-08-27 19:14:53.271,0.401,1
run_20260827_2026-08-27-18-54-23,1787829293.673,2026-08-27 19:14:53.673,0.0,1
run_20260827_2026-08-27-18-54-23,1787829347.468,2026-08-27 19:15:47.468,0.0,1
run_20260827_2026-08-27-18-54-23,1787829348.069,2026-08-27 19:15:48.069,0.401,1
run_20260827_2026-08-27-18-54-23,1787829348.471,2026-08-27 19:15:48.471,0.001,1
run_20260827_2026-08-27-18-54-23,1787829349.273,2026-08-27 19:15:49.273,0.401,1
run_20260827_2026-08-27-18-54-23,1787829349.273,2026-08-27 19:15:49.273,0.0,1
run_20260827_2026-08-27-18-54-23,1787829403.469,2026-08-27 19:16:43.469,0.0,1
run_20260827_2026-08-27-18-54-23,1787829404.272,2026-08-27 19:16:44.272,0.401,1
run_20260827_2026-08-27-18-54-23,1787829404.472,2026-08-27 19:16:44.472,0.0,1
run_20260827_2026-08-27-18-54-23,1787829460.872,2026-08-27 19:17:40.872,0.001,1
run_20260827_2026-08-27-18-54-23,1787829461.273,2026-08-27 19:17:41.273,0.401,1
run_20260827_2026-08-27-18-54-23,1787829461.473,2026-08-27 19:17:41.473,0.0,1
run_20260827_2026-08-27-18-54-23,1787829514.466,2026-08-27 19:18:34.466,0.0,1
run_20260827_2026-08-27-18-54-23,1787829514.866,2026-08-27 19:18:34.866,0.401,1
run_20260827_2026-08-27-18-54-23,1787829515.469,2026-08-27 19:18:35.469,0.0,1
run_20260827_2026-08-27-18-54-23,1787829516.272,2026-08-27 19:18:36.272,0.402,1
run_20260827_2026-08-27-18-54-23,1787829516.472,2026-08-27 19:18:36.472,0.0,1
run_20260827_2026-08-27-18-54-23,1787829517.274,2026-08-27 19:18:37.274,0.401,1
run_20260827_2026-08-27-18-54-23,1787829517.277,2026-08-27 19:18:37.277,0.003,1
run_20260827_2026-08-27-18-54-23,1787829571.471,2026-08-27 19:19:31.471,0.001,1
run_20260827_2026-08-27-18-54-23,1787829572.273,2026-08-27 19:19:32.273,0.401,1
run_20260827_2026-08-27-18-54-23,1787829572.477,2026-08-27 19:19:32.477,0.003,1
run_20260827_2026-08-27-18-54-23,1787829625.869,2026-08-27 19:20:25.869,0.0,1
run_20260827_2026-08-27-18-54-23,1787829626.27,2026-08-27 19:20:26.270,0.401,1
run_20260827_2026-08-27-18-54-23,1787829626.672,2026-08-27 19:20:26.672,0.001,1
run_20260827_2026-08-27-18-54-23,1787829627.273,2026-08-27 19:20:27.273,0.401,1
run_20260827_2026-08-27-18-54-23,1787829627.474,2026-08-27 19:20:27.474,0.0,1
run_20260827_2026-08-27-18-54-23,1787829682.67,2026-08-27 19:21:22.670,0.0,1
run_20260827_2026-08-27-18-54-23,1787829683.274,2026-08-27 19:21:23.274,0.403,1
run_20260827_2026-08-27-18-54-23,1787829683.475,2026-08-27 19:21:23.475,0.001,1
run_20260827_2026-08-27-18-54-23,1787829736.671,2026-08-27 19:22:16.671,0.0,1
run_20260827_2026-08-27-18-54-23,1787829737.272,2026-08-27 19:22:17.272,0.401,1
run_20260827_2026-08-27-18-54-23,1787829737.473,2026-08-27 19:22:17.473,0.0,1
run_20260827_2026-08-27-18-54-23,1787829738.679,2026-08-27 19:22:18.679,0.404,1
run_20260827_2026-08-27-18-54-23,1787829738.679,2026-08-27 19:22:18.679,0.0,1
run_20260827_2026-08-27-18-54-23,1787829790.865,2026-08-27 19:23:10.865,0.0,1
run_20260827_2026-08-27-18-54-23,1787829791.266,2026-08-27 19:23:11.266,0.401,1
run_20260827_2026-08-27-18-54-23,1787829791.467,2026-08-27 19:23:11.467,0.0,1
run_20260827_2026-08-27-18-54-23,1787829844.459,2026-08-27 19:24:04.459,0.0,1
run_20260827_2026-08-27-18-54-23,1787829845.061,2026-08-27 19:24:05.061,0.401,1
run_20260827_2026-08-27-18-54-23,1787829845.462,2026-08-27 19:24:05.462,0.0,1
run_20260827_2026-08-27-18-54-23,1787829847.268,2026-08-27 19:24:07.268,0.401,1
run_20260827_2026-08-27-18-54-23,1787829847.268,2026-08-27 19:24:07.268,0.0,1
run_20260827_2026-08-27-18-54-23,1787829899.459,2026-08-27 19:24:59.459,0.0,1
run_20260827_2026-08-27-18-54-23,1787829900.26,2026-08-27 19:25:00.260,0.401,1
run_20260827_2026-08-27-18-54-23,1787829900.461,2026-08-27 19:25:00.461,0.0,1
run_20260827_2026-08-27-18-54-23,1787829901.263,2026-08-27 19:25:01.263,0.401,1
run_20260827_2026-08-27-18-54-23,1787829901.463,2026-08-27 19:25:01.463,0.0,1
run_20260827_2026-08-27-18-54-23,1787829954.459,2026-08-27 19:25:54.459,0.0,1
run_20260827_2026-08-27-18-54-23,1787829955.261,2026-08-27 19:25:55.261,0.401,1
run_20260827_2026-08-27-18-54-23,1787829955.261,2026-08-27 19:25:55.261,0.001,1
run_20260827_2026-08-27-18-54-23,1787830008.653,2026-08-27 19:26:48.653,0.0,1
run_20260827_2026-08-27-18-54-23,1787830009.254,2026-08-27 19:26:49.254,0.401,1
run_20260827_2026-08-27-18-54-23,1787830009.458,2026-08-27 19:26:49.458,0.002,1
run_20260827_2026-08-27-18-54-23,1787830063.652,2026-08-27 19:27:43.652,0.001,1
run_20260827_2026-08-27-18-54-23,1787830064.253,2026-08-27 19:27:44.253,0.401,1
run_20260827_2026-08-27-18-54-23,1787830064.454,2026-08-27 19:27:44.454,0.0,1
run_20260827_2026-08-27-18-54-23,1787830118.45,2026-08-27 19:28:38.450,0.0,1
run_20260827_2026-08-27-18-54-23,1787830119.252,2026-08-27 19:28:39.252,0.401,1
run_20260827_2026-08-27-18-54-23,1787830119.453,2026-08-27 19:28:39.453,0.0,1
run_20260827_2026-08-27-18-54-23,1787830172.445,2026-08-27 19:29:32.445,0.0,1
run_20260827_2026-08-27-18-54-23,1787830173.247,2026-08-27 19:29:33.247,0.4,1
run_20260827_2026-08-27-18-54-23,1787830173.449,2026-08-27 19:29:33.449,0.0,1
run_20260827_2026-08-27-18-54-23,1787830174.25,2026-08-27 19:29:34.250,0.401,1
run_20260827_2026-08-27-18-54-23,1787830174.452,2026-08-27 19:29:34.452,0.0,1
run_20260827_2026-08-27-18-54-23,1787830227.445,2026-08-27 19:30:27.445,0.001,1
run_20260827_2026-08-27-18-54-23,1787830228.247,2026-08-27 19:30:28.247,0.401,1
run_20260827_2026-08-27-18-54-23,1787830228.247,2026-08-27 19:30:28.247,0.0,1
run_20260827_2026-08-27-18-54-23,1787830281.642,2026-08-27 19:31:21.642,0.001,1
run_20260827_2026-08-27-18-54-23,1787830282.243,2026-08-27 19:31:22.243,0.401,1
run_20260827_2026-08-27-18-54-23,1787830282.443,2026-08-27 19:31:22.443,0.0,1
run_20260828_2026-08-28-10-16-47,1787883407.686,2026-08-28 10:16:47.686,0.0,1
run_20260828_2026-08-28-10-16-47,1787883408.287,2026-08-28 10:16:48.287,0.401,1
run_20260828_2026-08-28-10-16-47,1787883408.288,2026-08-28 10:16:48.288,0.001,1
run_20260828_2026-08-28-10-16-47,1787883409.29,2026-08-28 10:16:49.290,0.401,1
run_20260828_2026-08-28-10-16-47,1787883409.293,2026-08-28 10:16:49.293,0.003,1
run_20260828_2026-08-28-10-16-47,1787883464.686,2026-08-28 10:17:44.686,0.0,1
run_20260828_2026-08-28-10-16-47,1787883465.288,2026-08-28 10:17:45.288,0.401,1
run_20260828_2026-08-28-10-16-47,1787883465.288,2026-08-28 10:17:45.288,0.0,1
run_20260828_2026-08-28-10-16-47,1787883465.689,2026-08-28 10:17:45.689,0.401,1
run_20260828_2026-08-28-10-16-47,1787883465.689,2026-08-28 10:17:45.689,0.001,1
run_20260828_2026-08-28-10-16-47,1787883466.291,2026-08-28 10:17:46.291,0.401,1
run_20260828_2026-08-28-10-16-47,1787883466.291,2026-08-28 10:17:46.291,0.0,1
run_20260828_2026-08-28-10-16-47,1787883520.692,2026-08-28 10:18:40.692,0.001,1
run_20260828_2026-08-28-10-16-47,1787883521.293,2026-08-28 10:18:41.293,0.401,1
run_20260828_2026-08-28-10-16-47,1787883521.293,2026-08-28 10:18:41.293,0.0,1
run_20260828_2026-08-28-10-16-47,1787883523.299,2026-08-28 10:18:43.299,0.401,1
run_20260828_2026-08-28-10-16-47,1787883523.299,2026-08-28 10:18:43.299,0.0,1
run_20260828_2026-08-28-10-16-47,1787883575.494,2026-08-28 10:19:35.494,0.0,1
run_20260828_2026-08-28-10-16-47,1787883576.295,2026-08-28 10:19:36.295,0.401,1
run_20260828_2026-08-28-10-16-47,1787883576.296,2026-08-28 10:19:36.296,0.001,1
run_20260828_2026-08-28-10-16-47,1787883630.495,2026-08-28 10:20:30.495,0.002,1
run_20260828_2026-08-28-10-16-47,1787883631.297,2026-08-28 10:20:31.297,0.401,1
run_20260828_2026-08-28-10-16-47,1787883631.498,2026-08-28 10:20:31.498,0.001,1
run_20260828_2026-08-28-10-16-47,1787883685.696,2026-08-28 10:21:25.696,0.002,1
run_20260828_2026-08-28-10-16-47,1787883686.097,2026-08-28 10:21:26.097,0.401,1
run_20260828_2026-08-28-10-16-47,1787883686.498,2026-08-28 10:21:26.498,0.0,1
run_20260828_2026-08-28-10-16-47,1787883741.698,2026-08-28 10:22:21.698,0.0,1
run_20260828_2026-08-28-10-16-47,1787883742.3,2026-08-28 10:22:22.300,0.401,1
run_20260828_2026-08-28-10-16-47,1787883742.701,2026-08-28 10:22:22.701,0.0,1
run_20260828_2026-08-28-10-16-47,1787883796.496,2026-08-28 10:23:16.496,0.0,1
run_20260828_2026-08-28-10-16-47,1787883797.297,2026-08-28 10:23:17.297,0.401,1
run_20260828_2026-08-28-10-16-47,1787883797.499,2026-08-28 10:23:17.499,0.0,1
run_20260828_2026-08-28-10-16-47,1787883798.301,2026-08-28 10:23:18.301,0.401,1
run_20260828_2026-08-28-10-16-47,1787883798.501,2026-08-28 10:23:18.501,0.0,1
run_20260828_2026-08-28-10-16-47,1787883851.698,2026-08-28 10:24:11.698,0.0,1
run_20260828_2026-08-28-10-16-47,1787883852.299,2026-08-28 10:24:12.299,0.401,1
run_20260828_2026-08-28-10-16-47,1787883852.299,2026-08-28 10:24:12.299,0.0,1
run_20260828_2026-08-28-10-16-47,1787883853.302,2026-08-28 10:24:13.302,0.401,1
run_20260828_2026-08-28-10-16-47,1787883853.302,2026-08-28 10:24:13.302,0.0,1
run_20260828_2026-08-28-10-16-47,1787883904.692,2026-08-28 10:25:04.692,0.0,1
run_20260828_2026-08-28-10-16-47,1787883905.092,2026-08-28 10:25:05.092,0.401,1
run_20260828_2026-08-28-10-16-47,1787883905.694,2026-08-28 10:25:05.694,0.0,1
run_20260828_2026-08-28-10-16-47,1787883906.295,2026-08-28 10:25:06.295,0.4,1
run_20260828_2026-08-28-10-16-47,1787883906.495,2026-08-28 10:25:06.495,0.0,1
run_20260828_2026-08-28-10-16-47,1787883963.699,2026-08-28 10:26:03.699,0.0,1
run_20260828_2026-08-28-10-16-47,1787883964.3,2026-08-28 10:26:04.300,0.401,1
run_20260828_2026-08-28-10-16-47,1787883964.501,2026-08-28 10:26:04.501,0.0,1
run_20260828_2026-08-28-10-16-47,1787883970.32,2026-08-28 10:26:10.320,0.401,1
run_20260828_2026-08-28-10-16-47,1787883970.32,2026-08-28 10:26:10.320,0.0,1
run_20260828_2026-08-28-10-16-47,1787884020.7,2026-08-28 10:27:00.700,0.0,1
run_20260828_2026-08-28-10-16-47,1787884021.301,2026-08-28 10:27:01.301,0.401,1
run_20260828_2026-08-28-10-16-47,1787884021.503,2026-08-28 10:27:01.503,0.0,1
run_20260828_2026-08-28-10-16-47,1787884022.304,2026-08-28 10:27:02.304,0.401,1
run_20260828_2026-08-28-10-16-47,1787884022.508,2026-08-28 10:27:02.508,0.001,1
run_20260828_2026-08-28-10-16-47,1787884024.513,2026-08-28 10:27:04.513,0.401,1
run_20260828_2026-08-28-10-16-47,1787884024.514,2026-08-28 10:27:04.514,0.001,1
run_20260828_2026-08-28-10-16-47,1787884074.701,2026-08-28 10:27:54.701,0.001,1
run_20260828_2026-08-28-10-16-47,1787884075.302,2026-08-28 10:27:55.302,0.401,1
run_20260828_2026-08-28-10-16-47,1787884075.303,2026-08-28 10:27:55.303,0.0,1
run_20260828_2026-08-28-10-16-47,1787884130.7,2026-08-28 10:28:50.700,0.0,1
run_20260828_2026-08-28-10-16-47,1787884131.302,2026-08-28 10:28:51.302,0.401,1
run_20260828_2026-08-28-10-16-47,1787884131.302,2026-08-28 10:28:51.302,0.0,1
run_20260828_2026-08-28-10-16-47,1787884132.305,2026-08-28 10:28:52.305,0.401,1
run_20260828_2026-08-28-10-16-47,1787884132.305,2026-08-28 10:28:52.305,0.0,1
run_20260828_2026-08-28-10-16-47,1787884184.499,2026-08-28 10:29:44.499,0.0,1
run_20260828_2026-08-28-10-16-47,1787884185.1,2026-08-28 10:29:45.100,0.401,1
run_20260828_2026-08-28-10-16-47,1787884185.502,2026-08-28 10:29:45.502,0.0,1
run_20260828_2026-08-28-10-16-47,1787884186.305,2026-08-28 10:29:46.305,0.402,1
run_20260828_2026-08-28-10-16-47,1787884186.305,2026-08-28 10:29:46.305,0.0,1
run_20260828_2026-08-28-10-16-47,1787884241.904,2026-08-28 10:30:41.904,0.0,1
run_20260828_2026-08-28-10-16-47,1787884242.304,2026-08-28 10:30:42.304,0.401,1
run_20260828_2026-08-28-10-16-47,1787884242.706,2026-08-28 10:30:42.706,0.0,1
run_20260828_2026-08-28-10-16-47,1787884243.107,2026-08-28 10:30:43.107,0.401,1
run_20260828_2026-08-28-10-16-47,1787884243.308,2026-08-28 10:30:43.308,0.0,1
run_20260828_2026-08-28-10-16-47,1787884244.112,2026-08-28 10:30:44.112,0.4,1
run_20260828_2026-08-28-10-16-47,1787884244.313,2026-08-28 10:30:44.313,0.0,1
run_20260828_2026-08-28-10-16-47,1787884297.707,2026-08-28 10:31:37.707,0.001,1
run_20260828_2026-08-28-10-16-47,1787884298.308,2026-08-28 10:31:38.308,0.401,1
run_20260828_2026-08-28-10-16-47,1787884298.509,2026-08-28 10:31:38.509,0.0,1
run_20260828_2026-08-28-10-16-47,1787884300.316,2026-08-28 10:31:40.316,0.401,1
run_20260828_2026-08-28-10-16-47,1787884300.316,2026-08-28 10:31:40.316,0.001,1
run_20260828_2026-08-28-10-16-47,1787884350.699,2026-08-28 10:32:30.699,0.0,1
run_20260828_2026-08-28-10-16-47,1787884351.1,2026-08-28 10:32:31.100,0.401,1
run_20260828_2026-08-28-10-16-47,1787884351.903,2026-08-28 10:32:31.903,0.0,1
run_20260828_2026-08-28-10-16-47,1787884352.304,2026-08-28 10:32:32.304,0.401,1
run_20260828_2026-08-28-10-16-47,1787884352.505,2026-08-28 10:32:32.505,0.0,1
run_20260828_2026-08-28-10-16-47,1787884354.31,2026-08-28 10:32:34.310,0.401,1
run_20260828_2026-08-28-10-16-47,1787884354.313,2026-08-28 10:32:34.313,0.003,1
run_20260828_2026-08-28-10-16-47,1787884407.702,2026-08-28 10:33:27.702,0.0,1
run_20260828_2026-08-28-10-16-47,1787884408.303,2026-08-28 10:33:28.303,0.401,1
run_20260828_2026-08-28-10-16-47,1787884408.705,2026-08-28 10:33:28.705,0.0,1
run_20260828_2026-08-28-10-16-47,1787884409.106,2026-08-28 10:33:29.106,0.401,1
run_20260828_2026-08-28-10-16-47,1787884409.711,2026-08-28 10:33:29.711,0.0,1
run_20260828_2026-08-28-10-16-47,1787884464.707,2026-08-28 10:34:24.707,0.003,1
run_20260828_2026-08-28-10-16-47,1787884520.506,2026-08-28 10:35:20.506,0.0,1
run_20260828_2026-08-28-10-16-47,1787884575.703,2026-08-28 10:36:15.703,0.0,1
run_20260828_2026-08-28-10-16-47,1787884576.304,2026-08-28 10:36:16.304,0.401,1
run_20260828_2026-08-28-10-16-47,1787884576.706,2026-08-28 10:36:16.706,0.0,1
run_20260828_2026-08-28-10-16-47,1787884633.303,2026-08-28 10:37:13.303,0.0,1
run_20260828_2026-08-28-10-16-47,1787884633.704,2026-08-28 10:37:13.704,0.401,1
run_20260828_2026-08-28-10-16-47,1787884633.705,2026-08-28 10:37:13.705,0.001,1
run_20260828_2026-08-28-10-16-47,1787884634.306,2026-08-28 10:37:14.306,0.401,1
run_20260828_2026-08-28-10-16-47,1787884634.506,2026-08-28 10:37:14.506,0.0,1
run_20260828_2026-08-28-10-16-47,1787884690.705,2026-08-28 10:38:10.705,0.0,1
run_20260828_2026-08-28-10-16-47,1787884691.105,2026-08-28 10:38:11.105,0.4,1
run_20260828_2026-08-28-10-16-47,1787884691.51,2026-08-28 10:38:11.510,0.0,1
run_20260828_2026-08-28-10-16-47,1787884694.718,2026-08-28 10:38:14.718,0.401,1
run_20260828_2026-08-28-10-16-47,1787884694.718,2026-08-28 10:38:14.718,0.0,1
run_20260828_2026-08-28-10-16-47,1787884747.508,2026-08-28 10:39:07.508,0.0,1
run_20260828_2026-08-28-10-16-47,1787884748.31,2026-08-28 10:39:08.310,0.401,1
run_20260828_2026-08-28-10-16-47,1787884748.511,2026-08-28 10:39:08.511,0.0,1
run_20260828_2026-08-28-10-16-47,1787884749.714,2026-08-28 10:39:09.714,0.401,1
run_20260828_2026-08-28-10-16-47,1787884749.714,2026-08-28 10:39:09.714,0.0,1
run_20260828_2026-08-28-10-16-47,1787884801.705,2026-08-28 10:40:01.705,0.0,1
run_20260828_2026-08-28-10-16-47,1787884802.306,2026-08-28 10:40:02.306,0.401,1
run_20260828_2026-08-28-10-16-47,1787884802.508,2026-08-28 10:40:02.508,0.001,1
run_20260828_2026-08-28-10-16-47,1787884856.907,2026-08-28 10:40:56.907,0.0,1
run_20260828_2026-08-28-10-16-47,1787884857.307,2026-08-28 10:40:57.307,0.401,1
run_20260828_2026-08-28-10-16-47,1787884857.509,2026-08-28 10:40:57.509,0.001,1
run_20260828_2026-08-28-10-16-47,1787884858.312,2026-08-28 10:40:58.312,0.401,1
run_20260828_2026-08-28-10-16-47,1787884858.312,2026-08-28 10:40:58.312,0.0,1
run_20260828_2026-08-28-10-16-47,1787884910.506,2026-08-28 10:41:50.506,0.0,1
run_20260828_2026-08-28-10-16-47,1787884911.308,2026-08-28 10:41:51.308,0.401,1
run_20260828_2026-08-28-10-16-47,1787884911.308,2026-08-28 10:41:51.308,0.0,1
run_20260828_2026-08-28-10-16-47,1787884969.712,2026-08-28 10:42:49.712,0.0,1
run_20260828_2026-08-28-10-16-47,1787884970.312,2026-08-28 10:42:50.312,0.4,1
run_20260828_2026-08-28-10-16-47,1787884970.513,2026-08-28 10:42:50.513,0.0,1
run_20260828_2026-08-28-10-16-47,1787884971.315,2026-08-28 10:42:51.315,0.401,1
run_20260828_2026-08-28-10-16-47,1787884971.516,2026-08-28 10:42:51.516,0.0,1
run_20260828_2026-08-28-10-16-47,1787884972.518,2026-08-28 10:42:52.518,0.401,1
run_20260828_2026-08-28-10-16-47,1787884972.521,2026-08-28 10:42:52.521,0.003,1
run_20260828_2026-08-28-10-16-47,1787885025.909,2026-08-28 10:43:45.909,0.0,1
run_20260828_2026-08-28-10-16-47,1787885026.31,2026-08-28 10:43:46.310,0.401,1
run_20260828_2026-08-28-10-16-47,1787885026.31,2026-08-28 10:43:46.310,0.0,1
run_20260828_2026-08-28-10-16-47,1787885080.506,2026-08-28 10:44:40.506,0.0,1
run_20260828_2026-08-28-10-16-47,1787885081.309,2026-08-28 10:44:41.309,0.401,1
run_20260828_2026-08-28-10-16-47,1787885081.509,2026-08-28 10:44:41.509,0.0,1
run_20260828_2026-08-28-10-16-47,1787885133.908,2026-08-28 10:45:33.908,0.0,1
run_20260828_2026-08-28-10-16-47,1787885134.309,2026-08-28 10:45:34.309,0.401,1
run_20260828_2026-08-28-10-16-47,1787885134.31,2026-08-28 10:45:34.310,0.001,1
run_20260828_2026-08-28-10-16-47,1787885135.313,2026-08-28 10:45:35.313,0.401,1
run_20260828_2026-08-28-10-16-47,1787885135.314,2026-08-28 10:45:35.314,0.001,1
run_20260828_2026-08-28-10-16-47,1787885183.709,2026-08-28 10:46:23.709,0.0,1
run_20260828_2026-08-28-10-16-47,1787885238.315,2026-08-28 10:47:18.315,0.0,1
run_20260828_2026-08-28-10-16-47,1787885238.716,2026-08-28 10:47:18.716,0.401,1
run_20260828_2026-08-28-10-16-47,1787885238.919,2026-08-28 10:47:18.919,0.0,1
run_20260828_2026-08-28-10-16-47,1787885290.709,2026-08-28 10:48:10.709,0.0,1
run_20260828_2026-08-28-10-16-47,1787885291.11,2026-08-28 10:48:11.110,0.401,1
run_20260828_2026-08-28-10-16-47,1787885291.512,2026-08-28 10:48:11.512,0.0,1
run_20260828_2026-08-28-10-16-47,1787885292.113,2026-08-28 10:48:12.113,0.4,1
run_20260828_2026-08-28-10-16-47,1787885292.514,2026-08-28 10:48:12.514,0.0,1
run_20260828_2026-08-28-10-16-47,1787885292.915,2026-08-28 10:48:12.915,0.4,1
run_20260828_2026-08-28-10-16-47,1787885292.915,2026-08-28 10:48:12.915,0.0,1
run_20260828_2026-08-28-10-16-47,1787885293.316,2026-08-28 10:48:13.316,0.401,1
run_20260828_2026-08-28-10-16-47,1787885293.517,2026-08-28 10:48:13.517,0.0,1
run_20260828_2026-08-28-10-16-47,1787885294.519,2026-08-28 10:48:14.519,0.4,1
run_20260828_2026-08-28-10-16-47,1787885294.522,2026-08-28 10:48:14.522,0.003,1
run_20260828_2026-08-28-10-16-47,1787885346.911,2026-08-28 10:49:06.911,0.0,1
run_20260828_2026-08-28-10-16-47,1787885347.311,2026-08-28 10:49:07.311,0.401,1
run_20260828_2026-08-28-10-16-47,1787885347.511,2026-08-28 10:49:07.511,0.0,1
run_20260828_2026-08-28-10-16-47,1787885348.314,2026-08-28 10:49:08.314,0.401,1
run_20260828_2026-08-28-10-16-47,1787885348.514,2026-08-28 10:49:08.514,0.0,1
run_20260828_2026-08-28-10-16-47,1787885402.907,2026-08-28 10:50:02.907,0.001,1
run_20260828_2026-08-28-10-16-47,1787885403.308,2026-08-28 10:50:03.308,0.401,1
run_20260828_2026-08-28-10-16-47,1787885403.509,2026-08-28 10:50:03.509,0.0,1
run_20260828_2026-08-28-10-16-47,1787885404.312,2026-08-28 10:50:04.312,0.401,1
run_20260828_2026-08-28-10-16-47,1787885404.312,2026-08-28 10:50:04.312,0.0,1
run_20260828_2026-08-28-10-16-47,1787885454.707,2026-08-28 10:50:54.707,0.0,1
run_20260828_2026-08-28-10-16-47,1787885455.309,2026-08-28 10:50:55.309,0.401,1
run_20260828_2026-08-28-10-16-47,1787885455.512,2026-08-28 10:50:55.512,0.0,1
run_20260828_2026-08-28-10-16-47,1787885504.909,2026-08-28 10:51:44.909,0.0,1
run_20260828_2026-08-28-10-16-47,1787885505.31,2026-08-28 10:51:45.310,0.401,1
run_20260828_2026-08-28-10-16-47,1787885505.311,2026-08-28 10:51:45.311,0.0,1
run_20260828_2026-08-28-10-16-47,1787885556.913,2026-08-28 10:52:36.913,0.0,1
run_20260828_2026-08-28-10-16-47,1787885557.313,2026-08-28 10:52:37.313,0.4,1
run_20260828_2026-08-28-10-16-47,1787885557.915,2026-08-28 10:52:37.915,0.0,1
run_20260828_2026-08-28-10-16-47,1787885558.316,2026-08-28 10:52:38.316,0.401,1
run_20260828_2026-08-28-10-16-47,1787885558.517,2026-08-28 10:52:38.517,0.0,1
run_20260828_2026-08-28-10-16-47,1787885611.709,2026-08-28 10:53:31.709,0.0,1
run_20260828_2026-08-28-10-16-47,1787885612.109,2026-08-28 10:53:32.109,0.401,1
run_20260828_2026-08-28-10-16-47,1787885612.311,2026-08-28 10:53:32.311,0.0,1
run_20260828_2026-08-28-10-16-47,1787885613.313,2026-08-28 10:53:33.313,0.401,1
run_20260828_2026-08-28-10-16-47,1787885613.313,2026-08-28 10:53:33.313,0.0,1
run_20260828_2026-08-28-10-16-47,1787885614.716,2026-08-28 10:53:34.716,0.401,1
run_20260828_2026-08-28-10-16-47,1787885614.717,2026-08-28 10:53:34.717,0.0,1
run_20260828_2026-08-28-10-16-47,1787885668.51,2026-08-28 10:54:28.510,0.001,1
run_20260828_2026-08-28-10-16-47,1787885669.311,2026-08-28 10:54:29.311,0.4,1
run_20260828_2026-08-28-10-16-47,1787885669.312,2026-08-28 10:54:29.312,0.0,1
run_20260828_2026-08-28-10-16-47,1787885671.317,2026-08-28 10:54:31.317,0.401,1
run_20260828_2026-08-28-10-16-47,1787885671.317,2026-08-28 10:54:31.317,0.0,1
run_20260828_2026-08-28-10-16-47,1787885725.71,2026-08-28 10:55:25.710,0.001,1
run_20260828_2026-08-28-10-16-47,1787885726.311,2026-08-28 10:55:26.311,0.401,1
run_20260828_2026-08-28-10-16-47,1787885726.512,2026-08-28 10:55:26.512,0.0,1
run_20260828_2026-08-28-10-16-47,1787885727.316,2026-08-28 10:55:27.316,0.401,1
run_20260828_2026-08-28-10-16-47,1787885727.316,2026-08-28 10:55:27.316,0.0,1
run_20260828_2026-08-28-10-16-47,1787885782.513,2026-08-28 10:56:22.513,0.0,1
run_20260828_2026-08-28-10-16-47,1787885783.315,2026-08-28 10:56:23.315,0.401,1
run_20260828_2026-08-28-10-16-47,1787885783.516,2026-08-28 10:56:23.516,0.0,1
run_20260828_2026-08-28-10-16-47,1787885840.717,2026-08-28 10:57:20.717,0.0,1
run_20260828_2026-08-28-10-16-47,1787885841.118,2026-08-28 10:57:21.118,0.401,1
run_20260828_2026-08-28-10-16-47,1787885841.519,2026-08-28 10:57:21.519,0.0,1
run_20260828_2026-08-28-10-16-47,1787885842.321,2026-08-28 10:57:22.321,0.401,1
run_20260828_2026-08-28-10-16-47,1787885842.525,2026-08-28 10:57:22.525,0.0,1
run_20260828_2026-08-28-10-16-47,1787885892.712,2026-08-28 10:58:12.712,0.0,1
run_20260828_2026-08-28-10-16-47,1787885893.313,2026-08-28 10:58:13.313,0.4,1
run_20260828_2026-08-28-10-16-47,1787885893.514,2026-08-28 10:58:13.514,0.001,1
run_20260828_2026-08-28-10-16-47,1787885893.914,2026-08-28 10:58:13.914,0.401,1
run_20260828_2026-08-28-10-16-47,1787885893.914,2026-08-28 10:58:13.914,0.0,1
run_20260828_2026-08-28-10-16-47,1787885894.315,2026-08-28 10:58:14.315,0.401,1
run_20260828_2026-08-28-10-16-47,1787885894.516,2026-08-28 10:58:14.516,0.0,1
run_20260828_2026-08-28-10-16-47,1787885895.318,2026-08-28 10:58:15.318,0.401,1
run_20260828_2026-08-28-10-16-47,1787885895.318,2026-08-28 10:58:15.318,0.0,1
run_20260828_2026-08-28-10-16-47,1787885897.324,2026-08-28 10:58:17.324,0.401,1
run_20260828_2026-08-28-10-16-47,1787885897.324,2026-08-28 10:58:17.324,0.0,1
run_20260828_2026-08-28-10-16-47,1787885950.717,2026-08-28 10:59:10.717,0.001,1
run_20260828_2026-08-28-10-16-47,1787885951.318,2026-08-28 10:59:11.318,0.401,1
run_20260828_2026-08-28-10-16-47,1787885951.72,2026-08-28 10:59:11.720,0.001,1
run_20260828_2026-08-28-10-16-47,1787885952.321,2026-08-28 10:59:12.321,0.401,1
run_20260828_2026-08-28-10-16-47,1787885952.522,2026-08-28 10:59:12.522,0.0,1
run_20260828_2026-08-28-10-16-47,1787886007.719,2026-08-28 11:00:07.719,0.0,1
run_20260828_2026-08-28-10-16-47,1787886008.323,2026-08-28 11:00:08.323,0.403,1
run_20260828_2026-08-28-10-16-47,1787886008.524,2026-08-28 11:00:08.524,0.0,1
run_20260828_2026-08-28-10-16-47,1787886062.719,2026-08-28 11:01:02.719,0.0,1
run_20260828_2026-08-28-10-16-47,1787886063.32,2026-08-28 11:01:03.320,0.401,1
run_20260828_2026-08-28-10-16-47,1787886063.524,2026-08-28 11:01:03.524,0.0,1
run_20260828_2026-08-28-10-16-47,1787886064.326,2026-08-28 11:01:04.326,0.402,1
run_20260828_2026-08-28-10-16-47,1787886064.327,2026-08-28 11:01:04.327,0.0,1
run_20260828_2026-08-28-10-16-47,1787886117.516,2026-08-28 11:01:57.516,0.0,1
run_20260828_2026-08-28-10-16-47,1787886118.318,2026-08-28 11:01:58.318,0.4,1
run_20260828_2026-08-28-10-16-47,1787886118.522,2026-08-28 11:01:58.522,0.004,1
run_20260828_2026-08-28-10-16-47,1787886171.911,2026-08-28 11:02:51.911,0.0,1
run_20260828_2026-08-28-10-16-47,1787886172.312,2026-08-28 11:02:52.312,0.401,1
run_20260828_2026-08-28-10-16-47,1787886172.512,2026-08-28 11:02:52.512,0.0,1
run_20260828_2026-08-28-10-16-47,1787886173.314,2026-08-28 11:02:53.314,0.401,1
run_20260828_2026-08-28-10-16-47,1787886173.314,2026-08-28 11:02:53.314,0.0,1
run_20260828_2026-08-28-10-16-47,1787886224.513,2026-08-28 11:03:44.513,0.0,1
run_20260828_2026-08-28-10-16-47,1787886274.506,2026-08-28 11:04:34.506,0.0,1
run_20260828_2026-08-28-10-16-47,1787886275.307,2026-08-28 11:04:35.307,0.401,1
run_20260828_2026-08-28-10-16-47,1787886275.509,2026-08-28 11:04:35.509,0.0,1
run_20260828_2026-08-28-10-16-47,1787886324.705,2026-08-28 11:05:24.705,0.0,1
run_20260828_2026-08-28-10-16-47,1787886325.306,2026-08-28 11:05:25.306,0.401,1
run_20260828_2026-08-28-10-16-47,1787886325.307,2026-08-28 11:05:25.307,0.0,1
run_20260828_2026-08-28-10-16-47,1787886375.502,2026-08-28 11:06:15.502,0.0,1
run_20260828_2026-08-28-10-16-47,1787886376.304,2026-08-28 11:06:16.304,0.401,1
run_20260828_2026-08-28-10-16-47,1787886376.506,2026-08-28 11:06:16.506,0.001,1
run_20260828_2026-08-28-10-16-47,1787886425.498,2026-08-28 11:07:05.498,0.0,1
run_20260828_2026-08-28-10-16-47,1787886425.899,2026-08-28 11:07:05.899,0.401,1
run_20260828_2026-08-28-10-16-47,1787886426.702,2026-08-28 11:07:06.702,0.0,1
run_20260828_2026-08-28-10-16-47,1787886427.304,2026-08-28 11:07:07.304,0.402,1
run_20260828_2026-08-28-10-16-47,1787886427.505,2026-08-28 11:07:07.505,0.0,1
run_20260828_2026-08-28-10-16-47,1787886428.508,2026-08-28 11:07:08.508,0.401,1
run_20260828_2026-08-28-10-16-47,1787886428.508,2026-08-28 11:07:08.508,0.0,1
run_20260828_2026-08-28-10-16-47,1787886476.496,2026-08-28 11:07:56.496,0.0,1
run_20260828_2026-08-28-10-16-47,1787886477.098,2026-08-28 11:07:57.098,0.401,1
run_20260828_2026-08-28-10-16-47,1787886477.299,2026-08-28 11:07:57.299,0.0,1
run_20260828_2026-08-28-10-16-47,1787886526.494,2026-08-28 11:08:46.494,0.0,1
run_20260828_2026-08-28-10-16-47,1787886527.296,2026-08-28 11:08:47.296,0.401,1
run_20260828_2026-08-28-10-16-47,1787886527.497,2026-08-28 11:08:47.497,0.0,1
run_20260828_2026-08-28-10-16-47,1787886577.495,2026-08-28 11:09:37.495,0.001,1
run_20260828_2026-08-28-10-16-47,1787886578.497,2026-08-28 11:09:38.497,0.401,1
run_20260828_2026-08-28-10-16-47,1787886578.498,2026-08-28 11:09:38.498,0.001,1
run_20260828_2026-08-28-10-16-47,1787886626.489,2026-08-28 11:10:26.489,0.0,1
run_20260828_2026-08-28-10-16-47,1787886627.091,2026-08-28 11:10:27.091,0.401,1
run_20260828_2026-08-28-10-16-47,1787886627.493,2026-08-28 11:10:27.493,0.0,1
run_20260828_2026-08-28-10-16-47,1787886628.295,2026-08-28 11:10:28.295,0.401,1
run_20260828_2026-08-28-10-16-47,1787886628.496,2026-08-28 11:10:28.496,0.0,1
run_20260828_2026-08-28-10-16-47,1787886629.299,2026-08-28 11:10:29.299,0.401,1
run_20260828_2026-08-28-10-16-47,1787886629.299,2026-08-28 11:10:29.299,0.0,1
run_20260828_2026-08-28-10-16-47,1787886676.687,2026-08-28 11:11:16.687,0.0,1
run_20260828_2026-08-28-10-16-47,1787886677.088,2026-08-28 11:11:17.088,0.401,1
run_20260828_2026-08-28-10-16-47,1787886677.49,2026-08-28 11:11:17.490,0.0,1
run_20260828_2026-08-28-10-16-47,1787886679.296,2026-08-28 11:11:19.296,0.402,1
run_20260828_2026-08-28-10-16-47,1787886679.296,2026-08-28 11:11:19.296,0.0,1
run_20260828_2026-08-28-10-16-47,1787886728.693,2026-08-28 11:12:08.693,0.0,1
run_20260828_2026-08-28-10-16-47,1787886729.294,2026-08-28 11:12:09.294,0.401,1
run_20260828_2026-08-28-10-16-47,1787886729.294,2026-08-28 11:12:09.294,0.0,1
run_20260828_2026-08-28-10-16-47,1787886777.687,2026-08-28 11:12:57.687,0.001,1
run_20260828_2026-08-28-10-16-47,1787886778.288,2026-08-28 11:12:58.288,0.401,1
run_20260828_2026-08-28-10-16-47,1787886778.489,2026-08-28 11:12:58.489,0.0,1
run_20260828_2026-08-28-10-16-47,1787886827.885,2026-08-28 11:13:47.885,0.001,1
run_20260828_2026-08-28-10-16-47,1787886828.286,2026-08-28 11:13:48.286,0.401,1
run_20260828_2026-08-28-10-16-47,1787886828.487,2026-08-28 11:13:48.487,0.0,1
run_20260828_2026-08-28-10-16-47,1787886829.289,2026-08-28 11:13:49.289,0.402,1
run_20260828_2026-08-28-10-16-47,1787886829.289,2026-08-28 11:13:49.289,0.0,1
run_20260828_2026-08-28-10-16-47,1787886878.485,2026-08-28 11:14:38.485,0.0,1
run_20260828_2026-08-28-10-16-47,1787886879.287,2026-08-28 11:14:39.287,0.401,1
run_20260828_2026-08-28-10-16-47,1787886879.689,2026-08-28 11:14:39.689,0.0,1
run_20260828_2026-08-28-10-16-47,1787886880.291,2026-08-28 11:14:40.291,0.401,1
run_20260828_2026-08-28-10-16-47,1787886880.492,2026-08-28 11:14:40.492,0.0,1
run_20260828_2026-08-28-10-16-47,1787886930.693,2026-08-28 11:15:30.693,0.0,1
run_20260828_2026-08-28-10-16-47,1787886931.294,2026-08-28 11:15:31.294,0.401,1
run_20260828_2026-08-28-10-16-47,1787886931.294,2026-08-28 11:15:31.294,0.0,1
run_20260828_2026-08-28-10-16-47,1787886979.485,2026-08-28 11:16:19.485,0.0,1
run_20260828_2026-08-28-10-16-47,1787886980.488,2026-08-28 11:16:20.488,0.401,1
run_20260828_2026-08-28-10-16-47,1787886980.488,2026-08-28 11:16:20.488,0.0,1
run_20260828_2026-08-28-10-16-47,1787886982.294,2026-08-28 11:16:22.294,0.401,1
run_20260828_2026-08-28-10-16-47,1787886982.295,2026-08-28 11:16:22.295,0.0,1
run_20260828_2026-08-28-10-16-47,1787887029.884,2026-08-28 11:17:09.884,0.001,1
run_20260828_2026-08-28-10-16-47,1787887030.285,2026-08-28 11:17:10.285,0.401,1
run_20260828_2026-08-28-10-16-47,1787887030.486,2026-08-28 11:17:10.486,0.0,1
run_20260828_2026-08-28-10-16-47,1787887032.291,2026-08-28 11:17:12.291,0.401,1
run_20260828_2026-08-28-10-16-47,1787887032.291,2026-08-28 11:17:12.291,0.0,1
run_20260828_2026-08-28-10-16-47,1787887081.688,2026-08-28 11:18:01.688,0.0,1
run_20260828_2026-08-28-10-16-47,1787887082.29,2026-08-28 11:18:02.290,0.401,1
run_20260828_2026-08-28-10-16-47,1787887082.491,2026-08-28 11:18:02.491,0.0,1
run_20260828_2026-08-28-10-16-47,1787887131.684,2026-08-28 11:18:51.684,0.001,1
run_20260828_2026-08-28-10-16-47,1787887132.285,2026-08-28 11:18:52.285,0.401,1
run_20260828_2026-08-28-10-16-47,1787887132.285,2026-08-28 11:18:52.285,0.0,1
run_20260828_2026-08-28-10-16-47,1787887182.683,2026-08-28 11:19:42.683,0.001,1
run_20260828_2026-08-28-10-16-47,1787887183.285,2026-08-28 11:19:43.285,0.401,1
run_20260828_2026-08-28-10-16-47,1787887183.486,2026-08-28 11:19:43.486,0.0,1
run_20260828_2026-08-28-10-16-47,1787887233.888,2026-08-28 11:20:33.888,0.003,1
run_20260828_2026-08-28-10-16-47,1787887234.289,2026-08-28 11:20:34.289,0.401,1
run_20260828_2026-08-28-10-16-47,1787887234.289,2026-08-28 11:20:34.289,0.0,1
run_20260828_2026-08-28-10-16-47,1787887235.292,2026-08-28 11:20:35.292,0.401,1
run_20260828_2026-08-28-10-16-47,1787887235.292,2026-08-28 11:20:35.292,0.0,1
run_20260828_2026-08-28-10-16-47,1787887283.683,2026-08-28 11:21:23.683,0.0,1
run_20260828_2026-08-28-10-16-47,1787887284.285,2026-08-28 11:21:24.285,0.401,1
run_20260828_2026-08-28-10-16-47,1787887284.488,2026-08-28 11:21:24.488,0.0,1
run_20260828_2026-08-28-10-16-47,1787887337.479,2026-08-28 11:22:17.479,0.001,1
run_20260828_2026-08-28-10-16-47,1787887338.28,2026-08-28 11:22:18.280,0.401,1
run_20260828_2026-08-28-10-16-47,1787887338.481,2026-08-28 11:22:18.481,0.001,1
run_20260828_2026-08-28-10-16-47,1787887394.68,2026-08-28 11:23:14.680,0.003,1
run_20260828_2026-08-28-10-16-47,1787887450.476,2026-08-28 11:24:10.476,0.0,1
run_20260828_2026-08-28-10-16-47,1787887451.278,2026-08-28 11:24:11.278,0.401,1
run_20260828_2026-08-28-10-16-47,1787887451.479,2026-08-28 11:24:11.479,0.0,1
run_20260828_2026-08-28-10-16-47,1787887508.479,2026-08-28 11:25:08.479,0.0,1
run_20260828_2026-08-28-10-16-47,1787887509.281,2026-08-28 11:25:09.281,0.401,1
run_20260828_2026-08-28-10-16-47,1787887509.682,2026-08-28 11:25:09.682,0.0,1
run_20260828_2026-08-28-10-16-47,1787887510.283,2026-08-28 11:25:10.283,0.401,1
run_20260828_2026-08-28-10-16-47,1787887510.487,2026-08-28 11:25:10.487,0.0,1
run_20260828_2026-08-28-10-16-47,1787887562.473,2026-08-28 11:26:02.473,0.0,1
run_20260828_2026-08-28-10-16-47,1787887563.073,2026-08-28 11:26:03.073,0.4,1
run_20260828_2026-08-28-10-16-47,1787887563.475,2026-08-28 11:26:03.475,0.001,1
run_20260828_2026-08-28-10-16-47,1787887564.277,2026-08-28 11:26:04.277,0.401,1
run_20260828_2026-08-28-10-16-47,1787887564.478,2026-08-28 11:26:04.478,0.001,1
run_20260828_2026-08-28-10-16-47,1787887619.674,2026-08-28 11:26:59.674,0.001,1
run_20260828_2026-08-28-10-16-47,1787887620.275,2026-08-28 11:27:00.275,0.401,1
run_20260828_2026-08-28-10-16-47,1787887620.476,2026-08-28 11:27:00.476,0.0,1
run_20260828_2026-08-28-10-16-47,1787887675.473,2026-08-28 11:27:55.473,0.0,1
run_20260828_2026-08-28-10-16-47,1787887676.075,2026-08-28 11:27:56.075,0.401,1
run_20260828_2026-08-28-10-16-47,1787887676.478,2026-08-28 11:27:56.478,0.0,1
run_20260828_2026-08-28-10-16-47,1787887730.473,2026-08-28 11:28:50.473,0.0,1
run_20260828_2026-08-28-10-16-47,1787887731.073,2026-08-28 11:28:51.073,0.401,1
run_20260828_2026-08-28-10-16-47,1787887731.477,2026-08-28 11:28:51.477,0.0,1
run_20260828_2026-08-28-10-16-47,1787887732.278,2026-08-28 11:28:52.278,0.401,1
run_20260828_2026-08-28-10-16-47,1787887732.279,2026-08-28 11:28:52.279,0.001,1
run_20260828_2026-08-28-10-16-47,1787887786.476,2026-08-28 11:29:46.476,0.002,1
run_20260828_2026-08-28-10-16-47,1787887841.876,2026-08-28 11:30:41.876,0.0,1
run_20260828_2026-08-28-10-16-47,1787887842.276,2026-08-28 11:30:42.276,0.401,1
run_20260828_2026-08-28-10-16-47,1787887842.476,2026-08-28 11:30:42.476,0.0,1
run_20260828_2026-08-28-10-16-47,1787887843.279,2026-08-28 11:30:43.279,0.401,1
run_20260828_2026-08-28-10-16-47,1787887843.279,2026-08-28 11:30:43.279,0.0,1
run_20260828_2026-08-28-10-16-47,1787887897.475,2026-08-28 11:31:37.475,0.0,1
run_20260828_2026-08-28-10-16-47,1787887898.277,2026-08-28 11:31:38.277,0.401,1
run_20260828_2026-08-28-10-16-47,1787887898.477,2026-08-28 11:31:38.477,0.0,1
run_20260828_2026-08-28-10-16-47,1787887900.683,2026-08-28 11:31:40.683,0.401,1
run_20260828_2026-08-28-10-16-47,1787887900.683,2026-08-28 11:31:40.683,0.0,1
run_20260828_2026-08-28-10-16-47,1787887952.673,2026-08-28 11:32:32.673,0.0,1
run_20260828_2026-08-28-10-16-47,1787887953.274,2026-08-28 11:32:33.274,0.401,1
run_20260828_2026-08-28-10-16-47,1787887953.475,2026-08-28 11:32:33.475,0.0,1
run_20260828_2026-08-28-10-16-47,1787887954.276,2026-08-28 11:32:34.276,0.4,1
run_20260828_2026-08-28-10-16-47,1787887954.277,2026-08-28 11:32:34.277,0.001,1
run_20260828_2026-08-28-10-16-47,1787888008.672,2026-08-28 11:33:28.672,0.0,1
run_20260828_2026-08-28-10-16-47,1787888009.273,2026-08-28 11:33:29.273,0.401,1
run_20260828_2026-08-28-10-16-47,1787888009.474,2026-08-28 11:33:29.474,0.0,1
run_20260828_2026-08-28-10-16-47,1787888010.276,2026-08-28 11:33:30.276,0.401,1
run_20260828_2026-08-28-10-16-47,1787888010.276,2026-08-28 11:33:30.276,0.0,1
run_20260828_2026-08-28-10-16-47,1787888065.472,2026-08-28 11:34:25.472,0.0,1
run_20260828_2026-08-28-10-16-47,1787888066.273,2026-08-28 11:34:26.273,0.4,1
run_20260828_2026-08-28-10-16-47,1787888066.273,2026-08-28 11:34:26.273,0.0,1
run_20260828_2026-08-28-10-16-47,1787888122.47,2026-08-28 11:35:22.470,0.0,1
run_20260828_2026-08-28-10-16-47,1787888122.871,2026-08-28 11:35:22.871,0.401,1
run_20260828_2026-08-28-10-16-47,1787888123.275,2026-08-28 11:35:23.275,0.0,1
run_20260828_2026-08-28-10-16-47,1787888124.277,2026-08-28 11:35:24.277,0.401,1
run_20260828_2026-08-28-10-16-47,1787888124.277,2026-08-28 11:35:24.277,0.0,1
run_20260828_2026-08-28-10-16-47,1787888178.274,2026-08-28 11:36:18.274,0.0,1
run_20260828_2026-08-28-10-16-47,1787888179.276,2026-08-28 11:36:19.276,0.401,1
run_20260828_2026-08-28-10-16-47,1787888179.276,2026-08-28 11:36:19.276,0.001,1
run_20260828_2026-08-28-10-16-47,1787888232.671,2026-08-28 11:37:12.671,0.001,1
run_20260828_2026-08-28-10-16-47,1787888233.072,2026-08-28 11:37:13.072,0.401,1
run_20260828_2026-08-28-10-16-47,1787888233.476,2026-08-28 11:37:13.476,0.003,1
run_20260828_2026-08-28-10-16-47,1787888280.669,2026-08-28 11:38:00.669,0.001,1
run_20260828_2026-08-28-10-16-47,1787888281.07,2026-08-28 11:38:01.070,0.401,1
run_20260828_2026-08-28-10-16-47,1787888281.472,2026-08-28 11:38:01.472,0.0,1
run_20260828_2026-08-28-10-16-47,1787888284.285,2026-08-28 11:38:04.285,0.401,1
run_20260828_2026-08-28-10-16-47,1787888284.285,2026-08-28 11:38:04.285,0.0,1
run_20260828_2026-08-28-10-16-47,1787888325.867,2026-08-28 11:38:45.867,0.001,1
run_20260828_2026-08-28-10-16-47,1787888326.268,2026-08-28 11:38:46.268,0.401,1
run_20260828_2026-08-28-10-16-47,1787888326.469,2026-08-28 11:38:46.469,0.0,1
run_20260828_2026-08-28-10-16-47,1787888370.667,2026-08-28 11:39:30.667,0.0,1
run_20260828_2026-08-28-10-16-47,1787888371.268,2026-08-28 11:39:31.268,0.401,1
run_20260828_2026-08-28-10-16-47,1787888371.269,2026-08-28 11:39:31.269,0.001,1
run_20260828_2026-08-28-10-16-47,1787888419.668,2026-08-28 11:40:19.668,0.0,1
run_20260828_2026-08-28-10-16-47,1787888469.866,2026-08-28 11:41:09.866,0.0,1
run_20260828_2026-08-28-10-16-47,1787888470.267,2026-08-28 11:41:10.267,0.401,1
run_20260828_2026-08-28-10-16-47,1787888470.468,2026-08-28 11:41:10.468,0.0,1
run_20260828_2026-08-28-10-16-47,1787888519.464,2026-08-28 11:41:59.464,0.0,1
run_20260828_2026-08-28-10-16-47,1787888676.308,2026-08-28 11:44:36.308,151.624,1
run_20260828_2026-08-28-10-16-47,1787888711.859,2026-08-28 11:45:11.859,0.0,1
run_20260828_2026-08-28-10-16-47,1787888712.26,2026-08-28 11:45:12.260,0.401,1
run_20260828_2026-08-28-10-16-47,1787888712.662,2026-08-28 11:45:12.662,0.0,1
run_20260828_2026-08-28-10-16-47,1787888713.263,2026-08-28 11:45:13.263,0.401,1
run_20260828_2026-08-28-10-16-47,1787888713.263,2026-08-28 11:45:13.263,0.0,1
run_20260828_2026-08-28-10-16-47,1787888761.461,2026-08-28 11:46:01.461,0.001,1
run_20260828_2026-08-28-10-16-47,1787888809.658,2026-08-28 11:46:49.658,0.0,1
run_20260828_2026-08-28-10-16-47,1787888810.261,2026-08-28 11:46:50.261,0.402,1
run_20260828_2026-08-28-10-16-47,1787888810.662,2026-08-28 11:46:50.662,0.0,1
run_20260828_2026-08-28-10-16-47,1787888811.264,2026-08-28 11:46:51.264,0.401,1
run_20260828_2026-08-28-10-16-47,1787888811.265,2026-08-28 11:46:51.265,0.001,1
run_20260828_2026-08-28-10-16-47,1787888858.659,2026-08-28 11:47:38.659,0.0,1
run_20260828_2026-08-28-10-16-47,1787888859.261,2026-08-28 11:47:39.261,0.401,1
run_20260828_2026-08-28-10-16-47,1787888859.463,2026-08-28 11:47:39.463,0.0,1
run_20260828_2026-08-28-10-16-47,1787888907.657,2026-08-28 11:48:27.657,0.0,1
run_20260828_2026-08-28-10-16-47,1787888908.058,2026-08-28 11:48:28.058,0.401,1
run_20260828_2026-08-28-10-16-47,1787888908.461,2026-08-28 11:48:28.461,0.001,1
run_20260828_2026-08-28-10-16-47,1787888958.46,2026-08-28 11:49:18.460,0.0,1
run_20260828_2026-08-28-10-16-47,1787888959.262,2026-08-28 11:49:19.262,0.401,1
run_20260828_2026-08-28-10-16-47,1787888959.463,2026-08-28 11:49:19.463,0.0,1
run_20260828_2026-08-28-10-16-47,1787888960.467,2026-08-28 11:49:20.467,0.401,1
run_20260828_2026-08-28-10-16-47,1787888960.467,2026-08-28 11:49:20.467,0.0,1
run_20260828_2026-08-28-10-16-47,1787889008.659,2026-08-28 11:50:08.659,0.0,1
run_20260828_2026-08-28-10-16-47,1787889009.261,2026-08-28 11:50:09.261,0.402,1
run_20260828_2026-08-28-10-16-47,1787889009.261,2026-08-28 11:50:09.261,0.0,1
run_20260828_2026-08-28-10-16-47,1787889058.261,2026-08-28 11:50:58.261,0.0,1
run_20260828_2026-08-28-10-16-47,1787889108.657,2026-08-28 11:51:48.657,0.0,1
run_20260828_2026-08-28-10-16-47,1787889109.258,2026-08-28 11:51:49.258,0.401,1
run_20260828_2026-08-28-10-16-47,1787889109.459,2026-08-28 11:51:49.459,0.0,1
run_20260828_2026-08-28-10-16-47,1787889110.463,2026-08-28 11:51:50.463,0.402,1
run_20260828_2026-08-28-10-16-47,1787889110.463,2026-08-28 11:51:50.463,0.0,1
run_20260828_2026-08-28-10-16-47,1787889158.856,2026-08-28 11:52:38.856,0.0,1
run_20260828_2026-08-28-10-16-47,1787889159.257,2026-08-28 11:52:39.257,0.401,1
run_20260828_2026-08-28-10-16-47,1787889159.659,2026-08-28 11:52:39.659,0.001,1
run_20260828_2026-08-28-10-16-47,1787889160.261,2026-08-28 11:52:40.261,0.401,1
run_20260828_2026-08-28-10-16-47,1787889160.261,2026-08-28 11:52:40.261,0.0,1
run_20260828_2026-08-28-10-16-47,1787889210.657,2026-08-28 11:53:30.657,0.0,1
run_20260828_2026-08-28-10-16-47,1787889211.058,2026-08-28 11:53:31.058,0.401,1
run_20260828_2026-08-28-10-16-47,1787889211.46,2026-08-28 11:53:31.460,0.0,1
run_20260828_2026-08-28-10-16-47,1787889214.268,2026-08-28 11:53:34.268,0.401,1
run_20260828_2026-08-28-10-16-47,1787889214.272,2026-08-28 11:53:34.272,0.003,1
run_20260828_2026-08-28-10-16-47,1787889259.656,2026-08-28 11:54:19.656,0.0,1
run_20260828_2026-08-28-10-16-47,1787889260.257,2026-08-28 11:54:20.257,0.401,1
run_20260828_2026-08-28-10-16-47,1787889260.459,2026-08-28 11:54:20.459,0.0,1
run_20260828_2026-08-28-10-16-47,1787889310.461,2026-08-28 11:55:10.461,0.0,1
run_20260828_2026-08-28-10-16-47,1787889360.651,2026-08-28 11:56:00.651,0.0,1
run_20260828_2026-08-28-10-16-47,1787889361.253,2026-08-28 11:56:01.253,0.401,1
run_20260828_2026-08-28-10-16-47,1787889361.453,2026-08-28 11:56:01.453,0.0,1
run_20260828_2026-08-28-10-16-47,1787889362.256,2026-08-28 11:56:02.256,0.401,1
run_20260828_2026-08-28-10-16-47,1787889362.256,2026-08-28 11:56:02.256,0.0,1
run_20260828_2026-08-28-10-16-47,1787889415.453,2026-08-28 11:56:55.453,0.0,1
run_20260828_2026-08-28-10-16-47,1787889416.255,2026-08-28 11:56:56.255,0.401,1
run_20260828_2026-08-28-10-16-47,1787889416.255,2026-08-28 11:56:56.255,0.001,1
run_20260828_2026-08-28-10-16-47,1787889417.257,2026-08-28 11:56:57.257,0.401,1
run_20260828_2026-08-28-10-16-47,1787889417.258,2026-08-28 11:56:57.258,0.001,1
run_20260828_2026-08-28-16-38-15,1787906342.64,2026-08-28 16:39:02.640,0.0,1
run_20260828_2026-08-28-16-38-15,1787906343.041,2026-08-28 16:39:03.041,0.401,1
run_20260828_2026-08-28-16-38-15,1787906343.443,2026-08-28 16:39:03.443,0.001,1
run_20260828_2026-08-28-16-38-15,1787906344.245,2026-08-28 16:39:04.245,0.401,1
run_20260828_2026-08-28-16-38-15,1787906344.245,2026-08-28 16:39:04.245,0.0,1
run_20260828_2026-08-28-16-38-15,1787906395.642,2026-08-28 16:39:55.642,0.003,1
run_20260828_2026-08-28-16-38-15,1787906396.243,2026-08-28 16:39:56.243,0.401,1
run_20260828_2026-08-28-16-38-15,1787906396.243,2026-08-28 16:39:56.243,0.0,1
run_20260828_2026-08-28-16-38-15,1787906445.637,2026-08-28 16:40:45.637,0.0,1
run_20260828_2026-08-28-16-38-15,1787906446.039,2026-08-28 16:40:46.039,0.401,1
run_20260828_2026-08-28-16-38-15,1787906446.442,2026-08-28 16:40:46.442,0.0,1
run_20260828_2026-08-28-16-38-15,1787906496.441,2026-08-28 16:41:36.441,0.0,1
run_20260828_2026-08-28-16-38-15,1787906498.647,2026-08-28 16:41:38.647,0.401,1
run_20260828_2026-08-28-16-38-15,1787906498.647,2026-08-28 16:41:38.647,0.0,1
run_20260828_2026-08-28-16-38-15,1787906546.441,2026-08-28 16:42:26.441,0.003,1
run_20260828_2026-08-28-16-38-15,1787906547.243,2026-08-28 16:42:27.243,0.401,1
run_20260828_2026-08-28-16-38-15,1787906547.445,2026-08-28 16:42:27.445,0.0,1
run_20260828_2026-08-28-16-38-15,1787906596.638,2026-08-28 16:43:16.638,0.004,1
run_20260828_2026-08-28-16-38-15,1787906645.633,2026-08-28 16:44:05.633,0.0,1
run_20260828_2026-08-28-16-38-15,1787906646.235,2026-08-28 16:44:06.235,0.401,1
run_20260828_2026-08-28-16-38-15,1787906646.839,2026-08-28 16:44:06.839,0.003,1
run_20260828_2026-08-28-16-38-15,1787906647.24,2026-08-28 16:44:07.240,0.401,1
run_20260828_2026-08-28-16-38-15,1787906647.24,2026-08-28 16:44:07.240,0.0,1
run_20260828_2026-08-28-16-38-15,1787906697.632,2026-08-28 16:44:57.632,0.0,1
run_20260828_2026-08-28-16-38-15,1787906698.233,2026-08-28 16:44:58.233,0.4,1
run_20260828_2026-08-28-16-38-15,1787906698.435,2026-08-28 16:44:58.435,0.0,1
run_20260828_2026-08-28-16-38-15,1787906752.633,2026-08-28 16:45:52.633,0.0,1
run_20260828_2026-08-28-16-38-15,1787906753.234,2026-08-28 16:45:53.234,0.401,1
run_20260828_2026-08-28-16-38-15,1787906753.436,2026-08-28 16:45:53.436,0.001,1
run_20260828_2026-08-28-16-38-15,1787906755.64,2026-08-28 16:45:55.640,0.4,1
run_20260828_2026-08-28-16-38-15,1787906755.64,2026-08-28 16:45:55.640,0.001,1
run_20260828_2026-08-28-16-38-15,1787906806.632,2026-08-28 16:46:46.632,0.0,1
run_20260828_2026-08-28-16-38-15,1787906807.234,2026-08-28 16:46:47.234,0.401,1
run_20260828_2026-08-28-16-38-15,1787906807.234,2026-08-28 16:46:47.234,0.0,1
run_20260828_2026-08-28-16-38-15,1787906858.63,2026-08-28 16:47:38.630,0.0,1
run_20260828_2026-08-28-16-38-15,1787906859.231,2026-08-28 16:47:39.231,0.401,1
run_20260828_2026-08-28-16-38-15,1787906859.633,2026-08-28 16:47:39.633,0.0,1
run_20260828_2026-08-28-16-38-15,1787906860.235,2026-08-28 16:47:40.235,0.401,1
run_20260828_2026-08-28-16-38-15,1787906860.236,2026-08-28 16:47:40.236,0.001,1
run_20260828_2026-08-28-16-38-15,1787906911.431,2026-08-28 16:48:31.431,0.001,1
run_20260828_2026-08-28-16-38-15,1787906912.233,2026-08-28 16:48:32.233,0.401,1
run_20260828_2026-08-28-16-38-15,1787906912.434,2026-08-28 16:48:32.434,0.0,1
run_20260828_2026-08-28-16-38-15,1787906963.631,2026-08-28 16:49:23.631,0.003,1
run_20260828_2026-08-28-16-38-15,1787906964.433,2026-08-28 16:49:24.433,0.401,1
run_20260828_2026-08-28-16-38-15,1787906964.433,2026-08-28 16:49:24.433,0.0,1
run_20260828_2026-08-28-16-38-15,1787906968.244,2026-08-28 16:49:28.244,0.401,1
run_20260828_2026-08-28-16-38-15,1787906968.244,2026-08-28 16:49:28.244,0.0,1
run_20260828_2026-08-28-16-38-15,1787907017.632,2026-08-28 16:50:17.632,0.0,1
run_20260828_2026-08-28-16-38-15,1787907018.033,2026-08-28 16:50:18.033,0.401,1
run_20260828_2026-08-28-16-38-15,1787907018.434,2026-08-28 16:50:18.434,0.0,1
run_20260828_2026-08-28-16-38-15,1787907019.236,2026-08-28 16:50:19.236,0.401,1
run_20260828_2026-08-28-16-38-15,1787907019.44,2026-08-28 16:50:19.440,0.001,1
run_20260828_2026-08-28-16-38-15,1787907071.432,2026-08-28 16:51:11.432,0.0,1
run_20260828_2026-08-28-16-38-15,1787907072.234,2026-08-28 16:51:12.234,0.401,1
run_20260828_2026-08-28-16-38-15,1787907072.234,2026-08-28 16:51:12.234,0.0,1
run_20260828_2026-08-28-16-38-15,1787907073.237,2026-08-28 16:51:13.237,0.401,1
run_20260828_2026-08-28-16-38-15,1787907073.237,2026-08-28 16:51:13.237,0.0,1
run_20260828_2026-08-28-16-38-15,1787907124.431,2026-08-28 16:52:04.431,0.0,1
run_20260828_2026-08-28-16-38-15,1787907177.829,2026-08-28 16:52:57.829,0.001,1
run_20260828_2026-08-28-16-38-15,1787907178.23,2026-08-28 16:52:58.230,0.401,1
run_20260828_2026-08-28-16-38-15,1787907178.632,2026-08-28 16:52:58.632,0.001,1
run_20260828_2026-08-28-16-38-15,1787907179.234,2026-08-28 16:52:59.234,0.401,1
run_20260828_2026-08-28-16-38-15,1787907179.234,2026-08-28 16:52:59.234,0.0,1
run_20260828_2026-08-28-16-38-15,1787907230.428,2026-08-28 16:53:50.428,0.001,1
run_20260828_2026-08-28-16-38-15,1787907231.23,2026-08-28 16:53:51.230,0.401,1
run_20260828_2026-08-28-16-38-15,1787907231.231,2026-08-28 16:53:51.231,0.001,1
run_20260828_2026-08-28-16-38-15,1787907232.234,2026-08-28 16:53:52.234,0.401,1
run_20260828_2026-08-28-16-38-15,1787907232.235,2026-08-28 16:53:52.235,0.001,1
run_20260828_2026-08-28-16-38-15,1787907284.426,2026-08-28 16:54:44.426,0.001,1
run_20260828_2026-08-28-16-38-15,1787907284.826,2026-08-28 16:54:44.826,0.401,1
run_20260828_2026-08-28-16-38-15,1787907285.632,2026-08-28 16:54:45.632,0.0,1
run_20260828_2026-08-28-16-38-15,1787907286.233,2026-08-28 16:54:46.233,0.401,1
run_20260828_2026-08-28-16-38-15,1787907286.434,2026-08-28 16:54:46.434,0.001,1
run_20260828_2026-08-28-16-38-15,1787907337.426,2026-08-28 16:55:37.426,0.001,1
run_20260828_2026-08-28-16-38-15,1787907338.229,2026-08-28 16:55:38.229,0.401,1
run_20260828_2026-08-28-16-38-15,1787907338.229,2026-08-28 16:55:38.229,0.0,1
run_20260828_2026-08-28-16-38-15,1787907340.035,2026-08-28 16:55:40.035,0.402,1
run_20260828_2026-08-28-16-38-15,1787907340.035,2026-08-28 16:55:40.035,0.0,1
run_20260828_2026-08-28-16-38-15,1787907386.421,2026-08-28 16:56:26.421,0.0,1
run_20260828_2026-08-28-16-38-15,1787907386.822,2026-08-28 16:56:26.822,0.401,1
run_20260828_2026-08-28-16-38-15,1787907387.625,2026-08-28 16:56:27.625,0.0,1
run_20260828_2026-08-28-16-38-15,1787907388.228,2026-08-28 16:56:28.228,0.401,1
run_20260828_2026-08-28-16-38-15,1787907388.429,2026-08-28 16:56:28.429,0.0,1
run_20260828_2026-08-28-16-38-15,1787907440.421,2026-08-28 16:57:20.421,0.0,1
run_20260828_2026-08-28-16-38-15,1787907440.821,2026-08-28 16:57:20.821,0.401,1
run_20260828_2026-08-28-16-38-15,1787907441.425,2026-08-28 16:57:21.425,0.0,1
run_20260828_2026-08-28-16-38-15,1787907442.227,2026-08-28 16:57:22.227,0.401,1
run_20260828_2026-08-28-16-38-15,1787907442.228,2026-08-28 16:57:22.228,0.001,1
run_20260828_2026-08-28-16-38-15,1787907491.821,2026-08-28 16:58:11.821,0.0,1
run_20260828_2026-08-28-16-38-15,1787907492.221,2026-08-28 16:58:12.221,0.4,1
run_20260828_2026-08-28-16-38-15,1787907492.623,2026-08-28 16:58:12.623,0.0,1
run_20260828_2026-08-28-16-38-15,1787907493.224,2026-08-28 16:58:13.224,0.401,1
run_20260828_2026-08-28-16-38-15,1787907493.426,2026-08-28 16:58:13.426,0.001,1
run_20260828_2026-08-28-16-38-15,1787907494.228,2026-08-28 16:58:14.228,0.401,1
run_20260828_2026-08-28-16-38-15,1787907494.43,2026-08-28 16:58:14.430,0.001,1
run_20260828_2026-08-28-16-38-15,1787907543.42,2026-08-28 16:59:03.420,0.0,1
run_20260828_2026-08-28-16-38-15,1787907543.821,2026-08-28 16:59:03.821,0.401,1
run_20260828_2026-08-28-16-38-15,1787907544.624,2026-08-28 16:59:04.624,0.001,1
run_20260828_2026-08-28-16-38-15,1787907597.622,2026-08-28 16:59:57.622,0.0,1
run_20260828_2026-08-28-16-38-15,1787907598.223,2026-08-28 16:59:58.223,0.401,1
run_20260828_2026-08-28-16-38-15,1787907598.425,2026-08-28 16:59:58.425,0.001,1
run_20260828_2026-08-28-16-38-15,1787907599.227,2026-08-28 16:59:59.227,0.401,1
run_20260828_2026-08-28-16-38-15,1787907599.429,2026-08-28 16:59:59.429,0.0,1
run_20260828_2026-08-28-16-38-15,1787907648.422,2026-08-28 17:00:48.422,0.0,1
run_20260828_2026-08-28-16-38-15,1787907649.223,2026-08-28 17:00:49.223,0.401,1
run_20260828_2026-08-28-16-38-15,1787907649.424,2026-08-28 17:00:49.424,0.001,1
run_20260828_2026-08-28-16-38-15,1787907650.427,2026-08-28 17:00:50.427,0.401,1
run_20260828_2026-08-28-16-38-15,1787907650.428,2026-08-28 17:00:50.428,0.001,1
run_20260828_2026-08-28-16-38-15,1787907700.42,2026-08-28 17:01:40.420,0.0,1
run_20260828_2026-08-28-16-38-15,1787907701.221,2026-08-28 17:01:41.221,0.4,1
run_20260828_2026-08-28-16-38-15,1787907701.422,2026-08-28 17:01:41.422,0.0,1
run_20260828_2026-08-28-16-38-15,1787907702.425,2026-08-28 17:01:42.425,0.401,1
run_20260828_2026-08-28-16-38-15,1787907702.425,2026-08-28 17:01:42.425,0.0,1
run_20260828_2026-08-28-16-38-15,1787907750.815,2026-08-28 17:02:30.815,0.001,1
run_20260828_2026-08-28-16-38-15,1787907751.215,2026-08-28 17:02:31.215,0.401,1
run_20260828_2026-08-28-16-38-15,1787907751.818,2026-08-28 17:02:31.818,0.001,1
run_20260828_2026-08-28-16-38-15,1787907752.219,2026-08-28 17:02:32.219,0.4,1
run_20260828_2026-08-28-16-38-15,1787907752.419,2026-08-28 17:02:32.419,0.0,1
run_20260828_2026-08-28-16-38-15,1787907805.617,2026-08-28 17:03:25.617,0.0,1
run_20260828_2026-08-28-16-38-15,1787907806.017,2026-08-28 17:03:26.017,0.4,1
run_20260828_2026-08-28-16-38-15,1787907806.219,2026-08-28 17:03:26.219,0.0,1
run_20260828_2026-08-28-16-38-15,1787907808.224,2026-08-28 17:03:28.224,0.401,1
run_20260828_2026-08-28-16-38-15,1787907808.226,2026-08-28 17:03:28.226,0.002,1
run_20260828_2026-08-28-16-38-15,1787907857.816,2026-08-28 17:04:17.816,0.0,1
run_20260828_2026-08-28-16-38-15,1787907858.217,2026-08-28 17:04:18.217,0.401,1
run_20260828_2026-08-28-16-38-15,1787907858.419,2026-08-28 17:04:18.419,0.002,1
run_20260828_2026-08-28-16-38-15,1787907859.221,2026-08-28 17:04:19.221,0.401,1
run_20260828_2026-08-28-16-38-15,1787907859.422,2026-08-28 17:04:19.422,0.001,1
run_20260828_2026-08-28-16-38-15,1787907909.813,2026-08-28 17:05:09.813,0.0,1
run_20260828_2026-08-28-16-38-15,1787907910.214,2026-08-28 17:05:10.214,0.401,1
run_20260828_2026-08-28-16-38-15,1787907910.415,2026-08-28 17:05:10.415,0.001,1
run_20260828_2026-08-28-16-38-15,1787907911.217,2026-08-28 17:05:11.217,0.401,1
run_20260828_2026-08-28-16-38-15,1787907911.418,2026-08-28 17:05:11.418,0.0,1
run_20260828_2026-08-28-16-38-15,1787907913.624,2026-08-28 17:05:13.624,0.401,1
run_20260828_2026-08-28-16-38-15,1787907913.626,2026-08-28 17:05:13.626,0.003,1
run_20260828_2026-08-28-16-38-15,1787907964.413,2026-08-28 17:06:04.413,0.0,1
run_20260828_2026-08-28-16-38-15,1787907965.215,2026-08-28 17:06:05.215,0.401,1
run_20260828_2026-08-28-16-38-15,1787907965.416,2026-08-28 17:06:05.416,0.0,1
run_20260828_2026-08-28-16-38-15,1787907966.218,2026-08-28 17:06:06.218,0.401,1
run_20260828_2026-08-28-16-38-15,1787907966.218,2026-08-28 17:06:06.218,0.0,1
run_20260828_2026-08-28-16-38-15,1787908018.612,2026-08-28 17:06:58.612,0.0,1
run_20260828_2026-08-28-16-38-15,1787908019.013,2026-08-28 17:06:59.013,0.401,1
run_20260828_2026-08-28-16-38-15,1787908019.417,2026-08-28 17:06:59.417,0.0,1
run_20260828_2026-08-28-16-38-15,1787908020.219,2026-08-28 17:07:00.219,0.401,1
run_20260828_2026-08-28-16-38-15,1787908020.219,2026-08-28 17:07:00.219,0.0,1
run_20260828_2026-08-28-16-38-15,1787908021.623,2026-08-28 17:07:01.623,0.401,1
run_20260828_2026-08-28-16-38-15,1787908021.623,2026-08-28 17:07:01.623,0.0,1
run_20260828_2026-08-28-16-38-15,1787908072.412,2026-08-28 17:07:52.412,0.001,1
run_20260828_2026-08-28-16-38-15,1787908072.813,2026-08-28 17:07:52.813,0.401,1
run_20260828_2026-08-28-16-38-15,1787908073.617,2026-08-28 17:07:53.617,0.001,1
run_20260828_2026-08-28-16-38-15,1787908124.409,2026-08-28 17:08:44.409,0.0,1
run_20260828_2026-08-28-16-38-15,1787908124.81,2026-08-28 17:08:44.810,0.401,1
run_20260828_2026-08-28-16-38-15,1787908125.415,2026-08-28 17:08:45.415,0.0,1
run_20260828_2026-08-28-16-38-15,1787908177.409,2026-08-28 17:09:37.409,0.0,1
run_20260828_2026-08-28-16-38-15,1787908177.81,2026-08-28 17:09:37.810,0.401,1
run_20260828_2026-08-28-16-38-15,1787908178.412,2026-08-28 17:09:38.412,0.0,1
run_20260828_2026-08-28-16-38-15,1787908179.214,2026-08-28 17:09:39.214,0.401,1
run_20260828_2026-08-28-16-38-15,1787908179.415,2026-08-28 17:09:39.415,0.0,1
run_20260828_2026-08-28-16-38-15,1787908180.217,2026-08-28 17:09:40.217,0.401,1
run_20260828_2026-08-28-16-38-15,1787908180.22,2026-08-28 17:09:40.220,0.003,1
run_20260828_2026-08-28-16-38-15,1787908232.414,2026-08-28 17:10:32.414,0.001,1
run_20260828_2026-08-28-16-38-15,1787908233.417,2026-08-28 17:10:33.417,0.401,1
run_20260828_2026-08-28-16-38-15,1787908233.418,2026-08-28 17:10:33.418,0.001,1
run_20260828_2026-08-28-16-38-15,1787908283.409,2026-08-28 17:11:23.409,0.0,1
run_20260828_2026-08-28-16-38-15,1787908283.81,2026-08-28 17:11:23.810,0.401,1
run_20260828_2026-08-28-16-38-15,1787908284.412,2026-08-28 17:11:24.412,0.0,1
run_20260828_2026-08-28-16-38-15,1787908284.814,2026-08-28 17:11:24.814,0.401,1
run_20260828_2026-08-28-16-38-15,1787908284.814,2026-08-28 17:11:24.814,0.0,1
run_20260828_2026-08-28-16-38-15,1787908285.215,2026-08-28 17:11:25.215,0.401,1
run_20260828_2026-08-28-16-38-15,1787908285.416,2026-08-28 17:11:25.416,0.0,1
run_20260828_2026-08-28-16-38-15,1787908337.409,2026-08-28 17:12:17.409,0.0,1
run_20260828_2026-08-28-16-38-15,1787908337.81,2026-08-28 17:12:17.810,0.401,1
run_20260828_2026-08-28-16-38-15,1787908338.613,2026-08-28 17:12:18.613,0.0,1
run_20260828_2026-08-28-16-38-15,1787908339.214,2026-08-28 17:12:19.214,0.4,1
run_20260828_2026-08-28-16-38-15,1787908339.415,2026-08-28 17:12:19.415,0.0,1
run_20260828_2026-08-28-16-38-15,1787908391.81,2026-08-28 17:13:11.810,0.0,1
run_20260828_2026-08-28-16-38-15,1787908392.211,2026-08-28 17:13:12.211,0.401,1
run_20260828_2026-08-28-16-38-15,1787908392.613,2026-08-28 17:13:12.613,0.001,1
run_20260828_2026-08-28-16-38-15,1787908393.214,2026-08-28 17:13:13.214,0.401,1
run_20260828_2026-08-28-16-38-15,1787908393.416,2026-08-28 17:13:13.416,0.001,1
run_20260828_2026-08-28-16-38-15,1787908444.804,2026-08-28 17:14:04.804,0.0,1
run_20260828_2026-08-28-16-38-15,1787908445.204,2026-08-28 17:14:05.204,0.401,1
run_20260828_2026-08-28-16-38-15,1787908445.405,2026-08-28 17:14:05.405,0.0,1
run_20260828_2026-08-28-16-38-15,1787908446.208,2026-08-28 17:14:06.208,0.401,1
run_20260828_2026-08-28-16-38-15,1787908446.408,2026-08-28 17:14:06.408,0.0,1
run_20260829_2026-08-29-09-12-05,1787965962.675,2026-08-29 09:12:42.675,0.0,1
run_20260829_2026-08-29-09-12-05,1787965963.276,2026-08-29 09:12:43.276,0.401,1
run_20260829_2026-08-29-09-12-05,1787965963.276,2026-08-29 09:12:43.276,0.0,1
run_20260829_2026-08-29-09-12-05,1787966016.674,2026-08-29 09:13:36.674,0.0,1
run_20260829_2026-08-29-09-12-05,1787966017.275,2026-08-29 09:13:37.275,0.401,1
run_20260829_2026-08-29-09-12-05,1787966017.275,2026-08-29 09:13:37.275,0.0,1
run_20260829_2026-08-29-09-12-05,1787966070.672,2026-08-29 09:14:30.672,0.001,1
run_20260829_2026-08-29-09-12-05,1787966071.273,2026-08-29 09:14:31.273,0.401,1
run_20260829_2026-08-29-09-12-05,1787966071.273,2026-08-29 09:14:31.273,0.0,1
run_20260829_2026-08-29-09-12-05,1787966127.672,2026-08-29 09:15:27.672,0.0,1
run_20260829_2026-08-29-09-12-05,1787966128.274,2026-08-29 09:15:28.274,0.401,1
run_20260829_2026-08-29-09-12-05,1787966128.274,2026-08-29 09:15:28.274,0.0,1
run_20260829_2026-08-29-09-12-05,1787966183.87,2026-08-29 09:16:23.870,0.0,1
run_20260829_2026-08-29-09-12-05,1787966184.271,2026-08-29 09:16:24.271,0.401,1
run_20260829_2026-08-29-09-12-05,1787966184.672,2026-08-29 09:16:24.672,0.0,1
run_20260829_2026-08-29-09-12-05,1787966185.273,2026-08-29 09:16:25.273,0.401,1
run_20260829_2026-08-29-09-12-05,1787966185.274,2026-08-29 09:16:25.274,0.001,1
run_20260829_2026-08-29-09-12-05,1787966240.873,2026-08-29 09:17:20.873,0.0,1
run_20260829_2026-08-29-09-12-05,1787966241.273,2026-08-29 09:17:21.273,0.401,1
run_20260829_2026-08-29-09-12-05,1787966241.273,2026-08-29 09:17:21.273,0.0,1
run_20260829_2026-08-29-09-12-05,1787966242.276,2026-08-29 09:17:22.276,0.401,1
run_20260829_2026-08-29-09-12-05,1787966242.276,2026-08-29 09:17:22.276,0.0,1
run_20260829_2026-08-29-09-12-05,1787966243.482,2026-08-29 09:17:23.482,0.401,1
run_20260829_2026-08-29-09-12-05,1787966243.483,2026-08-29 09:17:23.483,0.001,1
run_20260829_2026-08-29-09-12-05,1787966297.872,2026-08-29 09:18:17.872,0.0,1
run_20260829_2026-08-29-09-12-05,1787966298.273,2026-08-29 09:18:18.273,0.401,1
run_20260829_2026-08-29-09-12-05,1787966298.273,2026-08-29 09:18:18.273,0.0,1
run_20260829_2026-08-29-09-12-05,1787966299.276,2026-08-29 09:18:19.276,0.401,1
run_20260829_2026-08-29-09-12-05,1787966299.276,2026-08-29 09:18:19.276,0.0,1
run_20260829_2026-08-29-09-12-05,1787966301.482,2026-08-29 09:18:21.482,0.401,1
run_20260829_2026-08-29-09-12-05,1787966301.482,2026-08-29 09:18:21.482,0.0,1
run_20260829_2026-08-29-09-12-05,1787966353.472,2026-08-29 09:19:13.472,0.0,1
run_20260829_2026-08-29-09-12-05,1787966354.474,2026-08-29 09:19:14.474,0.401,1
run_20260829_2026-08-29-09-12-05,1787966354.474,2026-08-29 09:19:14.474,0.0,1
run_20260829_2026-08-29-09-12-05,1787966412.663,2026-08-29 09:20:12.663,0.0,1
run_20260829_2026-08-29-09-12-05,1787966413.064,2026-08-29 09:20:13.064,0.4,1
run_20260829_2026-08-29-09-12-05,1787966413.468,2026-08-29 09:20:13.468,0.0,1
run_20260829_2026-08-29-09-12-05,1787966414.27,2026-08-29 09:20:14.270,0.401,1
run_20260829_2026-08-29-09-12-05,1787966414.271,2026-08-29 09:20:14.271,0.001,1
run_20260829_2026-08-29-09-12-05,1787966471.866,2026-08-29 09:21:11.866,0.0,1
run_20260829_2026-08-29-09-12-05,1787966472.267,2026-08-29 09:21:12.267,0.401,1
run_20260829_2026-08-29-09-12-05,1787966472.668,2026-08-29 09:21:12.668,0.0,1
run_20260829_2026-08-29-09-12-05,1787966473.269,2026-08-29 09:21:13.269,0.4,1
run_20260829_2026-08-29-09-12-05,1787966473.269,2026-08-29 09:21:13.269,0.0,1
run_20260829_2026-08-29-09-12-05,1787966531.468,2026-08-29 09:22:11.468,0.0,1
run_20260829_2026-08-29-09-12-05,1787966533.275,2026-08-29 09:22:13.275,0.401,1
run_20260829_2026-08-29-09-12-05,1787966533.275,2026-08-29 09:22:13.275,0.0,1
run_20260829_2026-08-29-09-12-05,1787966589.867,2026-08-29 09:23:09.867,0.001,1
run_20260829_2026-08-29-09-12-05,1787966590.268,2026-08-29 09:23:10.268,0.401,1
run_20260829_2026-08-29-09-12-05,1787966590.468,2026-08-29 09:23:10.468,0.0,1
run_20260829_2026-08-29-09-12-05,1787966590.869,2026-08-29 09:23:10.869,0.401,1
run_20260829_2026-08-29-09-12-05,1787966591.471,2026-08-29 09:23:11.471,0.0,1
run_20260829_2026-08-29-09-12-05,1787966591.872,2026-08-29 09:23:11.872,0.401,1
run_20260829_2026-08-29-09-12-05,1787966591.873,2026-08-29 09:23:11.873,0.001,1
run_20260829_2026-08-29-09-12-05,1787966592.273,2026-08-29 09:23:12.273,0.401,1
run_20260829_2026-08-29-09-12-05,1787966592.474,2026-08-29 09:23:12.474,0.0,1
run_20260829_2026-08-29-09-12-05,1787966593.276,2026-08-29 09:23:13.276,0.401,1
run_20260829_2026-08-29-09-12-05,1787966593.276,2026-08-29 09:23:13.276,0.0,1
run_20260829_2026-08-29-09-12-05,1787966649.667,2026-08-29 09:24:09.667,0.0,1
run_20260829_2026-08-29-09-12-05,1787966650.269,2026-08-29 09:24:10.269,0.401,1
run_20260829_2026-08-29-09-12-05,1787966650.269,2026-08-29 09:24:10.269,0.001,1
run_20260829_2026-08-29-09-12-05,1787966710.273,2026-08-29 09:25:10.273,0.0,1
run_20260829_2026-08-29-09-12-05,1787966711.074,2026-08-29 09:25:11.074,0.4,1
run_20260829_2026-08-29-09-12-05,1787966712.678,2026-08-29 09:25:12.678,0.0,1
run_20260829_2026-08-29-09-12-05,1787966713.079,2026-08-29 09:25:13.079,0.4,1
run_20260829_2026-08-29-09-12-05,1787966713.681,2026-08-29 09:25:13.681,0.0,1
run_20260829_2026-08-29-09-12-05,1787966714.282,2026-08-29 09:25:14.282,0.401,1
run_20260829_2026-08-29-09-12-05,1787966714.282,2026-08-29 09:25:14.282,0.0,1
run_20260829_2026-08-29-09-12-05,1787966716.289,2026-08-29 09:25:16.289,0.401,1
run_20260829_2026-08-29-09-12-05,1787966716.289,2026-08-29 09:25:16.289,0.0,1
run_20260829_2026-08-29-09-12-05,1787966775.687,2026-08-29 09:26:15.687,0.0,1
run_20260829_2026-08-29-09-12-05,1787966776.288,2026-08-29 09:26:16.288,0.401,1
run_20260829_2026-08-29-09-12-05,1787966776.289,2026-08-29 09:26:16.289,0.0,1
run_20260829_2026-08-29-09-12-05,1787966778.495,2026-08-29 09:26:18.495,0.401,1
run_20260829_2026-08-29-09-12-05,1787966778.495,2026-08-29 09:26:18.495,0.0,1
run_20260829_2026-08-29-09-12-05,1787966829.871,2026-08-29 09:27:09.871,0.003,1
run_20260829_2026-08-29-09-12-05,1787966830.272,2026-08-29 09:27:10.272,0.401,1
run_20260829_2026-08-29-09-12-05,1787966830.472,2026-08-29 09:27:10.472,0.0,1
run_20260829_2026-08-29-09-12-05,1787966831.274,2026-08-29 09:27:11.274,0.401,1
run_20260829_2026-08-29-09-12-05,1787966831.274,2026-08-29 09:27:11.274,0.0,1
run_20260829_2026-08-29-09-12-05,1787966832.275,2026-08-29 09:27:12.275,0.401,1
run_20260829_2026-08-29-09-12-05,1787966832.476,2026-08-29 09:27:12.476,0.0,1
run_20260829_2026-08-29-09-12-05,1787966833.277,2026-08-29 09:27:13.277,0.401,1
run_20260829_2026-08-29-09-12-05,1787966833.277,2026-08-29 09:27:13.277,0.0,1
run_20260829_2026-08-29-09-12-05,1787966899.474,2026-08-29 09:28:19.474,0.0,1
run_20260829_2026-08-29-09-12-05,1787966900.276,2026-08-29 09:28:20.276,0.401,1
run_20260829_2026-08-29-09-12-05,1787966900.279,2026-08-29 09:28:20.279,0.003,1
run_20260829_2026-08-29-09-12-05,1787966966.476,2026-08-29 09:29:26.476,0.001,1
run_20260829_2026-08-29-09-12-05,1787966967.278,2026-08-29 09:29:27.278,0.4,1
run_20260829_2026-08-29-09-12-05,1787966967.479,2026-08-29 09:29:27.479,0.001,1
run_20260829_2026-08-29-09-12-05,1787966968.28,2026-08-29 09:29:28.280,0.401,1
run_20260829_2026-08-29-09-12-05,1787966968.28,2026-08-29 09:29:28.280,0.0,1
run_20260829_2026-08-29-09-12-05,1787967031.675,2026-08-29 09:30:31.675,0.001,1
run_20260829_2026-08-29-09-12-05,1787967032.276,2026-08-29 09:30:32.276,0.4,1
run_20260829_2026-08-29-09-12-05,1787967032.477,2026-08-29 09:30:32.477,0.0,1
run_20260829_2026-08-29-09-12-05,1787967034.681,2026-08-29 09:30:34.681,0.401,1
run_20260829_2026-08-29-09-12-05,1787967034.682,2026-08-29 09:30:34.682,0.001,1
run_20260829_2026-08-29-09-12-05,1787967096.873,2026-08-29 09:31:36.873,0.001,1
run_20260829_2026-08-29-09-12-05,1787967097.274,2026-08-29 09:31:37.274,0.401,1
run_20260829_2026-08-29-09-12-05,1787967097.474,2026-08-29 09:31:37.474,0.0,1
run_20260829_2026-08-29-09-12-05,1787967098.276,2026-08-29 09:31:38.276,0.401,1
run_20260829_2026-08-29-09-12-05,1787967098.477,2026-08-29 09:31:38.477,0.0,1
run_20260829_2026-08-29-09-12-05,1787967163.873,2026-08-29 09:32:43.873,0.0,1
run_20260829_2026-08-29-09-12-05,1787967164.274,2026-08-29 09:32:44.274,0.401,1
run_20260829_2026-08-29-09-12-05,1787967164.476,2026-08-29 09:32:44.476,0.0,1
run_20260829_2026-08-29-09-12-05,1787967164.876,2026-08-29 09:32:44.876,0.4,1
run_20260829_2026-08-29-09-12-05,1787967165.879,2026-08-29 09:32:45.879,0.0,1
run_20260829_2026-08-29-09-12-05,1787967166.279,2026-08-29 09:32:46.279,0.4,1
run_20260829_2026-08-29-09-12-05,1787967166.481,2026-08-29 09:32:46.481,0.0,1
run_20260829_2026-08-29-09-12-05,1787967167.483,2026-08-29 09:32:47.483,0.401,1
run_20260829_2026-08-29-09-12-05,1787967167.484,2026-08-29 09:32:47.484,0.001,1
run_20260829_2026-08-29-09-12-05,1787967229.475,2026-08-29 09:33:49.475,0.0,1
run_20260829_2026-08-29-09-12-05,1787967229.876,2026-08-29 09:33:49.876,0.401,1
run_20260829_2026-08-29-09-12-05,1787967229.877,2026-08-29 09:33:49.877,0.001,1
run_20260829_2026-08-29-09-12-05,1787967230.277,2026-08-29 09:33:50.277,0.4,1
run_20260829_2026-08-29-09-12-05,1787967231.279,2026-08-29 09:33:51.279,0.0,1
run_20260829_2026-08-29-09-12-05,1787967231.679,2026-08-29 09:33:51.679,0.4,1
run_20260829_2026-08-29-09-12-05,1787967231.68,2026-08-29 09:33:51.680,0.0,1
run_20260829_2026-08-29-09-12-05,1787967232.08,2026-08-29 09:33:52.080,0.401,1
run_20260829_2026-08-29-09-12-05,1787967232.284,2026-08-29 09:33:52.284,0.0,1
run_20260829_2026-08-29-09-12-05,1787967295.274,2026-08-29 09:34:55.274,0.001,1
run_20260829_2026-08-29-09-12-05,1787967295.674,2026-08-29 09:34:55.674,0.4,1
run_20260829_2026-08-29-09-12-05,1787967297.28,2026-08-29 09:34:57.280,0.002,1
run_20260829_2026-08-29-09-12-05,1787967297.68,2026-08-29 09:34:57.680,0.4,1
run_20260829_2026-08-29-09-12-05,1787967297.88,2026-08-29 09:34:57.880,0.0,1
run_20260829_2026-08-29-09-12-05,1787967298.281,2026-08-29 09:34:58.281,0.401,1
run_20260829_2026-08-29-09-12-05,1787967298.282,2026-08-29 09:34:58.282,0.001,1
run_20260829_2026-08-29-09-12-05,1787967363.678,2026-08-29 09:36:03.678,0.0,1
run_20260829_2026-08-29-09-12-05,1787967364.079,2026-08-29 09:36:04.079,0.4,1
run_20260829_2026-08-29-09-12-05,1787967364.68,2026-08-29 09:36:04.680,0.0,1
run_20260829_2026-08-29-09-12-05,1787967365.281,2026-08-29 09:36:05.281,0.4,1
run_20260829_2026-08-29-09-12-05,1787967365.482,2026-08-29 09:36:05.482,0.0,1
run_20260829_2026-08-29-09-12-05,1787967366.283,2026-08-29 09:36:06.283,0.4,1
run_20260829_2026-08-29-09-12-05,1787967366.685,2026-08-29 09:36:06.685,0.0,1
run_20260829_2026-08-29-09-12-05,1787967429.879,2026-08-29 09:37:09.879,0.0,1
run_20260829_2026-08-29-09-12-05,1787967430.279,2026-08-29 09:37:10.279,0.4,1
run_20260829_2026-08-29-09-12-05,1787967430.48,2026-08-29 09:37:10.480,0.0,1
run_20260829_2026-08-29-09-12-05,1787967430.881,2026-08-29 09:37:10.881,0.401,1
run_20260829_2026-08-29-09-12-05,1787967431.482,2026-08-29 09:37:11.482,0.0,1
run_20260829_2026-08-29-09-12-05,1787967432.484,2026-08-29 09:37:12.484,0.4,1
run_20260829_2026-08-29-09-12-05,1787967432.484,2026-08-29 09:37:12.484,0.0,1
run_20260829_2026-08-29-09-12-05,1787967435.696,2026-08-29 09:37:15.696,0.401,1
run_20260829_2026-08-29-09-12-05,1787967435.696,2026-08-29 09:37:15.696,0.0,1
run_20260829_2026-08-29-09-12-05,1787967494.477,2026-08-29 09:38:14.477,0.0,1
run_20260829_2026-08-29-09-12-05,1787967495.077,2026-08-29 09:38:15.077,0.401,1
run_20260829_2026-08-29-09-12-05,1787967495.278,2026-08-29 09:38:15.278,0.0,1
run_20260829_2026-08-29-09-12-05,1787967496.28,2026-08-29 09:38:16.280,0.401,1
run_20260829_2026-08-29-09-12-05,1787967496.28,2026-08-29 09:38:16.280,0.0,1
run_20260829_2026-08-29-09-12-05,1787967498.688,2026-08-29 09:38:18.688,0.403,1
run_20260829_2026-08-29-09-12-05,1787967498.688,2026-08-29 09:38:18.688,0.0,1
run_20260829_2026-08-29-09-12-05,1787967526.581,2026-08-29 09:38:46.581,0.215,1
run_20260829_2026-08-29-09-12-05,1787967555.677,2026-08-29 09:39:15.677,0.0,1
run_20260829_2026-08-29-09-12-05,1787967556.078,2026-08-29 09:39:16.078,0.4,1
run_20260829_2026-08-29-09-12-05,1787967556.48,2026-08-29 09:39:16.480,0.001,1
run_20260829_2026-08-29-09-12-05,1787967558.283,2026-08-29 09:39:18.283,0.4,1
run_20260829_2026-08-29-09-12-05,1787967558.283,2026-08-29 09:39:18.283,0.0,1
run_20260829_2026-08-29-09-12-05,1787967559.287,2026-08-29 09:39:19.287,0.401,1
run_20260829_2026-08-29-09-12-05,1787967559.287,2026-08-29 09:39:19.287,0.0,1
run_20260829_2026-08-29-09-12-05,1787967622.476,2026-08-29 09:40:22.476,0.0,1
run_20260829_2026-08-29-09-12-05,1787967622.876,2026-08-29 09:40:22.876,0.4,1
run_20260829_2026-08-29-09-12-05,1787967623.278,2026-08-29 09:40:23.278,0.0,1
run_20260829_2026-08-29-09-12-05,1787967624.281,2026-08-29 09:40:24.281,0.402,1
run_20260829_2026-08-29-09-12-05,1787967624.481,2026-08-29 09:40:24.481,0.0,1
run_20260829_2026-08-29-09-12-05,1787967627.689,2026-08-29 09:40:27.689,0.401,1
run_20260829_2026-08-29-09-12-05,1787967627.689,2026-08-29 09:40:27.689,0.0,1
run_20260829_2026-08-29-09-12-05,1787967687.673,2026-08-29 09:41:27.673,0.0,1
run_20260829_2026-08-29-09-12-05,1787967688.073,2026-08-29 09:41:28.073,0.4,1
run_20260829_2026-08-29-09-12-05,1787967688.474,2026-08-29 09:41:28.474,0.0,1
run_20260829_2026-08-29-09-12-05,1787967689.276,2026-08-29 09:41:29.276,0.401,1
run_20260829_2026-08-29-09-12-05,1787967689.279,2026-08-29 09:41:29.279,0.003,1
run_20260829_2026-08-29-09-12-05,1787967753.675,2026-08-29 09:42:33.675,0.0,1
run_20260829_2026-08-29-09-12-05,1787967754.276,2026-08-29 09:42:34.276,0.401,1
run_20260829_2026-08-29-09-12-05,1787967754.479,2026-08-29 09:42:34.479,0.003,1
run_20260829_2026-08-29-09-12-05,1787967755.681,2026-08-29 09:42:35.681,0.4,1
run_20260829_2026-08-29-09-12-05,1787967755.681,2026-08-29 09:42:35.681,0.0,1
run_20260829_2026-08-29-09-12-05,1787967820.473,2026-08-29 09:43:40.473,0.0,1
run_20260829_2026-08-29-09-12-05,1787967821.275,2026-08-29 09:43:41.275,0.4,1
run_20260829_2026-08-29-09-12-05,1787967821.275,2026-08-29 09:43:41.275,0.0,1
run_20260829_2026-08-29-09-12-05,1787967888.673,2026-08-29 09:44:48.673,0.0,1
run_20260829_2026-08-29-09-12-05,1787967889.275,2026-08-29 09:44:49.275,0.401,1
run_20260829_2026-08-29-09-12-05,1787967889.275,2026-08-29 09:44:49.275,0.001,1
run_20260829_2026-08-29-09-12-05,1787967955.681,2026-08-29 09:45:55.681,0.0,1
run_20260829_2026-08-29-09-12-05,1787967956.281,2026-08-29 09:45:56.281,0.4,1
run_20260829_2026-08-29-09-12-05,1787967956.683,2026-08-29 09:45:56.683,0.0,1
run_20260829_2026-08-29-09-12-05,1787968019.679,2026-08-29 09:46:59.679,0.0,1
run_20260829_2026-08-29-09-12-05,1787968020.279,2026-08-29 09:47:00.279,0.4,1
run_20260829_2026-08-29-09-12-05,1787968020.279,2026-08-29 09:47:00.279,0.0,1
run_20260829_2026-08-29-09-12-05,1787968084.474,2026-08-29 09:48:04.474,0.0,1
run_20260829_2026-08-29-09-12-05,1787968085.076,2026-08-29 09:48:05.076,0.401,1
run_20260829_2026-08-29-09-12-05,1787968085.277,2026-08-29 09:48:05.277,0.0,1
run_20260829_2026-08-29-09-12-05,1787968151.68,2026-08-29 09:49:11.680,0.0,1
run_20260829_2026-08-29-09-12-05,1787968152.08,2026-08-29 09:49:12.080,0.401,1
run_20260829_2026-08-29-09-12-05,1787968152.282,2026-08-29 09:49:12.282,0.001,1
run_20260829_2026-08-29-09-12-05,1787968153.283,2026-08-29 09:49:13.283,0.401,1
run_20260829_2026-08-29-09-12-05,1787968153.284,2026-08-29 09:49:13.284,0.0,1
run_20260829_2026-08-29-09-12-05,1787968215.675,2026-08-29 09:50:15.675,0.0,1
run_20260829_2026-08-29-09-12-05,1787968216.276,2026-08-29 09:50:16.276,0.4,1
run_20260829_2026-08-29-09-12-05,1787968216.478,2026-08-29 09:50:16.478,0.002,1
run_20260829_2026-08-29-09-12-05,1787968217.48,2026-08-29 09:50:17.480,0.401,1
run_20260829_2026-08-29-09-12-05,1787968217.481,2026-08-29 09:50:17.481,0.001,1
run_20260829_2026-08-29-09-12-05,1787968277.274,2026-08-29 09:51:17.274,0.0,1
run_20260829_2026-08-29-09-12-05,1787968344.474,2026-08-29 09:52:24.474,0.0,1
run_20260829_2026-08-29-09-12-05,1787968345.276,2026-08-29 09:52:25.276,0.401,1
run_20260829_2026-08-29-09-12-05,1787968345.276,2026-08-29 09:52:25.276,0.0,1
run_20260829_2026-08-29-09-12-05,1787968346.078,2026-08-29 09:52:26.078,0.4,1
run_20260829_2026-08-29-09-12-05,1787968346.078,2026-08-29 09:52:26.078,0.0,1
run_20260829_2026-08-29-09-12-05,1787968346.678,2026-08-29 09:52:26.678,0.4,1
run_20260829_2026-08-29-09-12-05,1787968346.679,2026-08-29 09:52:26.679,0.0,1
run_20260829_2026-08-29-09-12-05,1787968409.872,2026-08-29 09:53:29.872,0.0,1
run_20260829_2026-08-29-09-12-05,1787968410.273,2026-08-29 09:53:30.273,0.401,1
run_20260829_2026-08-29-09-12-05,1787968410.473,2026-08-29 09:53:30.473,0.0,1
run_20260829_2026-08-29-09-12-05,1787968411.276,2026-08-29 09:53:31.276,0.401,1
run_20260829_2026-08-29-09-12-05,1787968411.476,2026-08-29 09:53:31.476,0.0,1
run_20260829_2026-08-29-09-12-05,1787968412.277,2026-08-29 09:53:32.277,0.4,1
run_20260829_2026-08-29-09-12-05,1787968412.279,2026-08-29 09:53:32.279,0.003,1
run_20260829_2026-08-29-09-12-05,1787968473.674,2026-08-29 09:54:33.674,0.0,1
run_20260829_2026-08-29-09-12-05,1787968474.275,2026-08-29 09:54:34.275,0.4,1
run_20260829_2026-08-29-09-12-05,1787968475.077,2026-08-29 09:54:35.077,0.0,1
run_20260829_2026-08-29-09-12-05,1787968535.673,2026-08-29 09:55:35.673,0.001,1
run_20260829_2026-08-29-09-12-05,1787968536.275,2026-08-29 09:55:36.275,0.401,1
run_20260829_2026-08-29-09-12-05,1787968536.476,2026-08-29 09:55:36.476,0.0,1
run_20260829_2026-08-29-09-12-05,1787968537.278,2026-08-29 09:55:37.278,0.4,1
run_20260829_2026-08-29-09-12-05,1787968537.278,2026-08-29 09:55:37.278,0.0,1
run_20260829_2026-08-29-09-12-05,1787968599.871,2026-08-29 09:56:39.871,0.001,1
run_20260829_2026-08-29-09-12-05,1787968600.271,2026-08-29 09:56:40.271,0.4,1
run_20260829_2026-08-29-09-12-05,1787968600.472,2026-08-29 09:56:40.472,0.0,1
run_20260829_2026-08-29-09-12-05,1787968601.274,2026-08-29 09:56:41.274,0.401,1
run_20260829_2026-08-29-09-12-05,1787968601.475,2026-08-29 09:56:41.475,0.0,1
run_20260829_2026-08-29-09-12-05,1787968602.277,2026-08-29 09:56:42.277,0.401,1
run_20260829_2026-08-29-09-12-05,1787968602.477,2026-08-29 09:56:42.477,0.0,1
run_20260829_2026-08-29-09-12-05,1787968666.466,2026-08-29 09:57:46.466,0.0,1
run_20260829_2026-08-29-09-12-05,1787968667.267,2026-08-29 09:57:47.267,0.401,1
run_20260829_2026-08-29-09-12-05,1787968667.268,2026-08-29 09:57:47.268,0.001,1
run_20260829_2026-08-29-09-12-05,1787968733.469,2026-08-29 09:58:53.469,0.003,1
run_20260829_2026-08-29-09-12-05,1787968734.271,2026-08-29 09:58:54.271,0.401,1
run_20260829_2026-08-29-09-12-05,1787968734.271,2026-08-29 09:58:54.271,0.0,1
run_20260829_2026-08-29-09-12-05,1787968792.866,2026-08-29 09:59:52.866,0.0,1
run_20260829_2026-08-29-09-12-05,1787968793.267,2026-08-29 09:59:53.267,0.4,1
run_20260829_2026-08-29-09-12-05,1787968793.467,2026-08-29 09:59:53.467,0.0,1
run_20260829_2026-08-29-09-12-05,1787968795.274,2026-08-29 09:59:55.274,0.4,1
run_20260829_2026-08-29-09-12-05,1787968795.274,2026-08-29 09:59:55.274,0.0,1
run_20260829_2026-08-29-09-12-05,1787968853.869,2026-08-29 10:00:53.869,0.003,1
run_20260829_2026-08-29-09-12-05,1787968854.27,2026-08-29 10:00:54.270,0.4,1
run_20260829_2026-08-29-09-12-05,1787968854.47,2026-08-29 10:00:54.470,0.0,1
run_20260829_2026-08-29-09-12-05,1787968855.273,2026-08-29 10:00:55.273,0.401,1
run_20260829_2026-08-29-09-12-05,1787968855.273,2026-08-29 10:00:55.273,0.0,1
run_20260829_2026-08-29-09-12-05,1787968916.671,2026-08-29 10:01:56.671,0.0,1
run_20260829_2026-08-29-09-12-05,1787968917.272,2026-08-29 10:01:57.272,0.401,1
run_20260829_2026-08-29-09-12-05,1787968917.474,2026-08-29 10:01:57.474,0.0,1
run_20260829_2026-08-29-09-12-05,1787968918.275,2026-08-29 10:01:58.275,0.401,1
run_20260829_2026-08-29-09-12-05,1787968918.276,2026-08-29 10:01:58.276,0.001,1
run_20260829_2026-08-29-09-12-05,1787968973.666,2026-08-29 10:02:53.666,0.0,1
run_20260829_2026-08-29-09-12-05,1787968974.267,2026-08-29 10:02:54.267,0.401,1
run_20260829_2026-08-29-09-12-05,1787968974.671,2026-08-29 10:02:54.671,0.0,1
run_20260829_2026-08-29-09-12-05,1787969032.668,2026-08-29 10:03:52.668,0.001,1
run_20260829_2026-08-29-09-12-05,1787969033.069,2026-08-29 10:03:53.069,0.401,1
run_20260829_2026-08-29-09-12-05,1787969033.269,2026-08-29 10:03:53.269,0.0,1
run_20260830_2026-08-30-09-41-47,1788054139.465,2026-08-30 09:42:19.465,0.0,1
run_20260830_2026-08-30-09-41-47,1788054140.267,2026-08-30 09:42:20.267,0.401,1
run_20260830_2026-08-30-09-41-47,1788054140.267,2026-08-30 09:42:20.267,0.0,1
run_20260830_2026-08-30-09-44-06,1788054284.663,2026-08-30 09:44:44.663,0.0,1
run_20260830_2026-08-30-09-44-06,1788054285.065,2026-08-30 09:44:45.065,0.401,1
run_20260830_2026-08-30-09-44-06,1788054285.666,2026-08-30 09:44:45.666,0.0,1
run_20260830_2026-08-30-09-44-06,1788054286.268,2026-08-30 09:44:46.268,0.401,1
run_20260830_2026-08-30-09-44-06,1788054286.269,2026-08-30 09:44:46.269,0.001,1
run_20260830_2026-08-30-09-44-06,1788054287.271,2026-08-30 09:44:47.271,0.401,1
run_20260830_2026-08-30-09-44-06,1788054287.274,2026-08-30 09:44:47.274,0.003,1
run_20260830_2026-08-30-09-44-06,1788054344.667,2026-08-30 09:45:44.667,0.0,1
run_20260830_2026-08-30-09-44-06,1788054345.068,2026-08-30 09:45:45.068,0.401,1
run_20260830_2026-08-30-09-44-06,1788054345.671,2026-08-30 09:45:45.671,0.001,1
run_20260830_2026-08-30-09-44-06,1788054346.272,2026-08-30 09:45:46.272,0.401,1
run_20260830_2026-08-30-09-44-06,1788054346.272,2026-08-30 09:45:46.272,0.0,1
run_20260830_2026-08-30-09-44-06,1788054400.669,2026-08-30 09:46:40.669,0.001,1
run_20260830_2026-08-30-09-44-06,1788054401.07,2026-08-30 09:46:41.070,0.401,1
run_20260830_2026-08-30-09-44-06,1788054401.672,2026-08-30 09:46:41.672,0.001,1
run_20260830_2026-08-30-09-44-06,1788054402.274,2026-08-30 09:46:42.274,0.401,1
run_20260830_2026-08-30-09-44-06,1788054402.274,2026-08-30 09:46:42.274,0.0,1
run_20260830_2026-08-30-09-44-06,1788054455.671,2026-08-30 09:47:35.671,0.0,1
run_20260830_2026-08-30-09-44-06,1788054456.071,2026-08-30 09:47:36.071,0.4,1
run_20260830_2026-08-30-09-44-06,1788054456.273,2026-08-30 09:47:36.273,0.0,1
run_20260830_2026-08-30-09-44-06,1788054510.669,2026-08-30 09:48:30.669,0.0,1
run_20260830_2026-08-30-09-44-06,1788054511.069,2026-08-30 09:48:31.069,0.401,1
run_20260830_2026-08-30-09-44-06,1788054511.471,2026-08-30 09:48:31.471,0.0,1
run_20260830_2026-08-30-09-44-06,1788054512.273,2026-08-30 09:48:32.273,0.401,1
run_20260830_2026-08-30-09-44-06,1788054512.274,2026-08-30 09:48:32.274,0.001,1
run_20260830_2026-08-30-09-44-06,1788054514.483,2026-08-30 09:48:34.483,0.401,1
run_20260830_2026-08-30-09-44-06,1788054514.483,2026-08-30 09:48:34.483,0.001,1
run_20260830_2026-08-30-09-44-06,1788054565.67,2026-08-30 09:49:25.670,0.001,1
run_20260830_2026-08-30-09-44-06,1788054566.272,2026-08-30 09:49:26.272,0.401,1
run_20260830_2026-08-30-09-44-06,1788054566.272,2026-08-30 09:49:26.272,0.0,1
run_20260830_2026-08-30-09-44-06,1788054566.674,2026-08-30 09:49:26.674,0.402,1
run_20260830_2026-08-30-09-44-06,1788054566.674,2026-08-30 09:49:26.674,0.0,1
run_20260830_2026-08-30-09-44-06,1788054619.269,2026-08-30 09:50:19.269,0.0,1
run_20260830_2026-08-30-09-44-06,1788054619.67,2026-08-30 09:50:19.670,0.401,1
run_20260830_2026-08-30-09-44-06,1788054619.871,2026-08-30 09:50:19.871,0.001,1
run_20260830_2026-08-30-09-44-06,1788054620.271,2026-08-30 09:50:20.271,0.401,1
run_20260830_2026-08-30-09-44-06,1788054620.272,2026-08-30 09:50:20.272,0.0,1
run_20260830_2026-08-30-09-44-06,1788054621.275,2026-08-30 09:50:21.275,0.402,1
run_20260830_2026-08-30-09-44-06,1788054621.275,2026-08-30 09:50:21.275,0.0,1
run_20260830_2026-08-30-09-44-06,1788054674.67,2026-08-30 09:51:14.670,0.0,1
run_20260830_2026-08-30-09-44-06,1788054675.071,2026-08-30 09:51:15.071,0.401,1
run_20260830_2026-08-30-09-44-06,1788054675.674,2026-08-30 09:51:15.674,0.0,1
run_20260830_2026-08-30-09-44-06,1788054676.275,2026-08-30 09:51:16.275,0.401,1
run_20260830_2026-08-30-09-44-06,1788054676.276,2026-08-30 09:51:16.276,0.001,1
run_20260830_2026-08-30-09-44-06,1788054730.271,2026-08-30 09:52:10.271,0.0,1
run_20260830_2026-08-30-09-44-06,1788054730.671,2026-08-30 09:52:10.671,0.401,1
run_20260830_2026-08-30-09-44-06,1788054730.673,2026-08-30 09:52:10.673,0.001,1
run_20260830_2026-08-30-09-44-06,1788054731.274,2026-08-30 09:52:11.274,0.401,1
run_20260830_2026-08-30-09-44-06,1788054731.274,2026-08-30 09:52:11.274,0.0,1
run_20260830_2026-08-30-09-44-06,1788054785.275,2026-08-30 09:53:05.275,0.0,1
run_20260830_2026-08-30-09-44-06,1788054786.278,2026-08-30 09:53:06.278,0.401,1
run_20260830_2026-08-30-09-44-06,1788054786.278,2026-08-30 09:53:06.278,0.0,1
run_20260830_2026-08-30-09-44-06,1788054787.281,2026-08-30 09:53:07.281,0.401,1
run_20260830_2026-08-30-09-44-06,1788054787.281,2026-08-30 09:53:07.281,0.0,1
run_20260830_2026-08-30-09-44-06,1788054838.273,2026-08-30 09:53:58.273,0.0,1
run_20260830_2026-08-30-09-44-06,1788054838.673,2026-08-30 09:53:58.673,0.401,1
run_20260830_2026-08-30-09-44-06,1788054838.874,2026-08-30 09:53:58.874,0.0,1
run_20260830_2026-08-30-09-44-06,1788054839.275,2026-08-30 09:53:59.275,0.401,1
run_20260830_2026-08-30-09-44-06,1788054839.276,2026-08-30 09:53:59.276,0.001,1
run_20260830_2026-08-30-09-44-06,1788054840.279,2026-08-30 09:54:00.279,0.401,1
run_20260830_2026-08-30-09-44-06,1788054840.282,2026-08-30 09:54:00.282,0.003,1
run_20260830_2026-08-30-09-44-06,1788054893.875,2026-08-30 09:54:53.875,0.0,1
run_20260830_2026-08-30-09-44-06,1788054894.275,2026-08-30 09:54:54.275,0.401,1
run_20260830_2026-08-30-09-44-06,1788054894.477,2026-08-30 09:54:54.477,0.001,1
run_20260830_2026-08-30-09-44-06,1788054895.279,2026-08-30 09:54:55.279,0.401,1
run_20260830_2026-08-30-09-44-06,1788054895.279,2026-08-30 09:54:55.279,0.0,1
run_20260830_2026-08-30-09-44-06,1788054896.685,2026-08-30 09:54:56.685,0.401,1
run_20260830_2026-08-30-09-44-06,1788054896.685,2026-08-30 09:54:56.685,0.001,1
run_20260830_2026-08-30-09-44-06,1788054949.277,2026-08-30 09:55:49.277,0.0,1
run_20260830_2026-08-30-10-12-33,1788055989.848,2026-08-30 10:13:09.848,0.0,1
run_20260830_2026-08-30-10-12-33,1788055990.249,2026-08-30 10:13:10.249,0.401,1
run_20260830_2026-08-30-10-12-33,1788055990.651,2026-08-30 10:13:10.651,0.0,1
run_20260830_2026-08-30-10-12-33,1788055991.253,2026-08-30 10:13:11.253,0.401,1
run_20260830_2026-08-30-10-12-33,1788055991.254,2026-08-30 10:13:11.254,0.001,1
run_20260830_2026-08-30-10-12-33,1788055992.257,2026-08-30 10:13:12.257,0.401,1
run_20260830_2026-08-30-10-12-33,1788055992.258,2026-08-30 10:13:12.258,0.001,1
run_20260830_2026-08-30-10-12-33,1788056039.249,2026-08-30 10:13:59.249,0.0,1
run_20260830_2026-08-30-10-12-33,1788056042.461,2026-08-30 10:14:02.461,0.401,1
run_20260830_2026-08-30-10-12-33,1788056042.462,2026-08-30 10:14:02.462,0.001,1
run_20260830_2026-08-30-10-15-08,1788056115.65,2026-08-30 10:15:15.650,0.0,1
run_20260830_2026-08-30-10-15-08,1788056116.251,2026-08-30 10:15:16.251,0.401,1
run_20260830_2026-08-30-10-15-08,1788056116.452,2026-08-30 10:15:16.452,0.0,1
run_20260830_2026-08-30-10-15-08,1788056117.253,2026-08-30 10:15:17.253,0.4,1
run_20260830_2026-08-30-10-15-08,1788056117.254,2026-08-30 10:15:17.254,0.0,1
run_20260830_2026-08-30-10-15-08,1788056175.65,2026-08-30 10:16:15.650,0.0,1
run_20260830_2026-08-30-10-15-08,1788056176.251,2026-08-30 10:16:16.251,0.401,1
run_20260830_2026-08-30-10-15-08,1788056176.452,2026-08-30 10:16:16.452,0.001,1
run_20260830_2026-08-30-10-15-08,1788056229.244,2026-08-30 10:17:09.244,0.0,1
run_20260830_2026-08-30-10-15-08,1788056229.645,2026-08-30 10:17:09.645,0.4,1
run_20260830_2026-08-30-10-15-08,1788056229.846,2026-08-30 10:17:09.846,0.0,1
run_20260830_2026-08-30-10-15-08,1788056230.247,2026-08-30 10:17:10.247,0.401,1
run_20260830_2026-08-30-10-15-08,1788056230.652,2026-08-30 10:17:10.652,0.004,1
run_20260830_2026-08-30-10-15-08,1788056232.858,2026-08-30 10:17:12.858,0.401,1
run_20260830_2026-08-30-10-15-08,1788056232.859,2026-08-30 10:17:12.859,0.001,1
run_20260830_2026-08-30-10-15-08,1788056281.244,2026-08-30 10:18:01.244,0.0,1
run_20260830_2026-08-30-10-15-08,1788056281.645,2026-08-30 10:18:01.645,0.401,1
run_20260830_2026-08-30-10-15-08,1788056281.645,2026-08-30 10:18:01.645,0.0,1
run_20260830_2026-08-30-10-15-08,1788056282.045,2026-08-30 10:18:02.045,0.401,1
run_20260830_2026-08-30-10-15-08,1788056282.648,2026-08-30 10:18:02.648,0.0,1
run_20260830_2026-08-30-10-15-08,1788056336.646,2026-08-30 10:18:56.646,0.0,1
run_20260830_2026-08-30-10-15-08,1788056337.046,2026-08-30 10:18:57.046,0.401,1
run_20260830_2026-08-30-10-15-08,1788056337.248,2026-08-30 10:18:57.248,0.001,1
run_20260830_2026-08-30-10-15-08,1788056338.25,2026-08-30 10:18:58.250,0.401,1
run_20260830_2026-08-30-10-15-08,1788056338.451,2026-08-30 10:18:58.451,0.0,1
run_20260830_2026-08-30-10-15-08,1788056339.454,2026-08-30 10:18:59.454,0.401,1
run_20260830_2026-08-30-10-15-08,1788056339.454,2026-08-30 10:18:59.454,0.001,1
run_20260830_2026-08-30-10-15-08,1788056390.642,2026-08-30 10:19:50.642,0.0,1
run_20260830_2026-08-30-10-15-08,1788056391.043,2026-08-30 10:19:51.043,0.401,1
run_20260830_2026-08-30-10-15-08,1788056391.647,2026-08-30 10:19:51.647,0.003,1
run_20260830_2026-08-30-10-15-08,1788056392.248,2026-08-30 10:19:52.248,0.401,1
run_20260830_2026-08-30-10-15-08,1788056392.248,2026-08-30 10:19:52.248,0.0,1
run_20260830_2026-08-30-10-15-08,1788056393.452,2026-08-30 10:19:53.452,0.401,1
run_20260830_2026-08-30-10-15-08,1788056393.452,2026-08-30 10:19:53.452,0.0,1
run_20260830_2026-08-30-10-15-08,1788056446.243,2026-08-30 10:20:46.243,0.0,1
run_20260830_2026-08-30-10-15-08,1788056446.644,2026-08-30 10:20:46.644,0.401,1
run_20260830_2026-08-30-10-15-08,1788056446.846,2026-08-30 10:20:46.846,0.002,1
run_20260830_2026-08-30-10-15-08,1788056447.247,2026-08-30 10:20:47.247,0.401,1
run_20260830_2026-08-30-10-15-08,1788056447.247,2026-08-30 10:20:47.247,0.0,1
run_20260830_2026-08-30-10-15-08,1788056449.454,2026-08-30 10:20:49.454,0.401,1
run_20260830_2026-08-30-10-15-08,1788056449.455,2026-08-30 10:20:49.455,0.0,1
run_20260830_2026-08-30-10-15-08,1788056503.646,2026-08-30 10:21:43.646,0.0,1
run_20260830_2026-08-30-10-15-08,1788056504.247,2026-08-30 10:21:44.247,0.401,1
run_20260830_2026-08-30-10-15-08,1788056504.448,2026-08-30 10:21:44.448,0.0,1
run_20260830_2026-08-30-10-15-08,1788056558.842,2026-08-30 10:22:38.842,0.0,1
run_20260830_2026-08-30-10-15-08,1788056559.242,2026-08-30 10:22:39.242,0.401,1
run_20260830_2026-08-30-10-15-08,1788056559.644,2026-08-30 10:22:39.644,0.0,1
run_20260830_2026-08-30-10-15-08,1788056560.246,2026-08-30 10:22:40.246,0.401,1
run_20260830_2026-08-30-10-15-08,1788056560.246,2026-08-30 10:22:40.246,0.0,1
run_20260830_2026-08-30-10-35-18,1788057342.623,2026-08-30 10:35:42.623,0.0,1
run_20260830_2026-08-30-10-35-18,1788057343.023,2026-08-30 10:35:43.023,0.4,1
run_20260830_2026-08-30-10-35-18,1788057343.223,2026-08-30 10:35:43.223,0.0,1
run_20260830_2026-08-30-10-35-18,1788057344.225,2026-08-30 10:35:44.225,0.401,1
run_20260830_2026-08-30-10-35-18,1788057344.428,2026-08-30 10:35:44.428,0.002,1
run_20260830_2026-08-30-10-35-18,1788057396.816,2026-08-30 10:36:36.816,0.0,1
run_20260830_2026-08-30-10-35-18,1788057397.217,2026-08-30 10:36:37.217,0.401,1
run_20260830_2026-08-30-10-35-18,1788057397.217,2026-08-30 10:36:37.217,0.0,1
run_20260830_2026-08-30-10-35-18,1788057398.22,2026-08-30 10:36:38.220,0.401,1
run_20260830_2026-08-30-10-35-18,1788057398.22,2026-08-30 10:36:38.220,0.0,1
run_20260830_2026-08-30-10-35-18,1788057451.219,2026-08-30 10:37:31.219,0.0,1
run_20260830_2026-08-30-10-35-18,1788057451.62,2026-08-30 10:37:31.620,0.401,1
run_20260830_2026-08-30-10-35-18,1788057451.62,2026-08-30 10:37:31.620,0.0,1
run_20260830_2026-08-30-10-35-18,1788057452.021,2026-08-30 10:37:32.021,0.401,1
run_20260830_2026-08-30-10-35-18,1788057452.424,2026-08-30 10:37:32.424,0.0,1
run_20260830_2026-08-30-10-35-18,1788057453.226,2026-08-30 10:37:33.226,0.401,1
run_20260830_2026-08-30-10-35-18,1788057453.226,2026-08-30 10:37:33.226,0.0,1
run_20260830_2026-08-30-10-35-18,1788057503.625,2026-08-30 10:38:23.625,0.0,1
run_20260830_2026-08-30-10-35-18,1788057504.026,2026-08-30 10:38:24.026,0.4,1
run_20260830_2026-08-30-10-35-18,1788057504.428,2026-08-30 10:38:24.428,0.001,1
run_20260830_2026-08-30-10-35-18,1788057505.229,2026-08-30 10:38:25.229,0.401,1
run_20260830_2026-08-30-10-35-18,1788057505.23,2026-08-30 10:38:25.230,0.0,1
run_20260830_2026-08-30-10-35-18,1788057557.625,2026-08-30 10:39:17.625,0.001,1
run_20260830_2026-08-30-10-35-18,1788057558.026,2026-08-30 10:39:18.026,0.401,1
run_20260830_2026-08-30-10-35-18,1788057558.226,2026-08-30 10:39:18.226,0.0,1
run_20260830_2026-08-30-10-35-18,1788057558.627,2026-08-30 10:39:18.627,0.4,1
run_20260830_2026-08-30-10-35-18,1788057558.628,2026-08-30 10:39:18.628,0.001,1
run_20260830_2026-08-30-10-35-18,1788057559.228,2026-08-30 10:39:19.228,0.4,1
run_20260830_2026-08-30-10-35-18,1788057559.229,2026-08-30 10:39:19.229,0.0,1
run_20260830_2026-08-30-10-35-18,1788057613.624,2026-08-30 10:40:13.624,0.0,1
run_20260830_2026-08-30-10-35-18,1788057614.024,2026-08-30 10:40:14.024,0.4,1
run_20260830_2026-08-30-10-35-18,1788057614.225,2026-08-30 10:40:14.225,0.0,1
run_20260830_2026-08-30-10-35-18,1788057615.227,2026-08-30 10:40:15.227,0.401,1
run_20260830_2026-08-30-10-35-18,1788057615.227,2026-08-30 10:40:15.227,0.0,1
run_20260830_2026-08-30-10-35-18,1788057616.23,2026-08-30 10:40:16.230,0.401,1
run_20260830_2026-08-30-10-35-18,1788057616.233,2026-08-30 10:40:16.233,0.003,1
run_20260830_2026-08-30-10-35-18,1788057669.821,2026-08-30 10:41:09.821,0.0,1
run_20260830_2026-08-30-10-35-18,1788057670.222,2026-08-30 10:41:10.222,0.401,1
run_20260830_2026-08-30-10-35-18,1788057670.222,2026-08-30 10:41:10.222,0.001,1
run_20260830_2026-08-30-10-35-18,1788057671.225,2026-08-30 10:41:11.225,0.4,1
run_20260830_2026-08-30-10-35-18,1788057671.225,2026-08-30 10:41:11.225,0.0,1
run_20260830_2026-08-30-10-35-18,1788057723.62,2026-08-30 10:42:03.620,0.001,1
run_20260830_2026-08-30-10-35-18,1788057724.222,2026-08-30 10:42:04.222,0.401,1
run_20260830_2026-08-30-10-35-18,1788057724.222,2026-08-30 10:42:04.222,0.0,1
run_20260830_2026-08-30-10-35-18,1788057725.225,2026-08-30 10:42:05.225,0.401,1
run_20260830_2026-08-30-10-35-18,1788057725.225,2026-08-30 10:42:05.225,0.0,1
run_20260830_2026-08-30-10-35-18,1788057779.618,2026-08-30 10:42:59.618,0.0,1
run_20260830_2026-08-30-10-35-18,1788057780.019,2026-08-30 10:43:00.019,0.401,1
run_20260830_2026-08-30-10-35-18,1788057780.621,2026-08-30 10:43:00.621,0.0,1
run_20260830_2026-08-30-10-35-18,1788057781.223,2026-08-30 10:43:01.223,0.402,1
run_20260830_2026-08-30-10-35-18,1788057781.223,2026-08-30 10:43:01.223,0.0,1
run_20260830_2026-08-30-10-35-18,1788057834.817,2026-08-30 10:43:54.817,0.0,1
run_20260830_2026-08-30-10-35-18,1788057835.217,2026-08-30 10:43:55.217,0.401,1
run_20260830_2026-08-30-10-35-18,1788057835.217,2026-08-30 10:43:55.217,0.0,1
run_20260830_2026-08-30-10-35-18,1788057835.618,2026-08-30 10:43:55.618,0.401,1
run_20260830_2026-08-30-10-35-18,1788057835.62,2026-08-30 10:43:55.620,0.001,1
run_20260830_2026-08-30-10-35-18,1788057836.221,2026-08-30 10:43:56.221,0.401,1
run_20260830_2026-08-30-10-35-18,1788057836.221,2026-08-30 10:43:56.221,0.0,1
run_20260830_2026-08-30-10-35-18,1788057838.629,2026-08-30 10:43:58.629,0.401,1
run_20260830_2026-08-30-10-35-18,1788057838.63,2026-08-30 10:43:58.630,0.001,1
run_20260830_2026-08-30-10-35-18,1788057889.214,2026-08-30 10:44:49.214,0.0,1
run_20260830_2026-08-30-10-35-18,1788057889.615,2026-08-30 10:44:49.615,0.401,1
run_20260830_2026-08-30-10-35-18,1788057889.615,2026-08-30 10:44:49.615,0.0,1
run_20260830_2026-08-30-10-35-18,1788057890.217,2026-08-30 10:44:50.217,0.401,1
run_20260830_2026-08-30-10-35-18,1788057890.217,2026-08-30 10:44:50.217,0.0,1
run_20260830_2026-08-30-10-35-18,1788057891.22,2026-08-30 10:44:51.220,0.401,1
run_20260830_2026-08-30-10-35-18,1788057891.22,2026-08-30 10:44:51.220,0.0,1
run_20260830_2026-08-30-10-35-18,1788057944.614,2026-08-30 10:45:44.614,0.0,1
run_20260830_2026-08-30-10-35-18,1788057945.215,2026-08-30 10:45:45.215,0.401,1
run_20260830_2026-08-30-10-35-18,1788057945.216,2026-08-30 10:45:45.216,0.001,1
run_20260830_2026-08-30-10-35-18,1788057945.617,2026-08-30 10:45:45.617,0.401,1
run_20260830_2026-08-30-10-35-18,1788057945.617,2026-08-30 10:45:45.617,0.0,1
run_20260830_2026-08-30-10-35-18,1788057946.218,2026-08-30 10:45:46.218,0.401,1
run_20260830_2026-08-30-10-35-18,1788057946.219,2026-08-30 10:45:46.219,0.001,1
run_20260830_2026-08-30-10-35-18,1788057999.81,2026-08-30 10:46:39.810,0.0,1
run_20260830_2026-08-30-10-35-18,1788058000.211,2026-08-30 10:46:40.211,0.401,1
run_20260830_2026-08-30-10-35-18,1788058000.211,2026-08-30 10:46:40.211,0.0,1
run_20260830_2026-08-30-10-35-18,1788058000.612,2026-08-30 10:46:40.612,0.401,1
run_20260830_2026-08-30-10-35-18,1788058000.612,2026-08-30 10:46:40.612,0.001,1
run_20260830_2026-08-30-10-35-18,1788058001.214,2026-08-30 10:46:41.214,0.401,1
run_20260830_2026-08-30-10-35-18,1788058001.214,2026-08-30 10:46:41.214,0.0,1
run_20260830_2026-08-30-10-35-18,1788058057.208,2026-08-30 10:47:37.208,0.0,1
run_20260830_2026-08-30-10-35-18,1788058057.609,2026-08-30 10:47:37.609,0.401,1
run_20260830_2026-08-30-10-35-18,1788058057.609,2026-08-30 10:47:37.609,0.0,1
run_20260830_2026-08-30-10-35-18,1788058058.01,2026-08-30 10:47:38.010,0.401,1
run_20260830_2026-08-30-10-35-18,1788058058.211,2026-08-30 10:47:38.211,0.0,1
run_20260830_2026-08-30-10-35-18,1788058058.612,2026-08-30 10:47:38.612,0.401,1
run_20260830_2026-08-30-10-35-18,1788058058.612,2026-08-30 10:47:38.612,0.0,1
run_20260830_2026-08-30-10-35-18,1788058113.606,2026-08-30 10:48:33.606,0.0,1
run_20260830_2026-08-30-10-35-18,1788058114.006,2026-08-30 10:48:34.006,0.401,1
run_20260830_2026-08-30-10-35-18,1788058114.41,2026-08-30 10:48:34.410,0.0,1
run_20260830_2026-08-30-10-35-18,1788058169.604,2026-08-30 10:49:29.604,0.0,1
run_20260830_2026-08-30-10-35-18,1788058170.005,2026-08-30 10:49:30.005,0.401,1
run_20260830_2026-08-30-10-35-18,1788058170.205,2026-08-30 10:49:30.205,0.0,1
run_20260830_2026-08-30-10-35-18,1788058171.208,2026-08-30 10:49:31.208,0.401,1
run_20260830_2026-08-30-10-35-18,1788058171.208,2026-08-30 10:49:31.208,0.0,1
run_20260830_2026-08-30-10-35-18,1788058225.201,2026-08-30 10:50:25.201,0.0,1
run_20260830_2026-08-30-10-35-18,1788058225.601,2026-08-30 10:50:25.601,0.401,1
run_20260830_2026-08-30-10-35-18,1788058225.602,2026-08-30 10:50:25.602,0.001,1
run_20260830_2026-08-30-10-35-18,1788058226.204,2026-08-30 10:50:26.204,0.401,1
run_20260830_2026-08-30-10-35-18,1788058226.204,2026-08-30 10:50:26.204,0.0,1
run_20260830_2026-08-30-10-35-18,1788058228.209,2026-08-30 10:50:28.209,0.401,1
run_20260830_2026-08-30-10-35-18,1788058228.209,2026-08-30 10:50:28.209,0.0,1
run_20260830_2026-08-30-10-35-18,1788058281.199,2026-08-30 10:51:21.199,0.0,1
run_20260830_2026-08-30-10-35-18,1788058281.6,2026-08-30 10:51:21.600,0.401,1
run_20260830_2026-08-30-10-35-18,1788058281.6,2026-08-30 10:51:21.600,0.0,1
run_20260830_2026-08-30-10-35-18,1788058282.201,2026-08-30 10:51:22.201,0.401,1
run_20260830_2026-08-30-10-35-18,1788058282.402,2026-08-30 10:51:22.402,0.0,1
run_20260830_2026-08-30-10-35-18,1788058338.597,2026-08-30 10:52:18.597,0.0,1
run_20260830_2026-08-30-10-35-18,1788058338.998,2026-08-30 10:52:18.998,0.401,1
run_20260830_2026-08-30-10-35-18,1788058339.401,2026-08-30 10:52:19.401,0.0,1
run_20260830_2026-08-30-10-35-18,1788058340.202,2026-08-30 10:52:20.202,0.401,1
run_20260830_2026-08-30-10-35-18,1788058340.205,2026-08-30 10:52:20.205,0.003,1
run_20260830_2026-08-30-10-35-18,1788058395.593,2026-08-30 10:53:15.593,0.0,1
run_20260830_2026-08-30-10-35-18,1788058395.993,2026-08-30 10:53:15.993,0.4,1
run_20260830_2026-08-30-10-35-18,1788058396.193,2026-08-30 10:53:16.193,0.0,1
run_20260830_2026-08-30-10-35-18,1788058396.594,2026-08-30 10:53:16.594,0.401,1
run_20260830_2026-08-30-10-35-18,1788058396.595,2026-08-30 10:53:16.595,0.0,1
run_20260830_2026-08-30-10-35-18,1788058396.995,2026-08-30 10:53:16.995,0.4,1
run_20260830_2026-08-30-10-35-18,1788058397.396,2026-08-30 10:53:17.396,0.0,1
run_20260830_2026-08-30-10-35-18,1788058398.197,2026-08-30 10:53:18.197,0.4,1
run_20260830_2026-08-30-10-35-18,1788058398.197,2026-08-30 10:53:18.197,0.0,1
run_20260830_2026-08-30-10-35-18,1788058399.198,2026-08-30 10:53:19.198,0.4,1
run_20260830_2026-08-30-10-35-18,1788058399.198,2026-08-30 10:53:19.198,0.0,1
run_20260830_2026-08-30-10-35-18,1788058400.2,2026-08-30 10:53:20.200,0.401,1
run_20260830_2026-08-30-10-35-18,1788058400.2,2026-08-30 10:53:20.200,0.0,1
run_20260830_2026-08-30-10-35-18,1788058456.599,2026-08-30 10:54:16.599,0.0,1
run_20260830_2026-08-30-10-35-18,1788058457.2,2026-08-30 10:54:17.200,0.4,1
run_20260830_2026-08-30-10-35-18,1788058457.2,2026-08-30 10:54:17.200,0.0,1
run_20260830_2026-08-30-10-35-18,1788058458.204,2026-08-30 10:54:18.204,0.401,1
run_20260830_2026-08-30-10-35-18,1788058458.204,2026-08-30 10:54:18.204,0.0,1
run_20260830_2026-08-30-10-35-18,1788058521.61,2026-08-30 10:55:21.610,0.0,1
run_20260830_2026-08-30-10-35-18,1788058522.011,2026-08-30 10:55:22.011,0.4,1
run_20260830_2026-08-30-10-35-18,1788058522.211,2026-08-30 10:55:22.211,0.0,1
run_20260830_2026-08-30-10-35-18,1788058522.612,2026-08-30 10:55:22.612,0.4,1
run_20260830_2026-08-30-10-35-18,1788058522.612,2026-08-30 10:55:22.612,0.0,1
run_20260830_2026-08-30-10-35-18,1788058523.212,2026-08-30 10:55:23.212,0.4,1
run_20260830_2026-08-30-10-35-18,1788058523.413,2026-08-30 10:55:23.413,0.0,1
run_20260830_2026-08-30-10-35-18,1788058524.214,2026-08-30 10:55:24.214,0.4,1
run_20260830_2026-08-30-10-35-18,1788058524.214,2026-08-30 10:55:24.214,0.0,1
run_20260830_2026-08-30-10-35-18,1788058525.216,2026-08-30 10:55:25.216,0.401,1
run_20260830_2026-08-30-10-35-18,1788058525.216,2026-08-30 10:55:25.216,0.0,1
run_20260830_2026-08-30-10-35-18,1788058584.618,2026-08-30 10:56:24.618,0.0,1
run_20260830_2026-08-30-10-35-18,1788058585.019,2026-08-30 10:56:25.019,0.401,1
run_20260830_2026-08-30-10-35-18,1788058585.219,2026-08-30 10:56:25.219,0.0,1
run_20260830_2026-08-30-10-35-18,1788058585.62,2026-08-30 10:56:25.620,0.401,1
run_20260830_2026-08-30-10-35-18,1788058585.621,2026-08-30 10:56:25.621,0.001,1
run_20260830_2026-08-30-10-35-18,1788058586.222,2026-08-30 10:56:26.222,0.401,1
run_20260830_2026-08-30-10-35-18,1788058586.222,2026-08-30 10:56:26.222,0.0,1
run_20260830_2026-08-30-10-35-18,1788058642.221,2026-08-30 10:57:22.221,0.0,1
run_20260830_2026-08-30-10-35-18,1788058642.622,2026-08-30 10:57:22.622,0.401,1
run_20260830_2026-08-30-10-35-18,1788058642.622,2026-08-30 10:57:22.622,0.0,1
run_20260830_2026-08-30-10-35-18,1788058643.022,2026-08-30 10:57:23.022,0.4,1
run_20260830_2026-08-30-10-35-18,1788058643.625,2026-08-30 10:57:23.625,0.0,1
run_20260830_2026-08-30-10-35-18,1788058644.226,2026-08-30 10:57:24.226,0.401,1
run_20260830_2026-08-30-10-35-18,1788058644.227,2026-08-30 10:57:24.227,0.0,1
run_20260830_2026-08-30-10-35-18,1788058645.229,2026-08-30 10:57:25.229,0.401,1
run_20260830_2026-08-30-10-35-18,1788058645.229,2026-08-30 10:57:25.229,0.001,1
run_20260830_2026-08-30-10-35-18,1788058700.624,2026-08-30 10:58:20.624,0.0,1
run_20260830_2026-08-30-10-35-18,1788058701.024,2026-08-30 10:58:21.024,0.401,1
run_20260830_2026-08-30-10-35-18,1788058701.626,2026-08-30 10:58:21.626,0.0,1
run_20260830_2026-08-30-10-35-18,1788058702.026,2026-08-30 10:58:22.026,0.4,1
run_20260830_2026-08-30-10-35-18,1788058702.43,2026-08-30 10:58:22.430,0.003,1
run_20260830_2026-08-30-10-35-18,1788058758.826,2026-08-30 10:59:18.826,0.0,1
run_20260830_2026-08-30-10-35-18,1788058759.227,2026-08-30 10:59:19.227,0.401,1
run_20260830_2026-08-30-10-35-18,1788058759.629,2026-08-30 10:59:19.629,0.0,1
run_20260830_2026-08-30-10-35-18,1788058760.23,2026-08-30 10:59:20.230,0.401,1
run_20260830_2026-08-30-10-35-18,1788058760.431,2026-08-30 10:59:20.431,0.0,1
run_20260830_2026-08-30-10-35-18,1788058761.233,2026-08-30 10:59:21.233,0.401,1
run_20260830_2026-08-30-10-35-18,1788058761.434,2026-08-30 10:59:21.434,0.0,1
run_20260830_2026-08-30-10-35-18,1788058814.623,2026-08-30 11:00:14.623,0.0,1
run_20260830_2026-08-30-10-35-18,1788058815.025,2026-08-30 11:00:15.025,0.402,1
run_20260830_2026-08-30-10-35-18,1788058815.626,2026-08-30 11:00:15.626,0.0,1
run_20260830_2026-08-30-10-35-18,1788058816.026,2026-08-30 11:00:16.026,0.401,1
run_20260830_2026-08-30-10-35-18,1788058816.428,2026-08-30 11:00:16.428,0.0,1
run_20260830_2026-08-30-10-35-18,1788058817.229,2026-08-30 11:00:17.229,0.401,1
run_20260830_2026-08-30-10-35-18,1788058817.23,2026-08-30 11:00:17.230,0.001,1
run_20260830_2026-08-30-10-35-18,1788058818.232,2026-08-30 11:00:18.232,0.401,1
run_20260830_2026-08-30-10-35-18,1788058818.236,2026-08-30 11:00:18.236,0.003,1
run_20260830_2026-08-30-10-35-18,1788058873.627,2026-08-30 11:01:13.627,0.0,1
run_20260830_2026-08-30-10-35-18,1788058874.028,2026-08-30 11:01:14.028,0.401,1
run_20260830_2026-08-30-10-35-18,1788058874.63,2026-08-30 11:01:14.630,0.0,1
run_20260830_2026-08-30-10-35-18,1788058875.231,2026-08-30 11:01:15.231,0.401,1
run_20260830_2026-08-30-10-35-18,1788058875.231,2026-08-30 11:01:15.231,0.0,1
run_20260830_2026-08-30-10-35-18,1788058876.234,2026-08-30 11:01:16.234,0.401,1
run_20260830_2026-08-30-10-35-18,1788058876.234,2026-08-30 11:01:16.234,0.0,1
run_20260830_2026-08-30-10-35-18,1788058931.625,2026-08-30 11:02:11.625,0.0,1
run_20260830_2026-08-30-10-35-18,1788058932.026,2026-08-30 11:02:12.026,0.401,1
run_20260830_2026-08-30-10-35-18,1788058932.628,2026-08-30 11:02:12.628,0.001,1
run_20260830_2026-08-30-10-35-18,1788058933.229,2026-08-30 11:02:13.229,0.4,1
run_20260830_2026-08-30-10-35-18,1788058933.229,2026-08-30 11:02:13.229,0.0,1
run_20260830_2026-08-30-10-35-18,1788058990.226,2026-08-30 11:03:10.226,0.0,1
run_20260830_2026-08-30-10-35-18,1788058990.626,2026-08-30 11:03:10.626,0.401,1
run_20260830_2026-08-30-10-35-18,1788058990.626,2026-08-30 11:03:10.626,0.0,1
run_20260830_2026-08-30-10-35-18,1788058991.027,2026-08-30 11:03:11.027,0.401,1
run_20260830_2026-08-30-10-35-18,1788058991.228,2026-08-30 11:03:11.228,0.0,1
run_20260830_2026-08-30-10-35-18,1788058992.23,2026-08-30 11:03:12.230,0.401,1
run_20260830_2026-08-30-10-35-18,1788058992.231,2026-08-30 11:03:12.231,0.001,1
run_20260830_2026-08-30-10-35-18,1788058993.233,2026-08-30 11:03:13.233,0.401,1
run_20260830_2026-08-30-10-35-18,1788058993.234,2026-08-30 11:03:13.234,0.001,1
run_20260830_2026-08-30-10-35-18,1788059047.825,2026-08-30 11:04:07.825,0.0,1
run_20260830_2026-08-30-10-35-18,1788059048.226,2026-08-30 11:04:08.226,0.401,1
run_20260830_2026-08-30-10-35-18,1788059048.627,2026-08-30 11:04:08.627,0.0,1
run_20260830_2026-08-30-10-35-18,1788059049.228,2026-08-30 11:04:09.228,0.4,1
run_20260830_2026-08-30-10-35-18,1788059049.228,2026-08-30 11:04:09.228,0.0,1
run_20260830_2026-08-30-10-35-18,1788059104.826,2026-08-30 11:05:04.826,0.0,1
run_20260830_2026-08-30-10-35-18,1788059105.227,2026-08-30 11:05:05.227,0.401,1
run_20260830_2026-08-30-10-35-18,1788059105.227,2026-08-30 11:05:05.227,0.0,1
run_20260830_2026-08-30-10-35-18,1788059106.229,2026-08-30 11:05:06.229,0.4,1
run_20260830_2026-08-30-10-35-18,1788059106.229,2026-08-30 11:05:06.229,0.0,1
run_20260830_2026-08-30-10-35-18,1788059107.232,2026-08-30 11:05:07.232,0.401,1
run_20260830_2026-08-30-10-35-18,1788059107.232,2026-08-30 11:05:07.232,0.0,1
run_20260830_2026-08-30-10-35-18,1788059160.825,2026-08-30 11:06:00.825,0.001,1
run_20260830_2026-08-30-10-35-18,1788059161.225,2026-08-30 11:06:01.225,0.401,1
run_20260830_2026-08-30-10-35-18,1788059162.228,2026-08-30 11:06:02.228,0.0,1
run_20260830_2026-08-30-10-35-18,1788059220.825,2026-08-30 11:07:00.825,0.0,1
run_20260830_2026-08-30-10-35-18,1788059221.226,2026-08-30 11:07:01.226,0.401,1
run_20260830_2026-08-30-10-35-18,1788059221.226,2026-08-30 11:07:01.226,0.0,1
run_20260830_2026-08-30-10-35-18,1788059278.424,2026-08-30 11:07:58.424,0.001,1
run_20260830_2026-08-30-10-35-18,1788059279.025,2026-08-30 11:07:59.025,0.401,1
run_20260830_2026-08-30-10-35-18,1788059279.225,2026-08-30 11:07:59.225,0.0,1
run_20260830_2026-08-30-10-35-18,1788059279.626,2026-08-30 11:07:59.626,0.401,1
run_20260830_2026-08-30-10-35-18,1788059279.626,2026-08-30 11:07:59.626,0.0,1
run_20260830_2026-08-30-10-35-18,1788059280.227,2026-08-30 11:08:00.227,0.401,1
run_20260830_2026-08-30-10-35-18,1788059280.227,2026-08-30 11:08:00.227,0.0,1
run_20260830_2026-08-30-10-35-18,1788059336.622,2026-08-30 11:08:56.622,0.0,1
run_20260830_2026-08-30-10-35-18,1788059337.023,2026-08-30 11:08:57.023,0.401,1
run_20260830_2026-08-30-10-35-18,1788059337.224,2026-08-30 11:08:57.224,0.0,1
run_20260830_2026-08-30-10-35-18,1788059337.625,2026-08-30 11:08:57.625,0.401,1
run_20260830_2026-08-30-10-35-18,1788059337.625,2026-08-30 11:08:57.625,0.001,1
run_20260830_2026-08-30-10-35-18,1788059338.226,2026-08-30 11:08:58.226,0.401,1
run_20260830_2026-08-30-10-35-18,1788059338.428,2026-08-30 11:08:58.428,0.0,1
run_20260830_2026-08-30-10-35-18,1788059395.624,2026-08-30 11:09:55.624,0.0,1
run_20260830_2026-08-30-10-35-18,1788059396.225,2026-08-30 11:09:56.225,0.4,1
run_20260830_2026-08-30-10-35-18,1788059396.627,2026-08-30 11:09:56.627,0.0,1
run_20260830_2026-08-30-10-35-18,1788059453.624,2026-08-30 11:10:53.624,0.001,1
run_20260830_2026-08-30-10-35-18,1788059454.025,2026-08-30 11:10:54.025,0.401,1
run_20260830_2026-08-30-10-35-18,1788059454.225,2026-08-30 11:10:54.225,0.0,1
run_20260830_2026-08-30-10-35-18,1788059454.626,2026-08-30 11:10:54.626,0.401,1
run_20260830_2026-08-30-10-35-18,1788059454.626,2026-08-30 11:10:54.626,0.0,1
run_20260830_2026-08-30-10-35-18,1788059455.227,2026-08-30 11:10:55.227,0.401,1
run_20260830_2026-08-30-10-35-18,1788059455.227,2026-08-30 11:10:55.227,0.0,1
run_20260830_2026-08-30-10-35-18,1788059512.425,2026-08-30 11:11:52.425,0.0,1
run_20260830_2026-08-30-10-35-18,1788059513.227,2026-08-30 11:11:53.227,0.401,1
run_20260830_2026-08-30-10-35-18,1788059513.227,2026-08-30 11:11:53.227,0.0,1
run_20260830_2026-08-30-10-35-18,1788059570.623,2026-08-30 11:12:50.623,0.0,1
run_20260830_2026-08-30-10-35-18,1788059571.024,2026-08-30 11:12:51.024,0.401,1
run_20260830_2026-08-30-10-35-18,1788059571.225,2026-08-30 11:12:51.225,0.0,1
run_20260830_2026-08-30-10-35-18,1788059571.625,2026-08-30 11:12:51.625,0.401,1
run_20260830_2026-08-30-10-35-18,1788059571.625,2026-08-30 11:12:51.625,0.0,1
run_20260830_2026-08-30-10-35-18,1788059572.226,2026-08-30 11:12:52.226,0.401,1
run_20260830_2026-08-30-10-35-18,1788059572.228,2026-08-30 11:12:52.228,0.002,1
run_20260830_2026-08-30-10-35-18,1788059627.623,2026-08-30 11:13:47.623,0.0,1
run_20260830_2026-08-30-10-35-18,1788059628.024,2026-08-30 11:13:48.024,0.401,1
run_20260830_2026-08-30-10-35-18,1788059628.626,2026-08-30 11:13:48.626,0.0,1
run_20260830_2026-08-30-10-35-18,1788059629.227,2026-08-30 11:13:49.227,0.401,1
run_20260830_2026-08-30-10-35-18,1788059629.227,2026-08-30 11:13:49.227,0.001,1
run_20260830_2026-08-30-10-35-18,1788059686.622,2026-08-30 11:14:46.622,0.0,1
run_20260830_2026-08-30-10-35-18,1788059687.222,2026-08-30 11:14:47.222,0.401,1
run_20260830_2026-08-30-10-35-18,1788059687.223,2026-08-30 11:14:47.223,0.0,1
run_20260830_2026-08-30-10-35-18,1788059743.222,2026-08-30 11:15:43.222,0.0,1
run_20260830_2026-08-30-10-35-18,1788059744.225,2026-08-30 11:15:44.225,0.401,1
run_20260830_2026-08-30-10-35-18,1788059744.225,2026-08-30 11:15:44.225,0.0,1
run_20260830_2026-08-30-10-35-18,1788059801.622,2026-08-30 11:16:41.622,0.0,1
run_20260830_2026-08-30-10-35-18,1788059802.224,2026-08-30 11:16:42.224,0.402,1
run_20260830_2026-08-30-10-35-18,1788059802.224,2026-08-30 11:16:42.224,0.0,1
run_20260830_2026-08-30-10-35-18,1788059803.226,2026-08-30 11:16:43.226,0.401,1
run_20260830_2026-08-30-10-35-18,1788059803.228,2026-08-30 11:16:43.228,0.002,1
run_20260830_2026-08-30-10-35-18,1788059859.622,2026-08-30 11:17:39.622,0.0,1
run_20260830_2026-08-30-10-35-18,1788059860.223,2026-08-30 11:17:40.223,0.4,1
run_20260830_2026-08-30-10-35-18,1788059860.625,2026-08-30 11:17:40.625,0.0,1
run_20260830_2026-08-30-10-35-18,1788059863.23,2026-08-30 11:17:43.230,0.401,1
run_20260830_2026-08-30-10-35-18,1788059863.23,2026-08-30 11:17:43.230,0.0,1
run_20260830_2026-08-30-10-35-18,1788059918.625,2026-08-30 11:18:38.625,0.004,1
run_20260830_2026-08-30-10-35-18,1788059920.229,2026-08-30 11:18:40.229,0.401,1
run_20260830_2026-08-30-10-35-18,1788059920.229,2026-08-30 11:18:40.229,0.0,1
run_20260830_2026-08-30-10-35-18,1788059975.62,2026-08-30 11:19:35.620,0.0,1
run_20260830_2026-08-30-10-35-18,1788059976.021,2026-08-30 11:19:36.021,0.401,1
run_20260830_2026-08-30-10-35-18,1788059976.623,2026-08-30 11:19:36.623,0.0,1
run_20260830_2026-08-30-10-35-18,1788059977.225,2026-08-30 11:19:37.225,0.401,1
run_20260830_2026-08-30-10-35-18,1788059977.225,2026-08-30 11:19:37.225,0.0,1
run_20260830_2026-08-30-10-35-18,1788059978.227,2026-08-30 11:19:38.227,0.4,1
run_20260830_2026-08-30-10-35-18,1788059978.227,2026-08-30 11:19:38.227,0.001,1
run_20260830_2026-08-30-10-35-18,1788060037.634,2026-08-30 11:20:37.634,0.0,1
run_20260830_2026-08-30-10-35-18,1788060038.034,2026-08-30 11:20:38.034,0.401,1
run_20260830_2026-08-30-10-35-18,1788060038.436,2026-08-30 11:20:38.436,0.001,1
run_20260830_2026-08-30-10-35-18,1788060039.239,2026-08-30 11:20:39.239,0.401,1
run_20260830_2026-08-30-10-35-18,1788060039.239,2026-08-30 11:20:39.239,0.0,1
run_20260830_2026-08-30-10-35-18,1788060100.445,2026-08-30 11:21:40.445,0.0,1
run_20260830_2026-08-30-10-35-18,1788060101.247,2026-08-30 11:21:41.247,0.401,1
run_20260830_2026-08-30-10-35-18,1788060101.247,2026-08-30 11:21:41.247,0.0,1
run_20260830_2026-08-30-10-35-18,1788060102.249,2026-08-30 11:21:42.249,0.401,1
run_20260830_2026-08-30-10-35-18,1788060102.249,2026-08-30 11:21:42.249,0.0,1
run_20260830_2026-08-30-10-35-18,1788060160.25,2026-08-30 11:22:40.250,0.0,1
run_20260830_2026-08-30-10-35-18,1788060160.651,2026-08-30 11:22:40.651,0.401,1
run_20260830_2026-08-30-10-35-18,1788060160.651,2026-08-30 11:22:40.651,0.0,1
run_20260830_2026-08-30-10-35-18,1788060161.051,2026-08-30 11:22:41.051,0.401,1
run_20260830_2026-08-30-10-35-18,1788060161.252,2026-08-30 11:22:41.252,0.0,1
run_20260830_2026-08-30-10-35-18,1788060162.255,2026-08-30 11:22:42.255,0.401,1
run_20260830_2026-08-30-10-35-18,1788060162.255,2026-08-30 11:22:42.255,0.0,1
run_20260830_2026-08-30-10-35-18,1788060163.257,2026-08-30 11:22:43.257,0.401,1
run_20260830_2026-08-30-10-35-18,1788060163.258,2026-08-30 11:22:43.258,0.001,1
run_20260830_2026-08-30-10-35-18,1788060220.46,2026-08-30 11:23:40.460,0.003,1
run_20260830_2026-08-30-10-35-18,1788060221.261,2026-08-30 11:23:41.261,0.4,1
run_20260830_2026-08-30-10-35-18,1788060221.261,2026-08-30 11:23:41.261,0.0,1
run_20260830_2026-08-30-10-35-18,1788060223.667,2026-08-30 11:23:43.667,0.401,1
run_20260830_2026-08-30-10-35-18,1788060223.668,2026-08-30 11:23:43.668,0.001,1
run_20260830_2026-08-30-10-35-18,1788060281.466,2026-08-30 11:24:41.466,0.0,1
run_20260830_2026-08-30-10-35-18,1788060282.268,2026-08-30 11:24:42.268,0.401,1
run_20260830_2026-08-30-10-35-18,1788060282.268,2026-08-30 11:24:42.268,0.0,1
run_20260830_2026-08-30-10-35-18,1788060341.668,2026-08-30 11:25:41.668,0.0,1
run_20260830_2026-08-30-10-35-18,1788060342.068,2026-08-30 11:25:42.068,0.401,1
run_20260830_2026-08-30-10-35-18,1788060342.27,2026-08-30 11:25:42.270,0.0,1
run_20260830_2026-08-30-10-35-18,1788060343.272,2026-08-30 11:25:43.272,0.401,1
run_20260830_2026-08-30-10-35-18,1788060343.273,2026-08-30 11:25:43.273,0.001,1
run_20260830_2026-08-30-10-35-18,1788060400.673,2026-08-30 11:26:40.673,0.0,1
run_20260830_2026-08-30-10-35-18,1788060401.274,2026-08-30 11:26:41.274,0.401,1
run_20260830_2026-08-30-10-35-18,1788060401.275,2026-08-30 11:26:41.275,0.0,1
run_20260830_2026-08-30-10-35-18,1788060459.673,2026-08-30 11:27:39.673,0.001,1
run_20260830_2026-08-30-10-35-18,1788060460.074,2026-08-30 11:27:40.074,0.401,1
run_20260830_2026-08-30-10-35-18,1788060460.475,2026-08-30 11:27:40.475,0.0,1
run_20260830_2026-08-30-10-35-18,1788060461.278,2026-08-30 11:27:41.278,0.401,1
run_20260830_2026-08-30-10-35-18,1788060461.278,2026-08-30 11:27:41.278,0.0,1
run_20260830_2026-08-30-10-35-18,1788060520.678,2026-08-30 11:28:40.678,0.0,1
run_20260830_2026-08-30-10-35-18,1788060521.079,2026-08-30 11:28:41.079,0.401,1
run_20260830_2026-08-30-10-35-18,1788060521.48,2026-08-30 11:28:41.480,0.0,1
run_20260830_2026-08-30-10-35-18,1788060522.282,2026-08-30 11:28:42.282,0.401,1
run_20260830_2026-08-30-10-35-18,1788060522.285,2026-08-30 11:28:42.285,0.003,1
run_20260830_2026-08-30-10-35-18,1788060578.681,2026-08-30 11:29:38.681,0.0,1
run_20260830_2026-08-30-10-35-18,1788060579.082,2026-08-30 11:29:39.082,0.401,1
run_20260830_2026-08-30-10-35-18,1788060579.484,2026-08-30 11:29:39.484,0.0,1
run_20260830_2026-08-30-10-35-18,1788060580.286,2026-08-30 11:29:40.286,0.401,1
run_20260830_2026-08-30-10-35-18,1788060580.286,2026-08-30 11:29:40.286,0.0,1
run_20260830_2026-08-30-10-35-18,1788060637.884,2026-08-30 11:30:37.884,0.0,1
run_20260830_2026-08-30-10-35-18,1788060638.284,2026-08-30 11:30:38.284,0.401,1
run_20260830_2026-08-30-10-35-18,1788060638.686,2026-08-30 11:30:38.686,0.001,1
run_20260830_2026-08-30-10-35-18,1788060639.287,2026-08-30 11:30:39.287,0.4,1
run_20260830_2026-08-30-10-35-18,1788060639.287,2026-08-30 11:30:39.287,0.0,1
run_20260830_2026-08-30-10-35-18,1788060643.301,2026-08-30 11:30:43.301,0.401,1
run_20260830_2026-08-30-10-35-18,1788060643.302,2026-08-30 11:30:43.302,0.0,1
run_20260830_2026-08-30-10-35-18,1788060695.885,2026-08-30 11:31:35.885,0.0,1
run_20260830_2026-08-30-10-35-18,1788060696.286,2026-08-30 11:31:36.286,0.401,1
run_20260830_2026-08-30-10-35-18,1788060696.686,2026-08-30 11:31:36.686,0.0,1
run_20260830_2026-08-30-10-35-18,1788060697.288,2026-08-30 11:31:37.288,0.401,1
run_20260830_2026-08-30-10-35-18,1788060697.489,2026-08-30 11:31:37.489,0.0,1
run_20260830_2026-08-30-10-35-18,1788060755.687,2026-08-30 11:32:35.687,0.0,1
run_20260830_2026-08-30-10-35-18,1788060756.088,2026-08-30 11:32:36.088,0.401,1
run_20260830_2026-08-30-10-35-18,1788060756.69,2026-08-30 11:32:36.690,0.0,1
run_20260830_2026-08-30-10-35-18,1788060757.291,2026-08-30 11:32:37.291,0.401,1
run_20260830_2026-08-30-10-35-18,1788060757.693,2026-08-30 11:32:37.693,0.0,1
run_20260830_2026-08-30-10-35-18,1788060814.691,2026-08-30 11:33:34.691,0.0,1
run_20260830_2026-08-30-10-35-18,1788060815.292,2026-08-30 11:33:35.292,0.401,1
run_20260830_2026-08-30-10-35-18,1788060815.494,2026-08-30 11:33:35.494,0.001,1
run_20260830_2026-08-30-10-35-18,1788060874.892,2026-08-30 11:34:34.892,0.0,1
run_20260830_2026-08-30-10-35-18,1788060875.292,2026-08-30 11:34:35.292,0.401,1
run_20260830_2026-08-30-10-35-18,1788060875.894,2026-08-30 11:34:35.894,0.0,1
run_20260830_2026-08-30-10-35-18,1788060876.295,2026-08-30 11:34:36.295,0.4,1
run_20260830_2026-08-30-10-35-18,1788060876.495,2026-08-30 11:34:36.495,0.0,1
run_20260830_2026-08-30-10-35-18,1788060877.298,2026-08-30 11:34:37.298,0.401,1
run_20260830_2026-08-30-10-35-18,1788060877.298,2026-08-30 11:34:37.298,0.0,1
run_20260830_2026-08-30-10-35-18,1788060933.291,2026-08-30 11:35:33.291,0.0,1
run_20260830_2026-08-30-10-35-18,1788060933.692,2026-08-30 11:35:33.692,0.401,1
run_20260830_2026-08-30-10-35-18,1788060933.692,2026-08-30 11:35:33.692,0.0,1
run_20260830_2026-08-30-10-35-18,1788060934.094,2026-08-30 11:35:34.094,0.401,1
run_20260830_2026-08-30-10-35-18,1788060934.297,2026-08-30 11:35:34.297,0.0,1
run_20260830_2026-08-30-10-35-18,1788060992.492,2026-08-30 11:36:32.492,0.0,1
run_20260830_2026-08-30-10-35-18,1788060992.893,2026-08-30 11:36:32.893,0.401,1
run_20260830_2026-08-30-10-35-18,1788060993.696,2026-08-30 11:36:33.696,0.0,1
run_20260830_2026-08-30-10-35-18,1788060994.298,2026-08-30 11:36:34.298,0.401,1
run_20260830_2026-08-30-10-35-18,1788060994.701,2026-08-30 11:36:34.701,0.0,1
run_20260830_2026-08-30-10-35-18,1788061048.484,2026-08-30 11:37:28.484,0.001,1
run_20260830_2026-08-30-10-35-18,1788061049.286,2026-08-30 11:37:29.286,0.4,1
run_20260830_2026-08-30-10-35-18,1788061049.286,2026-08-30 11:37:29.286,0.0,1
run_20260830_2026-08-30-10-35-18,1788061102.469,2026-08-30 11:38:22.469,0.0,1
run_20260830_2026-08-30-10-35-18,1788061103.271,2026-08-30 11:38:23.271,0.401,1
run_20260830_2026-08-30-10-35-18,1788061103.271,2026-08-30 11:38:23.271,0.0,1
run_20260830_2026-08-30-10-35-18,1788061104.274,2026-08-30 11:38:24.274,0.401,1
run_20260830_2026-08-30-10-35-18,1788061104.274,2026-08-30 11:38:24.274,0.0,1
run_20260830_2026-08-30-10-35-18,1788061105.48,2026-08-30 11:38:25.480,0.401,1
run_20260830_2026-08-30-10-35-18,1788061105.48,2026-08-30 11:38:25.480,0.0,1
run_20260830_2026-08-30-10-35-18,1788061160.466,2026-08-30 11:39:20.466,0.0,1
run_20260830_2026-08-30-10-35-18,1788061163.675,2026-08-30 11:39:23.675,0.401,1
run_20260830_2026-08-30-10-35-18,1788061163.675,2026-08-30 11:39:23.675,0.0,1
run_20260830_2026-08-30-10-35-18,1788061215.653,2026-08-30 11:40:15.653,0.0,1
run_20260830_2026-08-30-10-35-18,1788061216.255,2026-08-30 11:40:16.255,0.401,1
run_20260830_2026-08-30-10-35-18,1788061216.456,2026-08-30 11:40:16.456,0.0,1
run_20260830_2026-08-30-10-35-18,1788061217.258,2026-08-30 11:40:17.258,0.401,1
run_20260830_2026-08-30-10-35-18,1788061217.259,2026-08-30 11:40:17.259,0.001,1
run_20260830_2026-08-30-10-35-18,1788061272.848,2026-08-30 11:41:12.848,0.0,1
run_20260830_2026-08-30-10-35-18,1788061273.249,2026-08-30 11:41:13.249,0.4,1
run_20260830_2026-08-30-10-35-18,1788061273.65,2026-08-30 11:41:13.650,0.0,1
run_20260830_2026-08-30-10-35-18,1788061274.251,2026-08-30 11:41:14.251,0.401,1
run_20260830_2026-08-30-10-35-18,1788061274.654,2026-08-30 11:41:14.654,0.0,1
run_20260830_2026-08-30-10-35-18,1788061275.255,2026-08-30 11:41:15.255,0.401,1
run_20260830_2026-08-30-10-35-18,1788061275.255,2026-08-30 11:41:15.255,0.001,1
run_20260830_2026-08-30-10-35-18,1788061329.645,2026-08-30 11:42:09.645,0.001,1
run_20260830_2026-08-30-10-35-18,1788061330.045,2026-08-30 11:42:10.045,0.4,1
run_20260830_2026-08-30-10-35-18,1788061330.648,2026-08-30 11:42:10.648,0.002,1
run_20260830_2026-08-30-10-35-18,1788061386.641,2026-08-30 11:43:06.641,0.0,1
run_20260830_2026-08-30-10-35-18,1788061387.243,2026-08-30 11:43:07.243,0.401,1
run_20260830_2026-08-30-10-35-18,1788061387.243,2026-08-30 11:43:07.243,0.0,1
run_20260830_2026-08-30-10-35-18,1788061388.245,2026-08-30 11:43:08.245,0.401,1
run_20260830_2026-08-30-10-35-18,1788061388.245,2026-08-30 11:43:08.245,0.0,1
run_20260830_2026-08-30-10-35-18,1788061390.25,2026-08-30 11:43:10.250,0.401,1
run_20260830_2026-08-30-10-35-18,1788061390.25,2026-08-30 11:43:10.250,0.0,1
run_20260830_2026-08-30-10-35-18,1788061444.637,2026-08-30 11:44:04.637,0.0,1
run_20260830_2026-08-30-10-35-18,1788061445.038,2026-08-30 11:44:05.038,0.401,1
run_20260830_2026-08-30-10-35-18,1788061445.439,2026-08-30 11:44:05.439,0.0,1
run_20260830_2026-08-30-10-35-18,1788061446.241,2026-08-30 11:44:06.241,0.401,1
run_20260830_2026-08-30-10-35-18,1788061446.244,2026-08-30 11:44:06.244,0.003,1
run_20260830_2026-08-30-10-35-18,1788061447.647,2026-08-30 11:44:07.647,0.401,1
run_20260830_2026-08-30-10-35-18,1788061447.647,2026-08-30 11:44:07.647,0.0,1
run_20260830_2026-08-30-10-35-18,1788061502.836,2026-08-30 11:45:02.836,0.0,1
run_20260830_2026-08-30-10-35-18,1788061503.236,2026-08-30 11:45:03.236,0.401,1
run_20260830_2026-08-30-10-35-18,1788061503.438,2026-08-30 11:45:03.438,0.001,1
run_20260830_2026-08-30-10-35-18,1788061504.24,2026-08-30 11:45:04.240,0.401,1
run_20260830_2026-08-30-10-35-18,1788061504.24,2026-08-30 11:45:04.240,0.0,1
run_20260830_2026-08-30-10-35-18,1788061561.232,2026-08-30 11:46:01.232,0.0,1
run_20260830_2026-08-30-10-35-18,1788061561.633,2026-08-30 11:46:01.633,0.401,1
run_20260830_2026-08-30-10-35-18,1788061561.635,2026-08-30 11:46:01.635,0.003,1
run_20260830_2026-08-30-10-35-18,1788061562.236,2026-08-30 11:46:02.236,0.401,1
run_20260830_2026-08-30-10-35-18,1788061562.237,2026-08-30 11:46:02.237,0.0,1
run_20260830_2026-08-30-10-35-18,1788061620.635,2026-08-30 11:47:00.635,0.0,1
run_20260830_2026-08-30-10-35-18,1788061621.237,2026-08-30 11:47:01.237,0.401,1
run_20260830_2026-08-30-10-35-18,1788061621.237,2026-08-30 11:47:01.237,0.0,1
run_20260830_2026-08-30-10-35-18,1788061678.833,2026-08-30 11:47:58.833,0.0,1
run_20260830_2026-08-30-10-35-18,1788061679.234,2026-08-30 11:47:59.234,0.4,1
run_20260830_2026-08-30-10-35-18,1788061679.235,2026-08-30 11:47:59.235,0.001,1
run_20260830_2026-08-30-10-35-18,1788061735.428,2026-08-30 11:48:55.428,0.0,1
run_20260830_2026-08-30-10-35-18,1788061735.828,2026-08-30 11:48:55.828,0.4,1
run_20260830_2026-08-30-10-35-18,1788061736.43,2026-08-30 11:48:56.430,0.001,1
run_20260830_2026-08-30-10-35-18,1788061737.232,2026-08-30 11:48:57.232,0.401,1
run_20260830_2026-08-30-10-35-18,1788061737.435,2026-08-30 11:48:57.435,0.003,1
run_20260830_2026-08-30-10-35-18,1788061738.237,2026-08-30 11:48:58.237,0.401,1
run_20260830_2026-08-30-10-35-18,1788061738.237,2026-08-30 11:48:58.237,0.0,1
run_20260830_2026-08-30-10-35-18,1788061739.64,2026-08-30 11:48:59.640,0.401,1
run_20260830_2026-08-30-10-35-18,1788061739.641,2026-08-30 11:48:59.641,0.001,1
run_20260830_2026-08-30-10-35-18,1788061796.431,2026-08-30 11:49:56.431,0.0,1
run_20260830_2026-08-30-10-35-18,1788061797.233,2026-08-30 11:49:57.233,0.401,1
run_20260830_2026-08-30-10-35-18,1788061797.434,2026-08-30 11:49:57.434,0.0,1
run_20260830_2026-08-30-10-35-18,1788061853.626,2026-08-30 11:50:53.626,0.0,1
run_20260830_2026-08-30-10-35-18,1788061854.026,2026-08-30 11:50:54.026,0.4,1
run_20260830_2026-08-30-10-35-18,1788061854.428,2026-08-30 11:50:54.428,0.0,1
run_20260830_2026-08-30-10-35-18,1788061855.028,2026-08-30 11:50:55.028,0.401,1
run_20260830_2026-08-30-10-35-18,1788061855.43,2026-08-30 11:50:55.430,0.0,1
run_20260830_2026-08-30-10-35-18,1788061913.424,2026-08-30 11:51:53.424,0.0,1
run_20260830_2026-08-30-10-35-18,1788061913.825,2026-08-30 11:51:53.825,0.401,1
run_20260830_2026-08-30-10-35-18,1788061914.828,2026-08-30 11:51:54.828,0.0,1
run_20260830_2026-08-30-10-35-18,1788061915.229,2026-08-30 11:51:55.229,0.401,1
run_20260830_2026-08-30-10-35-18,1788061915.43,2026-08-30 11:51:55.430,0.0,1
run_20260830_2026-08-30-10-35-18,1788061916.231,2026-08-30 11:51:56.231,0.4,1
run_20260830_2026-08-30-10-35-18,1788061916.432,2026-08-30 11:51:56.432,0.0,1
run_20260830_2026-08-30-10-35-18,1788061973.627,2026-08-30 11:52:53.627,0.001,1
run_20260830_2026-08-30-10-35-18,1788061974.228,2026-08-30 11:52:54.228,0.4,1
run_20260830_2026-08-30-10-35-18,1788061974.429,2026-08-30 11:52:54.429,0.0,1
run_20260830_2026-08-30-10-35-18,1788061975.23,2026-08-30 11:52:55.230,0.4,1
run_20260830_2026-08-30-10-35-18,1788061975.23,2026-08-30 11:52:55.230,0.0,1
run_20260830_2026-08-30-10-35-18,1788062030.424,2026-08-30 11:53:50.424,0.0,1
run_20260830_2026-08-30-10-35-18,1788062030.825,2026-08-30 11:53:50.825,0.401,1
run_20260830_2026-08-30-10-35-18,1788062030.825,2026-08-30 11:53:50.825,0.0,1
run_20260830_2026-08-30-10-35-18,1788062031.226,2026-08-30 11:53:51.226,0.401,1
run_20260830_2026-08-30-10-35-18,1788062031.626,2026-08-30 11:53:51.626,0.0,1
run_20260830_2026-08-30-10-35-18,1788062032.027,2026-08-30 11:53:52.027,0.401,1
run_20260830_2026-08-30-10-35-18,1788062033.431,2026-08-30 11:53:53.431,0.0,1
run_20260830_2026-08-30-10-35-18,1788062091.625,2026-08-30 11:54:51.625,0.0,1
run_20260830_2026-08-30-10-35-18,1788062092.026,2026-08-30 11:54:52.026,0.401,1
run_20260830_2026-08-30-10-35-18,1788062092.628,2026-08-30 11:54:52.628,0.0,1
run_20260830_2026-08-30-10-35-18,1788062093.228,2026-08-30 11:54:53.228,0.4,1
run_20260830_2026-08-30-10-35-18,1788062093.229,2026-08-30 11:54:53.229,0.0,1
run_20260830_2026-08-30-10-35-18,1788062150.824,2026-08-30 11:55:50.824,0.0,1
run_20260830_2026-08-30-10-35-18,1788062151.224,2026-08-30 11:55:51.224,0.401,1
run_20260830_2026-08-30-10-35-18,1788062151.425,2026-08-30 11:55:51.425,0.0,1
run_20260830_2026-08-30-10-35-18,1788062152.226,2026-08-30 11:55:52.226,0.401,1
run_20260830_2026-08-30-10-35-18,1788062152.427,2026-08-30 11:55:52.427,0.0,1
run_20260830_2026-08-30-10-35-18,1788062153.228,2026-08-30 11:55:53.228,0.401,1
run_20260830_2026-08-30-10-35-18,1788062153.43,2026-08-30 11:55:53.430,0.001,1
run_20260830_2026-08-30-10-35-18,1788062211.626,2026-08-30 11:56:51.626,0.0,1
run_20260830_2026-08-30-10-35-18,1788062212.027,2026-08-30 11:56:52.027,0.401,1
run_20260830_2026-08-30-10-35-18,1788062212.428,2026-08-30 11:56:52.428,0.0,1
run_20260830_2026-08-30-10-35-18,1788062213.23,2026-08-30 11:56:53.230,0.401,1
run_20260830_2026-08-30-10-35-18,1788062213.23,2026-08-30 11:56:53.230,0.0,1
run_20260830_2026-08-30-10-35-18,1788062269.425,2026-08-30 11:57:49.425,0.0,1
run_20260830_2026-08-30-10-35-18,1788062327.422,2026-08-30 11:58:47.422,0.001,1
run_20260830_2026-08-30-10-35-18,1788062328.023,2026-08-30 11:58:48.023,0.401,1
run_20260830_2026-08-30-10-35-18,1788062328.224,2026-08-30 11:58:48.224,0.0,1
run_20260830_2026-08-30-10-35-18,1788062329.226,2026-08-30 11:58:49.226,0.401,1
run_20260830_2026-08-30-10-35-18,1788062329.427,2026-08-30 11:58:49.427,0.0,1
run_20260830_2026-08-30-10-35-18,1788062385.623,2026-08-30 11:59:45.623,0.0,1
run_20260830_2026-08-30-10-35-18,1788062386.224,2026-08-30 11:59:46.224,0.4,1
run_20260830_2026-08-30-10-35-18,1788062386.426,2026-08-30 11:59:46.426,0.001,1
run_20260830_2026-08-30-10-35-18,1788062387.227,2026-08-30 11:59:47.227,0.401,1
run_20260830_2026-08-30-10-35-18,1788062387.429,2026-08-30 11:59:47.429,0.001,1
run_20260830_2026-08-30-17-20-39,1788081680.465,2026-08-30 17:21:20.465,0.0,1
run_20260830_2026-08-30-17-20-39,1788081681.268,2026-08-30 17:21:21.268,0.401,1
run_20260830_2026-08-30-17-20-39,1788081681.268,2026-08-30 17:21:21.268,0.0,1
run_20260830_2026-08-30-17-20-39,1788081682.271,2026-08-30 17:21:22.271,0.401,1
run_20260830_2026-08-30-17-20-39,1788081682.271,2026-08-30 17:21:22.271,0.0,1
run_20260830_2026-08-30-17-20-39,1788081735.862,2026-08-30 17:22:15.862,0.001,1
run_20260830_2026-08-30-17-20-39,1788081736.263,2026-08-30 17:22:16.263,0.401,1
run_20260830_2026-08-30-17-20-39,1788081737.466,2026-08-30 17:22:17.466,0.0,1
run_20260830_2026-08-30-17-20-39,1788081791.863,2026-08-30 17:23:11.863,0.0,1
run_20260830_2026-08-30-17-20-39,1788081792.263,2026-08-30 17:23:12.263,0.4,1
run_20260830_2026-08-30-17-20-39,1788081792.866,2026-08-30 17:23:12.866,0.0,1
run_20260830_2026-08-30-17-20-39,1788081793.267,2026-08-30 17:23:13.267,0.401,1
run_20260830_2026-08-30-17-20-39,1788081793.27,2026-08-30 17:23:13.270,0.003,1
run_20260830_2026-08-30-17-20-39,1788081843.662,2026-08-30 17:24:03.662,0.0,1
run_20260830_2026-08-30-17-20-39,1788081844.263,2026-08-30 17:24:04.263,0.401,1
run_20260830_2026-08-30-17-20-39,1788081844.264,2026-08-30 17:24:04.264,0.0,1
run_20260830_2026-08-30-17-20-39,1788081893.863,2026-08-30 17:24:53.863,0.0,1
run_20260830_2026-08-30-17-20-39,1788081894.263,2026-08-30 17:24:54.263,0.4,1
run_20260830_2026-08-30-17-20-39,1788081894.264,2026-08-30 17:24:54.264,0.0,1
run_20260830_2026-08-30-17-20-39,1788081946.861,2026-08-30 17:25:46.861,0.0,1
run_20260830_2026-08-30-17-20-39,1788081947.262,2026-08-30 17:25:47.262,0.4,1
run_20260830_2026-08-30-17-20-39,1788081947.663,2026-08-30 17:25:47.663,0.0,1
run_20260830_2026-08-30-17-20-39,1788081948.265,2026-08-30 17:25:48.265,0.401,1
run_20260830_2026-08-30-17-20-39,1788081948.265,2026-08-30 17:25:48.265,0.0,1
run_20260830_2026-08-30-17-20-39,1788082000.664,2026-08-30 17:26:40.664,0.0,1
run_20260830_2026-08-30-17-20-39,1788082001.265,2026-08-30 17:26:41.265,0.401,1
run_20260830_2026-08-30-17-20-39,1788082001.266,2026-08-30 17:26:41.266,0.001,1
run_20260830_2026-08-30-17-20-39,1788082054.662,2026-08-30 17:27:34.662,0.0,1
run_20260830_2026-08-30-17-20-39,1788082055.063,2026-08-30 17:27:35.063,0.401,1
run_20260830_2026-08-30-17-20-39,1788082055.264,2026-08-30 17:27:35.264,0.0,1
run_20260830_2026-08-30-17-20-39,1788082056.267,2026-08-30 17:27:36.267,0.401,1
run_20260830_2026-08-30-17-20-39,1788082056.267,2026-08-30 17:27:36.267,0.0,1
run_20260830_2026-08-30-17-20-39,1788082108.263,2026-08-30 17:28:28.263,0.0,1
run_20260830_2026-08-30-17-20-39,1788082108.664,2026-08-30 17:28:28.664,0.401,1
run_20260830_2026-08-30-17-20-39,1788082108.665,2026-08-30 17:28:28.665,0.001,1
run_20260830_2026-08-30-17-20-39,1788082109.266,2026-08-30 17:28:29.266,0.401,1
run_20260830_2026-08-30-17-20-39,1788082109.267,2026-08-30 17:28:29.267,0.001,1
run_20260830_2026-08-30-17-20-39,1788082160.661,2026-08-30 17:29:20.661,0.0,1
run_20260830_2026-08-30-17-20-39,1788082161.062,2026-08-30 17:29:21.062,0.401,1
run_20260830_2026-08-30-17-20-39,1788082161.664,2026-08-30 17:29:21.664,0.0,1
run_20260830_2026-08-30-17-20-39,1788082162.265,2026-08-30 17:29:22.265,0.401,1
run_20260830_2026-08-30-17-20-39,1788082162.266,2026-08-30 17:29:22.266,0.0,1
run_20260830_2026-08-30-17-20-39,1788082165.275,2026-08-30 17:29:25.275,0.401,1
run_20260830_2026-08-30-17-20-39,1788082165.279,2026-08-30 17:29:25.279,0.004,1
run_20260830_2026-08-30-17-20-39,1788082216.463,2026-08-30 17:30:16.463,0.001,1
run_20260830_2026-08-30-17-20-39,1788082217.265,2026-08-30 17:30:17.265,0.4,1
run_20260830_2026-08-30-17-20-39,1788082217.265,2026-08-30 17:30:17.265,0.0,1
run_20260830_2026-08-30-17-20-39,1788082268.659,2026-08-30 17:31:08.659,0.0,1
run_20260830_2026-08-30-17-20-39,1788082269.06,2026-08-30 17:31:09.060,0.401,1
run_20260830_2026-08-30-17-20-39,1788082269.662,2026-08-30 17:31:09.662,0.001,1
run_20260830_2026-08-30-17-20-39,1788082270.264,2026-08-30 17:31:10.264,0.401,1
run_20260830_2026-08-30-17-20-39,1788082270.264,2026-08-30 17:31:10.264,0.0,1
run_20260830_2026-08-30-17-20-39,1788082321.661,2026-08-30 17:32:01.661,0.0,1
run_20260830_2026-08-30-17-20-39,1788082322.062,2026-08-30 17:32:02.062,0.401,1
run_20260830_2026-08-30-17-20-39,1788082322.464,2026-08-30 17:32:02.464,0.0,1
run_20260830_2026-08-30-17-20-39,1788082323.265,2026-08-30 17:32:03.265,0.4,1
run_20260830_2026-08-30-17-20-39,1788082323.266,2026-08-30 17:32:03.266,0.0,1
run_20260830_2026-08-30-17-20-39,1788082376.659,2026-08-30 17:32:56.659,0.0,1
run_20260830_2026-08-30-17-20-39,1788082377.26,2026-08-30 17:32:57.260,0.4,1
run_20260830_2026-08-30-17-20-39,1788082377.26,2026-08-30 17:32:57.260,0.0,1
run_20260830_2026-08-30-17-20-39,1788082377.661,2026-08-30 17:32:57.661,0.401,1
run_20260830_2026-08-30-17-20-39,1788082377.662,2026-08-30 17:32:57.662,0.001,1
run_20260830_2026-08-30-17-20-39,1788082378.263,2026-08-30 17:32:58.263,0.4,1
run_20260830_2026-08-30-17-20-39,1788082378.464,2026-08-30 17:32:58.464,0.0,1
run_20260830_2026-08-30-17-20-39,1788082379.266,2026-08-30 17:32:59.266,0.401,1
run_20260830_2026-08-30-17-20-39,1788082379.266,2026-08-30 17:32:59.266,0.0,1
run_20260830_2026-08-30-17-20-39,1788082379.867,2026-08-30 17:32:59.867,0.401,1
run_20260830_2026-08-30-17-20-39,1788082379.869,2026-08-30 17:32:59.869,0.001,1
run_20260830_2026-08-30-18-16-30,1788085002.253,2026-08-30 18:16:42.253,0.0,1
run_20260830_2026-08-30-18-16-30,1788085003.054,2026-08-30 18:16:43.054,0.401,1
run_20260830_2026-08-30-18-16-30,1788085003.455,2026-08-30 18:16:43.455,0.0,1
run_20260830_2026-08-30-18-16-30,1788085056.044,2026-08-30 18:17:36.044,0.0,1
run_20260904_2026-09-04-13-49-34,1788500981.644,2026-09-04 13:49:41.644,0.0,1
run_20260904_2026-09-04-13-49-34,1788500982.245,2026-09-04 13:49:42.245,0.4,1
run_20260904_2026-09-04-13-49-34,1788500982.646,2026-09-04 13:49:42.646,0.0,1
run_20260904_2026-09-04-13-49-34,1788500983.247,2026-09-04 13:49:43.247,0.401,1
run_20260904_2026-09-04-13-49-34,1788500983.248,2026-09-04 13:49:43.248,0.001,1
run_20260904_2026-09-04-13-49-34,1788500989.264,2026-09-04 13:49:49.264,0.401,1
run_20260904_2026-09-04-13-49-34,1788500989.265,2026-09-04 13:49:49.265,0.0,1
run_20260904_2026-09-04-13-49-34,1788501037.444,2026-09-04 13:50:37.444,0.001,1
run_20260904_2026-09-04-13-49-34,1788501038.246,2026-09-04 13:50:38.246,0.401,1
run_20260904_2026-09-04-13-49-34,1788501038.246,2026-09-04 13:50:38.246,0.0,1
run_20260904_2026-09-04-13-49-34,1788501039.249,2026-09-04 13:50:39.249,0.401,1
run_20260904_2026-09-04-13-49-34,1788501039.249,2026-09-04 13:50:39.249,0.0,1
run_20260904_2026-09-04-13-49-34,1788501090.845,2026-09-04 13:51:30.845,0.0,1
run_20260904_2026-09-04-13-49-34,1788501091.246,2026-09-04 13:51:31.246,0.4,1
run_20260904_2026-09-04-13-49-34,1788501091.246,2026-09-04 13:51:31.246,0.0,1
run_20260904_2026-09-04-13-49-34,1788501142.445,2026-09-04 13:52:22.445,0.0,1
run_20260904_2026-09-04-13-49-34,1788501143.247,2026-09-04 13:52:23.247,0.401,1
run_20260904_2026-09-04-13-49-34,1788501143.247,2026-09-04 13:52:23.247,0.0,1
run_20260904_2026-09-04-13-49-34,1788501196.446,2026-09-04 13:53:16.446,0.0,1
run_20260904_2026-09-04-13-49-34,1788501197.247,2026-09-04 13:53:17.247,0.4,1
run_20260904_2026-09-04-13-49-34,1788501197.248,2026-09-04 13:53:17.248,0.001,1
run_20260904_2026-09-04-13-49-34,1788501198.25,2026-09-04 13:53:18.250,0.401,1
run_20260904_2026-09-04-13-49-34,1788501198.251,2026-09-04 13:53:18.251,0.001,1
run_20260904_2026-09-04-13-49-34,1788501248.642,2026-09-04 13:54:08.642,0.0,1
run_20260904_2026-09-04-13-49-34,1788501249.243,2026-09-04 13:54:09.243,0.4,1
run_20260904_2026-09-04-13-49-34,1788501249.645,2026-09-04 13:54:09.645,0.0,1
run_20260904_2026-09-04-13-49-34,1788501250.246,2026-09-04 13:54:10.246,0.401,1
run_20260904_2026-09-04-13-49-34,1788501250.246,2026-09-04 13:54:10.246,0.0,1
run_20260904_2026-09-04-13-49-34,1788501251.249,2026-09-04 13:54:11.249,0.401,1
run_20260904_2026-09-04-13-49-34,1788501251.249,2026-09-04 13:54:11.249,0.0,1
run_20260904_2026-09-04-13-49-34,1788501301.841,2026-09-04 13:55:01.841,0.0,1
run_20260904_2026-09-04-13-49-34,1788501302.242,2026-09-04 13:55:02.242,0.401,1
run_20260904_2026-09-04-13-49-34,1788501302.644,2026-09-04 13:55:02.644,0.0,1
run_20260904_2026-09-04-13-49-34,1788501303.245,2026-09-04 13:55:03.245,0.4,1
run_20260904_2026-09-04-13-49-34,1788501303.245,2026-09-04 13:55:03.245,0.0,1
run_20260904_2026-09-04-13-49-34,1788501304.248,2026-09-04 13:55:04.248,0.4,1
run_20260904_2026-09-04-13-49-34,1788501304.248,2026-09-04 13:55:04.248,0.0,1
run_20260904_2026-09-04-13-49-34,1788501357.645,2026-09-04 13:55:57.645,0.0,1
run_20260904_2026-09-04-13-49-34,1788501358.247,2026-09-04 13:55:58.247,0.401,1
run_20260904_2026-09-04-13-49-34,1788501358.247,2026-09-04 13:55:58.247,0.0,1
run_20260904_2026-09-04-13-49-34,1788501359.45,2026-09-04 13:55:59.450,0.401,1
run_20260904_2026-09-04-13-49-34,1788501359.45,2026-09-04 13:55:59.450,0.0,1
run_20260904_2026-09-04-13-49-34,1788501410.84,2026-09-04 13:56:50.840,0.0,1
run_20260904_2026-09-04-13-49-34,1788501411.241,2026-09-04 13:56:51.241,0.401,1
run_20260904_2026-09-04-13-49-34,1788501411.644,2026-09-04 13:56:51.644,0.0,1
run_20260904_2026-09-04-13-49-34,1788501412.245,2026-09-04 13:56:52.245,0.4,1
run_20260904_2026-09-04-13-49-34,1788501412.247,2026-09-04 13:56:52.247,0.003,1
run_20260904_2026-09-04-13-49-34,1788501463.44,2026-09-04 13:57:43.440,0.001,1
run_20260904_2026-09-04-13-49-34,1788501464.041,2026-09-04 13:57:44.041,0.401,1
run_20260904_2026-09-04-13-49-34,1788501464.444,2026-09-04 13:57:44.444,0.001,1
run_20260904_2026-09-04-13-49-34,1788501465.245,2026-09-04 13:57:45.245,0.401,1
run_20260904_2026-09-04-13-49-34,1788501465.245,2026-09-04 13:57:45.245,0.0,1
run_20260904_2026-09-04-13-49-34,1788501467.25,2026-09-04 13:57:47.250,0.4,1
run_20260904_2026-09-04-13-49-34,1788501467.251,2026-09-04 13:57:47.251,0.0,1
run_20260904_2026-09-04-13-49-34,1788501520.439,2026-09-04 13:58:40.439,0.0,1
run_20260904_2026-09-04-13-49-34,1788501521.041,2026-09-04 13:58:41.041,0.401,1
run_20260904_2026-09-04-13-49-34,1788501521.644,2026-09-04 13:58:41.644,0.001,1
run_20260904_2026-09-04-13-49-34,1788501522.245,2026-09-04 13:58:42.245,0.401,1
run_20260904_2026-09-04-13-49-34,1788501522.245,2026-09-04 13:58:42.245,0.0,1
run_20260904_2026-09-04-13-49-34,1788501523.25,2026-09-04 13:58:43.250,0.401,1
run_20260904_2026-09-04-13-49-34,1788501523.251,2026-09-04 13:58:43.251,0.0,1
run_20260904_2026-09-04-13-49-34,1788501573.641,2026-09-04 13:59:33.641,0.0,1
run_20260904_2026-09-04-13-49-34,1788501574.244,2026-09-04 13:59:34.244,0.401,1
run_20260904_2026-09-04-13-49-34,1788501574.444,2026-09-04 13:59:34.444,0.0,1
run_20260904_2026-09-04-13-49-34,1788501575.247,2026-09-04 13:59:35.247,0.401,1
run_20260904_2026-09-04-13-49-34,1788501575.247,2026-09-04 13:59:35.247,0.0,1
run_20260904_2026-09-04-13-49-34,1788501627.643,2026-09-04 14:00:27.643,0.0,1
run_20260904_2026-09-04-13-49-34,1788501628.245,2026-09-04 14:00:28.245,0.401,1
run_20260904_2026-09-04-13-49-34,1788501628.446,2026-09-04 14:00:28.446,0.0,1
run_20260904_2026-09-04-13-49-34,1788501680.444,2026-09-04 14:01:20.444,0.001,1
run_20260904_2026-09-04-13-49-34,1788501681.245,2026-09-04 14:01:21.245,0.4,1
run_20260904_2026-09-04-13-49-34,1788501681.246,2026-09-04 14:01:21.246,0.0,1
run_20260904_2026-09-04-13-49-34,1788501683.652,2026-09-04 14:01:23.652,0.401,1
run_20260904_2026-09-04-13-49-34,1788501683.655,2026-09-04 14:01:23.655,0.003,1
run_20260904_2026-09-04-13-49-34,1788501731.44,2026-09-04 14:02:11.440,0.001,1
run_20260904_2026-09-04-13-49-34,1788501731.84,2026-09-04 14:02:11.840,0.401,1
run_20260904_2026-09-04-13-49-34,1788501732.845,2026-09-04 14:02:12.845,0.001,1
run_20260904_2026-09-04-13-49-34,1788501733.245,2026-09-04 14:02:13.245,0.401,1
run_20260904_2026-09-04-13-49-34,1788501733.245,2026-09-04 14:02:13.245,0.0,1
run_20260904_2026-09-04-13-49-34,1788501784.642,2026-09-04 14:03:04.642,0.0,1
run_20260904_2026-09-04-13-49-34,1788501785.243,2026-09-04 14:03:05.243,0.401,1
run_20260904_2026-09-04-13-49-34,1788501785.444,2026-09-04 14:03:05.444,0.0,1
run_20260904_2026-09-04-13-49-34,1788501786.646,2026-09-04 14:03:06.646,0.401,1
run_20260904_2026-09-04-13-49-34,1788501786.646,2026-09-04 14:03:06.646,0.0,1
run_20260904_2026-09-04-13-49-34,1788501835.639,2026-09-04 14:03:55.639,0.001,1
run_20260904_2026-09-04-13-49-34,1788501836.24,2026-09-04 14:03:56.240,0.401,1
run_20260904_2026-09-04-13-49-34,1788501836.442,2026-09-04 14:03:56.442,0.002,1
run_20260904_2026-09-04-13-49-34,1788501885.838,2026-09-04 14:04:45.838,0.001,1
run_20260904_2026-09-04-13-49-34,1788501886.239,2026-09-04 14:04:46.239,0.401,1
run_20260904_2026-09-04-13-49-34,1788501886.64,2026-09-04 14:04:46.640,0.001,1
run_20260904_2026-09-04-13-49-34,1788501887.241,2026-09-04 14:04:47.241,0.401,1
run_20260904_2026-09-04-13-49-34,1788501887.241,2026-09-04 14:04:47.241,0.0,1
run_20260904_2026-09-04-13-49-34,1788501935.439,2026-09-04 14:05:35.439,0.0,1
run_20260904_2026-09-04-13-49-34,1788501983.438,2026-09-04 14:06:23.438,0.0,1
run_20260904_2026-09-04-13-49-34,1788501984.039,2026-09-04 14:06:24.039,0.4,1
run_20260904_2026-09-04-13-49-34,1788501984.24,2026-09-04 14:06:24.240,0.001,1
run_20260904_2026-09-04-13-49-34,1788502030.433,2026-09-04 14:07:10.433,0.0,1
run_20260904_2026-09-04-13-49-34,1788502030.834,2026-09-04 14:07:10.834,0.401,1
run_20260904_2026-09-04-13-49-34,1788502031.637,2026-09-04 14:07:11.637,0.0,1
run_20260904_2026-09-04-13-49-34,1788502032.239,2026-09-04 14:07:12.239,0.402,1
run_20260904_2026-09-04-13-49-34,1788502032.441,2026-09-04 14:07:12.441,0.0,1
run_20260904_2026-09-04-13-49-34,1788502081.636,2026-09-04 14:08:01.636,0.0,1
run_20260904_2026-09-04-13-49-34,1788502082.238,2026-09-04 14:08:02.238,0.401,1
run_20260904_2026-09-04-13-49-34,1788502082.439,2026-09-04 14:08:02.439,0.001,1
run_20260904_2026-09-04-13-49-34,1788502131.436,2026-09-04 14:08:51.436,0.0,1
run_20260904_2026-09-04-13-49-34,1788502132.239,2026-09-04 14:08:52.239,0.401,1
run_20260904_2026-09-04-13-49-34,1788502132.239,2026-09-04 14:08:52.239,0.0,1
run_20260904_2026-09-04-13-49-34,1788502179.635,2026-09-04 14:09:39.635,0.0,1
run_20260904_2026-09-04-13-49-34,1788502180.237,2026-09-04 14:09:40.237,0.402,1
run_20260904_2026-09-04-13-49-34,1788502180.438,2026-09-04 14:09:40.438,0.0,1
run_20260906_2026-09-06-08-02-57,1788653046.677,2026-09-06 08:04:06.677,0.0,1
run_20260906_2026-09-06-08-02-57,1788653047.278,2026-09-06 08:04:07.278,0.401,1
run_20260906_2026-09-06-08-02-57,1788653047.279,2026-09-06 08:04:07.279,0.001,1
run_20260906_2026-09-06-08-02-57,1788653100.477,2026-09-06 08:05:00.477,0.001,1
run_20260906_2026-09-06-08-02-57,1788653100.877,2026-09-06 08:05:00.877,0.4,1
run_20260906_2026-09-06-08-02-57,1788653101.48,2026-09-06 08:05:01.480,0.001,1
run_20260906_2026-09-06-08-02-57,1788653102.282,2026-09-06 08:05:02.282,0.4,1
run_20260906_2026-09-06-08-02-57,1788653102.483,2026-09-06 08:05:02.483,0.001,1
run_20260906_2026-09-06-08-02-57,1788653103.285,2026-09-06 08:05:03.285,0.4,1
run_20260906_2026-09-06-08-02-57,1788653103.285,2026-09-06 08:05:03.285,0.0,1
run_20260906_2026-09-06-08-02-57,1788653153.477,2026-09-06 08:05:53.477,0.0,1
run_20260906_2026-09-06-08-02-57,1788653154.079,2026-09-06 08:05:54.079,0.401,1
run_20260906_2026-09-06-08-02-57,1788653154.481,2026-09-06 08:05:54.481,0.0,1
run_20260906_2026-09-06-08-02-57,1788653201.681,2026-09-06 08:06:41.681,0.001,1
run_20260906_2026-09-06-08-02-57,1788653202.283,2026-09-06 08:06:42.283,0.401,1
run_20260906_2026-09-06-08-02-57,1788653202.483,2026-09-06 08:06:42.483,0.0,1
run_20260906_2026-09-06-08-02-57,1788653249.481,2026-09-06 08:07:29.481,0.0,1
run_20260906_2026-09-06-08-02-57,1788653250.083,2026-09-06 08:07:30.083,0.401,1
run_20260906_2026-09-06-08-02-57,1788653250.286,2026-09-06 08:07:30.286,0.0,1
run_20260906_2026-09-06-08-02-57,1788653299.482,2026-09-06 08:08:19.482,0.0,1
run_20260906_2026-09-06-08-02-57,1788653300.284,2026-09-06 08:08:20.284,0.401,1
run_20260906_2026-09-06-08-02-57,1788653300.486,2026-09-06 08:08:20.486,0.0,1
run_20260906_2026-09-06-08-02-57,1788653301.288,2026-09-06 08:08:21.288,0.401,1
run_20260906_2026-09-06-08-02-57,1788653301.289,2026-09-06 08:08:21.289,0.001,1
run_20260906_2026-09-06-08-02-57,1788653301.691,2026-09-06 08:08:21.691,0.402,1
run_20260906_2026-09-06-08-02-57,1788653301.691,2026-09-06 08:08:21.691,0.0,1
run_20260906_2026-09-06-08-02-57,1788653302.694,2026-09-06 08:08:22.694,0.401,1
run_20260906_2026-09-06-08-02-57,1788653302.694,2026-09-06 08:08:22.694,0.0,1
run_20260906_2026-09-06-08-02-57,1788653305.302,2026-09-06 08:08:25.302,0.401,1
run_20260906_2026-09-06-08-02-57,1788653305.304,2026-09-06 08:08:25.304,0.002,1
run_20260906_2026-09-06-08-02-57,1788653349.484,2026-09-06 08:09:09.484,0.0,1
run_20260906_2026-09-06-08-02-57,1788653350.285,2026-09-06 08:09:10.285,0.4,1
run_20260906_2026-09-06-08-02-57,1788653350.489,2026-09-06 08:09:10.489,0.003,1
run_20260906_2026-09-06-08-02-57,1788653351.291,2026-09-06 08:09:11.291,0.401,1
run_20260906_2026-09-06-08-02-57,1788653351.291,2026-09-06 08:09:11.291,0.0,1
run_20260906_2026-09-06-08-02-57,1788653396.483,2026-09-06 08:09:56.483,0.0,1
run_20260906_2026-09-06-08-02-57,1788653397.285,2026-09-06 08:09:57.285,0.4,1
run_20260906_2026-09-06-08-02-57,1788653397.688,2026-09-06 08:09:57.688,0.001,1
run_20260906_2026-09-06-08-02-57,1788653398.29,2026-09-06 08:09:58.290,0.402,1
run_20260906_2026-09-06-08-02-57,1788653398.29,2026-09-06 08:09:58.290,0.0,1
run_20260906_2026-09-06-08-02-57,1788653444.482,2026-09-06 08:10:44.482,0.0,1
run_20260906_2026-09-06-08-02-57,1788653445.284,2026-09-06 08:10:45.284,0.401,1
run_20260906_2026-09-06-08-02-57,1788653445.685,2026-09-06 08:10:45.685,0.0,1
run_20260906_2026-09-06-08-02-57,1788653446.086,2026-09-06 08:10:46.086,0.401,1
run_20260906_2026-09-06-08-02-57,1788653446.29,2026-09-06 08:10:46.290,0.0,1
run_20260906_2026-09-06-08-02-57,1788653493.883,2026-09-06 08:11:33.883,0.0,1
run_20260906_2026-09-06-08-02-57,1788653494.284,2026-09-06 08:11:34.284,0.401,1
run_20260906_2026-09-06-08-02-57,1788653494.485,2026-09-06 08:11:34.485,0.0,1
run_20260906_2026-09-06-08-02-57,1788653495.287,2026-09-06 08:11:35.287,0.401,1
run_20260906_2026-09-06-08-02-57,1788653495.488,2026-09-06 08:11:35.488,0.0,1
run_20260906_2026-09-06-08-02-57,1788653541.684,2026-09-06 08:12:21.684,0.001,1
run_20260906_2026-09-06-08-02-57,1788653542.286,2026-09-06 08:12:22.286,0.401,1
run_20260906_2026-09-06-08-02-57,1788653542.286,2026-09-06 08:12:22.286,0.0,1
run_20260906_2026-09-06-08-13-50,1788653666.882,2026-09-06 08:14:26.882,0.0,1
run_20260906_2026-09-06-08-13-50,1788653667.283,2026-09-06 08:14:27.283,0.401,1
run_20260906_2026-09-06-08-13-50,1788653667.484,2026-09-06 08:14:27.484,0.0,1
run_20260906_2026-09-06-08-13-50,1788653668.286,2026-09-06 08:14:28.286,0.401,1
run_20260906_2026-09-06-08-13-50,1788653668.286,2026-09-06 08:14:28.286,0.0,1
run_20260906_2026-09-06-08-13-50,1788653722.484,2026-09-06 08:15:22.484,0.0,1
run_20260906_2026-09-06-08-13-50,1788653723.287,2026-09-06 08:15:23.287,0.401,1
run_20260906_2026-09-06-08-13-50,1788653723.287,2026-09-06 08:15:23.287,0.0,1
run_20260906_2026-09-06-08-13-50,1788653774.483,2026-09-06 08:16:14.483,0.0,1
run_20260906_2026-09-06-08-13-50,1788653774.884,2026-09-06 08:16:14.884,0.401,1
run_20260906_2026-09-06-08-13-50,1788653774.884,2026-09-06 08:16:14.884,0.0,1
run_20260906_2026-09-06-08-13-50,1788653775.285,2026-09-06 08:16:15.285,0.401,1
run_20260906_2026-09-06-08-13-50,1788653775.487,2026-09-06 08:16:15.487,0.0,1
run_20260906_2026-09-06-08-13-50,1788653777.693,2026-09-06 08:16:17.693,0.401,1
run_20260906_2026-09-06-08-13-50,1788653777.693,2026-09-06 08:16:17.693,0.0,1
run_20260906_2026-09-06-08-13-50,1788653827.484,2026-09-06 08:17:07.484,0.001,1
run_20260906_2026-09-06-08-13-50,1788653828.286,2026-09-06 08:17:08.286,0.401,1
run_20260906_2026-09-06-08-13-50,1788653828.487,2026-09-06 08:17:08.487,0.001,1
run_20260906_2026-09-06-08-13-50,1788653829.289,2026-09-06 08:17:09.289,0.401,1
run_20260906_2026-09-06-08-13-50,1788653829.29,2026-09-06 08:17:09.290,0.0,1
run_20260906_2026-09-06-08-13-50,1788653882.484,2026-09-06 08:18:02.484,0.0,1
run_20260906_2026-09-06-08-13-50,1788653883.287,2026-09-06 08:18:03.287,0.401,1
run_20260906_2026-09-06-08-13-50,1788653883.488,2026-09-06 08:18:03.488,0.0,1
run_20260906_2026-09-06-08-13-50,1788653884.291,2026-09-06 08:18:04.291,0.401,1
run_20260906_2026-09-06-08-13-50,1788653884.291,2026-09-06 08:18:04.291,0.0,1
run_20260906_2026-09-06-08-13-50,1788653935.485,2026-09-06 08:18:55.485,0.0,1
run_20260906_2026-09-06-08-13-50,1788653936.288,2026-09-06 08:18:56.288,0.401,1
run_20260906_2026-09-06-08-13-50,1788653936.488,2026-09-06 08:18:56.488,0.0,1
run_20260906_2026-09-06-08-13-50,1788653937.291,2026-09-06 08:18:57.291,0.401,1
run_20260906_2026-09-06-08-13-50,1788653937.291,2026-09-06 08:18:57.291,0.0,1
run_20260906_2026-09-06-08-13-50,1788653938.694,2026-09-06 08:18:58.694,0.401,1
run_20260906_2026-09-06-08-13-50,1788653938.694,2026-09-06 08:18:58.694,0.0,1
run_20260906_2026-09-06-08-13-50,1788653987.48,2026-09-06 08:19:47.480,0.0,1
run_20260906_2026-09-06-08-13-50,1788653988.082,2026-09-06 08:19:48.082,0.401,1
run_20260906_2026-09-06-08-13-50,1788653988.684,2026-09-06 08:19:48.684,0.0,1
run_20260906_2026-09-06-08-13-50,1788653989.286,2026-09-06 08:19:49.286,0.401,1
run_20260906_2026-09-06-08-13-50,1788653989.487,2026-09-06 08:19:49.487,0.0,1
run_20260906_2026-09-06-08-13-50,1788654040.483,2026-09-06 08:20:40.483,0.003,1
run_20260906_2026-09-06-08-13-50,1788654041.285,2026-09-06 08:20:41.285,0.401,1
run_20260906_2026-09-06-08-13-50,1788654041.285,2026-09-06 08:20:41.285,0.0,1
run_20260906_2026-09-06-08-13-50,1788654094.477,2026-09-06 08:21:34.477,0.0,1
run_20260906_2026-09-06-08-13-50,1788654095.279,2026-09-06 08:21:35.279,0.401,1
run_20260906_2026-09-06-08-13-50,1788654095.48,2026-09-06 08:21:35.480,0.0,1
run_20260906_2026-09-06-08-13-50,1788654146.472,2026-09-06 08:22:26.472,0.0,1
run_20260906_2026-09-06-08-13-50,1788654146.873,2026-09-06 08:22:26.873,0.401,1
run_20260906_2026-09-06-08-13-50,1788654147.476,2026-09-06 08:22:27.476,0.001,1
run_20260906_2026-09-06-08-13-50,1788654148.279,2026-09-06 08:22:28.279,0.401,1
run_20260906_2026-09-06-08-13-50,1788654148.48,2026-09-06 08:22:28.480,0.001,1
run_20260906_2026-09-06-08-13-50,1788654201.474,2026-09-06 08:23:21.474,0.0,1
run_20260906_2026-09-06-08-13-50,1788654202.276,2026-09-06 08:23:22.276,0.401,1
run_20260906_2026-09-06-08-13-50,1788654202.477,2026-09-06 08:23:22.477,0.0,1
run_20260906_2026-09-06-08-13-50,1788654203.68,2026-09-06 08:23:23.680,0.401,1
run_20260906_2026-09-06-08-13-50,1788654203.681,2026-09-06 08:23:23.681,0.0,1
run_20260906_2026-09-06-08-13-50,1788654256.672,2026-09-06 08:24:16.672,0.0,1
run_20260906_2026-09-06-08-13-50,1788654257.273,2026-09-06 08:24:17.273,0.401,1
run_20260906_2026-09-06-08-13-50,1788654257.475,2026-09-06 08:24:17.475,0.001,1
run_20260906_2026-09-06-08-13-50,1788654258.476,2026-09-06 08:24:18.476,0.4,1
run_20260906_2026-09-06-08-13-50,1788654258.477,2026-09-06 08:24:18.477,0.001,1
run_20260906_2026-09-06-08-13-50,1788654311.872,2026-09-06 08:25:11.872,0.0,1
run_20260906_2026-09-06-08-13-50,1788654312.272,2026-09-06 08:25:12.272,0.401,1
run_20260906_2026-09-06-08-13-50,1788654312.472,2026-09-06 08:25:12.472,0.0,1
run_20260906_2026-09-06-08-13-50,1788654313.274,2026-09-06 08:25:13.274,0.4,1
run_20260906_2026-09-06-08-13-50,1788654313.475,2026-09-06 08:25:13.475,0.0,1
run_20260906_2026-09-06-08-13-50,1788654314.477,2026-09-06 08:25:14.477,0.401,1
run_20260906_2026-09-06-08-13-50,1788654314.477,2026-09-06 08:25:14.477,0.0,1
run_20260906_2026-09-06-08-13-50,1788654315.681,2026-09-06 08:25:15.681,0.401,1
run_20260906_2026-09-06-08-13-50,1788654315.682,2026-09-06 08:25:15.682,0.001,1
run_20260906_2026-09-06-08-13-50,1788654367.472,2026-09-06 08:26:07.472,0.0,1
run_20260906_2026-09-06-08-13-50,1788654368.274,2026-09-06 08:26:08.274,0.401,1
run_20260906_2026-09-06-08-13-50,1788654368.474,2026-09-06 08:26:08.474,0.0,1
run_20260906_2026-09-06-08-13-50,1788654369.276,2026-09-06 08:26:09.276,0.401,1
run_20260906_2026-09-06-08-13-50,1788654369.276,2026-09-06 08:26:09.276,0.0,1
run_20260906_2026-09-06-08-28-44,1788654530.47,2026-09-06 08:28:50.470,0.0,1
run_20260906_2026-09-06-08-28-44,1788654531.272,2026-09-06 08:28:51.272,0.401,1
run_20260906_2026-09-06-08-28-44,1788654531.473,2026-09-06 08:28:51.473,0.0,1
run_20260906_2026-09-06-08-28-44,1788654532.275,2026-09-06 08:28:52.275,0.401,1
run_20260906_2026-09-06-08-28-44,1788654532.275,2026-09-06 08:28:52.275,0.0,1
run_20260906_2026-09-06-08-28-44,1788654587.469,2026-09-06 08:29:47.469,0.0,1
run_20260906_2026-09-06-08-28-44,1788654588.27,2026-09-06 08:29:48.270,0.4,1
run_20260906_2026-09-06-08-28-44,1788654588.473,2026-09-06 08:29:48.473,0.0,1
run_20260906_2026-09-06-08-28-44,1788654589.477,2026-09-06 08:29:49.477,0.402,1
run_20260906_2026-09-06-08-28-44,1788654589.477,2026-09-06 08:29:49.477,0.0,1
run_20260906_2026-09-06-08-28-44,1788654640.469,2026-09-06 08:30:40.469,0.0,1
run_20260906_2026-09-06-08-28-44,1788654641.271,2026-09-06 08:30:41.271,0.4,1
run_20260906_2026-09-06-08-28-44,1788654641.472,2026-09-06 08:30:41.472,0.0,1
run_20260906_2026-09-06-08-28-44,1788654642.273,2026-09-06 08:30:42.273,0.401,1
run_20260906_2026-09-06-08-28-44,1788654642.474,2026-09-06 08:30:42.474,0.0,1
run_20260906_2026-09-06-08-28-44,1788654692.868,2026-09-06 08:31:32.868,0.0,1
run_20260906_2026-09-06-08-28-44,1788654693.268,2026-09-06 08:31:33.268,0.401,1
run_20260906_2026-09-06-08-28-44,1788654693.67,2026-09-06 08:31:33.670,0.0,1
run_20260906_2026-09-06-08-28-44,1788654694.273,2026-09-06 08:31:34.273,0.403,1
run_20260906_2026-09-06-08-28-44,1788654694.474,2026-09-06 08:31:34.474,0.0,1
run_20260906_2026-09-06-08-28-44,1788654742.469,2026-09-06 08:32:22.469,0.0,1
run_20260906_2026-09-06-08-28-44,1788654743.271,2026-09-06 08:32:23.271,0.401,1
run_20260906_2026-09-06-08-28-44,1788654743.473,2026-09-06 08:32:23.473,0.0,1
run_20260906_2026-09-06-08-28-44,1788654744.274,2026-09-06 08:32:24.274,0.401,1
run_20260906_2026-09-06-08-28-44,1788654744.477,2026-09-06 08:32:24.477,0.0,1
run_20260906_2026-09-06-08-28-44,1788654789.669,2026-09-06 08:33:09.669,0.0,1
run_20260906_2026-09-06-08-28-44,1788654790.07,2026-09-06 08:33:10.070,0.401,1
run_20260906_2026-09-06-08-28-44,1788654790.472,2026-09-06 08:33:10.472,0.0,1
run_20260906_2026-09-06-08-28-44,1788654838.469,2026-09-06 08:33:58.469,0.0,1
run_20260906_2026-09-06-08-28-44,1788654839.272,2026-09-06 08:33:59.272,0.401,1
run_20260906_2026-09-06-08-28-44,1788654839.472,2026-09-06 08:33:59.472,0.0,1
run_20260906_2026-09-06-08-28-44,1788654887.471,2026-09-06 08:34:47.471,0.0,1
run_20260906_2026-09-06-08-28-44,1788654888.273,2026-09-06 08:34:48.273,0.401,1
run_20260906_2026-09-06-08-28-44,1788654888.474,2026-09-06 08:34:48.474,0.0,1
run_20260906_2026-09-06-08-28-44,1788654889.276,2026-09-06 08:34:49.276,0.401,1
run_20260906_2026-09-06-08-28-44,1788654889.477,2026-09-06 08:34:49.477,0.0,1
run_20260906_2026-09-06-08-28-44,1788654936.47,2026-09-06 08:35:36.470,0.0,1
run_20260906_2026-09-06-08-28-44,1788654936.871,2026-09-06 08:35:36.871,0.401,1
run_20260906_2026-09-06-08-28-44,1788654936.871,2026-09-06 08:35:36.871,0.0,1
run_20260906_2026-09-06-08-28-44,1788654937.272,2026-09-06 08:35:37.272,0.401,1
run_20260906_2026-09-06-08-28-44,1788654937.473,2026-09-06 08:35:37.473,0.0,1
run_20260906_2026-09-06-08-28-44,1788654938.476,2026-09-06 08:35:38.476,0.401,1
run_20260906_2026-09-06-08-28-44,1788654938.477,2026-09-06 08:35:38.477,0.001,1
run_20260906_2026-09-06-08-28-44,1788654984.468,2026-09-06 08:36:24.468,0.0,1
run_20260906_2026-09-06-08-28-44,1788654984.869,2026-09-06 08:36:24.869,0.401,1
run_20260906_2026-09-06-08-28-44,1788654985.471,2026-09-06 08:36:25.471,0.001,1
run_20260906_2026-09-06-08-28-44,1788655034.47,2026-09-06 08:37:14.470,0.0,1
run_20260906_2026-09-06-08-28-44,1788655034.87,2026-09-06 08:37:14.870,0.4,1
run_20260906_2026-09-06-08-28-44,1788655035.673,2026-09-06 08:37:15.673,0.0,1
run_20260906_2026-09-06-08-28-44,1788655036.274,2026-09-06 08:37:16.274,0.401,1
run_20260906_2026-09-06-08-28-44,1788655036.478,2026-09-06 08:37:16.478,0.0,1
run_20260906_2026-09-06-08-28-44,1788655085.473,2026-09-06 08:38:05.473,0.001,1
run_20260906_2026-09-06-08-28-44,1788655086.275,2026-09-06 08:38:06.275,0.401,1
run_20260906_2026-09-06-08-28-44,1788655086.479,2026-09-06 08:38:06.479,0.004,1
run_20260906_2026-09-06-08-28-44,1788655133.469,2026-09-06 08:38:53.469,0.0,1
run_20260906_2026-09-06-08-28-44,1788655134.07,2026-09-06 08:38:54.070,0.401,1
run_20260906_2026-09-06-08-28-44,1788655134.472,2026-09-06 08:38:54.472,0.0,1
run_20260906_2026-09-06-08-28-44,1788655135.275,2026-09-06 08:38:55.275,0.401,1
run_20260906_2026-09-06-08-28-44,1788655135.275,2026-09-06 08:38:55.275,0.0,1
run_20260906_2026-09-06-08-28-44,1788655181.469,2026-09-06 08:39:41.469,0.0,1
run_20260906_2026-09-06-08-28-44,1788655182.273,2026-09-06 08:39:42.273,0.403,1
run_20260906_2026-09-06-08-28-44,1788655182.474,2026-09-06 08:39:42.474,0.0,1
run_20260906_2026-09-06-08-28-44,1788655183.277,2026-09-06 08:39:43.277,0.402,1
run_20260906_2026-09-06-08-28-44,1788655183.277,2026-09-06 08:39:43.277,0.0,1
run_20260906_2026-09-06-08-28-44,1788655230.869,2026-09-06 08:40:30.869,0.001,1
run_20260906_2026-09-06-08-28-44,1788655231.27,2026-09-06 08:40:31.270,0.401,1
run_20260906_2026-09-06-08-28-44,1788655231.671,2026-09-06 08:40:31.671,0.0,1
run_20260906_2026-09-06-08-28-44,1788655232.273,2026-09-06 08:40:32.273,0.401,1
run_20260906_2026-09-06-08-28-44,1788655232.476,2026-09-06 08:40:32.476,0.0,1
run_20260906_2026-09-06-08-28-44,1788655282.473,2026-09-06 08:41:22.473,0.003,1
run_20260906_2026-09-06-08-28-44,1788655283.275,2026-09-06 08:41:23.275,0.401,1
run_20260906_2026-09-06-08-28-44,1788655283.477,2026-09-06 08:41:23.477,0.001,1
run_20260906_2026-09-06-08-28-44,1788655332.468,2026-09-06 08:42:12.468,0.0,1
run_20260906_2026-09-06-08-28-44,1788655333.272,2026-09-06 08:42:13.272,0.401,1
run_20260906_2026-09-06-08-28-44,1788655333.473,2026-09-06 08:42:13.473,0.0,1
run_20260906_2026-09-06-08-28-44,1788655334.477,2026-09-06 08:42:14.477,0.401,1
run_20260906_2026-09-06-08-28-44,1788655334.477,2026-09-06 08:42:14.477,0.0,1
run_20260906_2026-09-06-08-43-55,1788655443.67,2026-09-06 08:44:03.670,0.0,1
run_20260906_2026-09-06-08-43-55,1788655444.071,2026-09-06 08:44:04.071,0.401,1
run_20260906_2026-09-06-08-43-55,1788655444.274,2026-09-06 08:44:04.274,0.0,1
run_20260906_2026-09-06-08-43-55,1788655446.682,2026-09-06 08:44:06.682,0.401,1
run_20260906_2026-09-06-08-43-55,1788655446.682,2026-09-06 08:44:06.682,0.0,1
run_20260906_2026-09-06-08-43-55,1788655501.467,2026-09-06 08:45:01.467,0.0,1
run_20260906_2026-09-06-08-43-55,1788655501.868,2026-09-06 08:45:01.868,0.401,1
run_20260906_2026-09-06-08-43-55,1788655501.868,2026-09-06 08:45:01.868,0.0,1
run_20260906_2026-09-06-08-43-55,1788655502.269,2026-09-06 08:45:02.269,0.401,1
run_20260906_2026-09-06-08-43-55,1788655502.471,2026-09-06 08:45:02.471,0.0,1
run_20260906_2026-09-06-08-43-55,1788655555.67,2026-09-06 08:45:55.670,0.0,1
run_20260906_2026-09-06-08-43-55,1788655556.271,2026-09-06 08:45:56.271,0.401,1
run_20260906_2026-09-06-08-43-55,1788655556.473,2026-09-06 08:45:56.473,0.001,1
run_20260906_2026-09-06-08-43-55,1788655606.466,2026-09-06 08:46:46.466,0.0,1
run_20260906_2026-09-06-08-43-55,1788655606.867,2026-09-06 08:46:46.867,0.401,1
run_20260906_2026-09-06-08-43-55,1788655607.47,2026-09-06 08:46:47.470,0.0,1
run_20260906_2026-09-06-08-43-55,1788655608.273,2026-09-06 08:46:48.273,0.401,1
run_20260906_2026-09-06-08-43-55,1788655608.273,2026-09-06 08:46:48.273,0.0,1
run_20260906_2026-09-06-08-43-55,1788655608.874,2026-09-06 08:46:48.874,0.401,1
run_20260906_2026-09-06-08-43-55,1788655608.875,2026-09-06 08:46:48.875,0.001,1
run_20260906_2026-09-06-08-43-55,1788655609.276,2026-09-06 08:46:49.276,0.401,1
run_20260906_2026-09-06-08-43-55,1788655609.276,2026-09-06 08:46:49.276,0.0,1
run_20260906_2026-09-06-08-43-55,1788655660.471,2026-09-06 08:47:40.471,0.0,1
run_20260906_2026-09-06-08-43-55,1788655712.47,2026-09-06 08:48:32.470,0.0,1
run_20260906_2026-09-06-08-43-55,1788655713.071,2026-09-06 08:48:33.071,0.401,1
run_20260906_2026-09-06-08-43-55,1788655713.473,2026-09-06 08:48:33.473,0.0,1
run_20260906_2026-09-06-08-43-55,1788655765.669,2026-09-06 08:49:25.669,0.0,1
run_20260906_2026-09-06-08-43-55,1788655766.27,2026-09-06 08:49:26.270,0.401,1
run_20260906_2026-09-06-08-43-55,1788655766.472,2026-09-06 08:49:26.472,0.001,1
run_20260906_2026-09-06-08-43-55,1788655767.274,2026-09-06 08:49:27.274,0.401,1
run_20260906_2026-09-06-08-43-55,1788655767.274,2026-09-06 08:49:27.274,0.0,1
run_20260906_2026-09-06-08-43-55,1788655818.869,2026-09-06 08:50:18.869,0.0,1
run_20260906_2026-09-06-08-43-55,1788655819.269,2026-09-06 08:50:19.269,0.4,1
run_20260906_2026-09-06-08-43-55,1788655819.47,2026-09-06 08:50:19.470,0.0,1
run_20260906_2026-09-06-08-43-55,1788655820.272,2026-09-06 08:50:20.272,0.401,1
run_20260906_2026-09-06-08-43-55,1788655820.473,2026-09-06 08:50:20.473,0.0,1
run_20260906_2026-09-06-08-43-55,1788655872.47,2026-09-06 08:51:12.470,0.0,1
run_20260906_2026-09-06-08-43-55,1788655873.273,2026-09-06 08:51:13.273,0.401,1
run_20260906_2026-09-06-08-43-55,1788655873.273,2026-09-06 08:51:13.273,0.0,1
run_20260906_2026-09-06-08-43-55,1788655926.67,2026-09-06 08:52:06.670,0.0,1
run_20260906_2026-09-06-08-43-55,1788655927.271,2026-09-06 08:52:07.271,0.401,1
run_20260906_2026-09-06-08-43-55,1788655927.473,2026-09-06 08:52:07.473,0.0,1
run_20260906_2026-09-06-08-43-55,1788655981.674,2026-09-06 08:53:01.674,0.0,1
run_20260906_2026-09-06-08-43-55,1788655982.275,2026-09-06 08:53:02.275,0.401,1
run_20260906_2026-09-06-08-43-55,1788655982.275,2026-09-06 08:53:02.275,0.0,1
run_20260906_2026-09-06-08-43-55,1788656035.471,2026-09-06 08:53:55.471,0.0,1
run_20260906_2026-09-06-08-43-55,1788656089.67,2026-09-06 08:54:49.670,0.0,1
run_20260906_2026-09-06-08-43-55,1788656090.272,2026-09-06 08:54:50.272,0.401,1
run_20260906_2026-09-06-08-43-55,1788656090.473,2026-09-06 08:54:50.473,0.0,1
run_20260906_2026-09-06-08-43-55,1788656091.275,2026-09-06 08:54:51.275,0.401,1
run_20260906_2026-09-06-08-43-55,1788656091.275,2026-09-06 08:54:51.275,0.0,1
run_20260906_2026-09-06-08-43-55,1788656142.468,2026-09-06 08:55:42.468,0.0,1
run_20260906_2026-09-06-08-43-55,1788656143.271,2026-09-06 08:55:43.271,0.401,1
run_20260906_2026-09-06-08-43-55,1788656143.471,2026-09-06 08:55:43.471,0.0,1
run_20260906_2026-09-06-08-43-55,1788656144.473,2026-09-06 08:55:44.473,0.401,1
run_20260906_2026-09-06-08-43-55,1788656144.474,2026-09-06 08:55:44.474,0.001,1
run_20260906_2026-09-06-08-43-55,1788656197.867,2026-09-06 08:56:37.867,0.0,1
run_20260906_2026-09-06-08-43-55,1788656198.268,2026-09-06 08:56:38.268,0.401,1
run_20260906_2026-09-06-08-43-55,1788656198.67,2026-09-06 08:56:38.670,0.001,1
run_20260906_2026-09-06-08-43-55,1788656199.271,2026-09-06 08:56:39.271,0.401,1
run_20260906_2026-09-06-08-43-55,1788656199.271,2026-09-06 08:56:39.271,0.001,1
run_20260906_2026-09-06-08-43-55,1788656250.665,2026-09-06 08:57:30.665,0.0,1
run_20260906_2026-09-06-08-43-55,1788656251.267,2026-09-06 08:57:31.267,0.401,1
run_20260906_2026-09-06-08-43-55,1788656251.668,2026-09-06 08:57:31.668,0.0,1
run_20260906_2026-09-06-08-43-55,1788656252.27,2026-09-06 08:57:32.270,0.401,1
run_20260906_2026-09-06-08-43-55,1788656252.271,2026-09-06 08:57:32.271,0.0,1
run_20260906_2026-09-06-08-43-55,1788656304.868,2026-09-06 08:58:24.868,0.0,1
run_20260906_2026-09-06-08-43-55,1788656305.268,2026-09-06 08:58:25.268,0.4,1
run_20260906_2026-09-06-08-43-55,1788656305.469,2026-09-06 08:58:25.469,0.0,1
run_20260906_2026-09-06-08-43-55,1788656306.271,2026-09-06 08:58:26.271,0.401,1
run_20260906_2026-09-06-08-43-55,1788656306.272,2026-09-06 08:58:26.272,0.001,1
run_20260906_2026-09-06-08-43-55,1788656307.877,2026-09-06 08:58:27.877,0.401,1
run_20260906_2026-09-06-08-43-55,1788656307.877,2026-09-06 08:58:27.877,0.0,1
run_20260906_2026-09-06-08-43-55,1788656308.278,2026-09-06 08:58:28.278,0.401,1
run_20260906_2026-09-06-08-43-55,1788656308.281,2026-09-06 08:58:28.281,0.003,1
run_20260906_2026-09-06-08-43-55,1788656357.668,2026-09-06 08:59:17.668,0.0,1
run_20260906_2026-09-06-08-43-55,1788656358.269,2026-09-06 08:59:18.269,0.401,1
run_20260906_2026-09-06-08-43-55,1788656358.27,2026-09-06 08:59:18.270,0.001,1
run_20260906_2026-09-06-08-43-55,1788656410.867,2026-09-06 09:00:10.867,0.0,1
run_20260906_2026-09-06-08-43-55,1788656411.269,2026-09-06 09:00:11.269,0.401,1
run_20260906_2026-09-06-08-43-55,1788656411.269,2026-09-06 09:00:11.269,0.0,1
run_20260906_2026-09-06-08-43-55,1788656412.271,2026-09-06 09:00:12.271,0.401,1
run_20260906_2026-09-06-08-43-55,1788656412.272,2026-09-06 09:00:12.272,0.0,1
run_20260906_2026-09-06-15-26-15,1788679609.497,2026-09-06 15:26:49.497,0.0,1
run_20260906_2026-09-06-15-26-15,1788679609.898,2026-09-06 15:26:49.898,0.401,1
run_20260906_2026-09-06-15-26-15,1788679610.503,2026-09-06 15:26:50.503,0.0,1
run_20260906_2026-09-06-15-26-15,1788679611.304,2026-09-06 15:26:51.304,0.401,1
run_20260906_2026-09-06-15-26-15,1788679611.304,2026-09-06 15:26:51.304,0.0,1
run_20260906_2026-09-06-15-26-15,1788679658.695,2026-09-06 15:27:38.695,0.0,1
run_20260906_2026-09-06-15-26-15,1788679659.296,2026-09-06 15:27:39.296,0.401,1
run_20260906_2026-09-06-15-26-15,1788679659.297,2026-09-06 15:27:39.297,0.001,1
run_20260906_2026-09-06-15-26-15,1788679660.3,2026-09-06 15:27:40.300,0.401,1
run_20260906_2026-09-06-15-26-15,1788679660.302,2026-09-06 15:27:40.302,0.002,1
run_20260906_2026-09-06-15-26-15,1788679707.89,2026-09-06 15:28:27.890,0.0,1
run_20260906_2026-09-06-15-26-15,1788679708.291,2026-09-06 15:28:28.291,0.401,1
run_20260906_2026-09-06-15-26-15,1788679708.492,2026-09-06 15:28:28.492,0.001,1
run_20260906_2026-09-06-15-26-15,1788679709.295,2026-09-06 15:28:29.295,0.401,1
run_20260906_2026-09-06-15-26-15,1788679709.295,2026-09-06 15:28:29.295,0.001,1
run_20260906_2026-09-06-15-26-15,1788679756.494,2026-09-06 15:29:16.494,0.0,1
run_20260906_2026-09-06-15-26-15,1788679757.298,2026-09-06 15:29:17.298,0.401,1
run_20260906_2026-09-06-15-26-15,1788679757.499,2026-09-06 15:29:17.499,0.0,1
run_20260906_2026-09-06-15-26-15,1788679800.885,2026-09-06 15:30:00.885,0.003,1
run_20260906_2026-09-06-15-26-15,1788679801.286,2026-09-06 15:30:01.286,0.401,1
run_20260906_2026-09-06-15-26-15,1788679801.487,2026-09-06 15:30:01.487,0.0,1
run_20260906_2026-09-06-15-26-15,1788679849.692,2026-09-06 15:30:49.692,0.0,1
run_20260906_2026-09-06-15-26-15,1788679892.68,2026-09-06 15:31:32.680,0.0,1
run_20260906_2026-09-06-15-26-15,1788679893.08,2026-09-06 15:31:33.080,0.401,1
run_20260906_2026-09-06-15-26-15,1788679893.683,2026-09-06 15:31:33.683,0.0,1
run_20260906_2026-09-06-15-26-15,1788679894.284,2026-09-06 15:31:34.284,0.401,1
run_20260906_2026-09-06-15-26-15,1788679894.285,2026-09-06 15:31:34.285,0.001,1
run_20260906_2026-09-06-15-26-15,1788679935.671,2026-09-06 15:32:15.671,0.0,1
run_20260906_2026-09-06-15-26-15,1788679936.072,2026-09-06 15:32:16.072,0.401,1
run_20260906_2026-09-06-15-26-15,1788679936.678,2026-09-06 15:32:16.678,0.0,1
run_20260906_2026-09-06-15-26-15,1788679937.28,2026-09-06 15:32:17.280,0.401,1
run_20260906_2026-09-06-15-26-15,1788679937.28,2026-09-06 15:32:17.280,0.0,1
run_20260906_2026-09-06-15-26-15,1788679981.476,2026-09-06 15:33:01.476,0.001,1
run_20260906_2026-09-06-15-26-15,1788679983.484,2026-09-06 15:33:03.484,0.401,1
run_20260906_2026-09-06-15-26-15,1788679983.485,2026-09-06 15:33:03.485,0.001,1
run_20260906_2026-09-06-15-26-15,1788680025.872,2026-09-06 15:33:45.872,0.001,1
run_20260906_2026-09-06-15-26-15,1788680026.273,2026-09-06 15:33:46.273,0.401,1
run_20260906_2026-09-06-15-26-15,1788680026.474,2026-09-06 15:33:46.474,0.0,1
run_20260906_2026-09-06-15-26-15,1788680068.664,2026-09-06 15:34:28.664,0.0,1
run_20260906_2026-09-06-15-26-15,1788680069.266,2026-09-06 15:34:29.266,0.401,1
run_20260906_2026-09-06-15-26-15,1788680069.266,2026-09-06 15:34:29.266,0.001,1
run_20260906_2026-09-06-15-26-15,1788680070.27,2026-09-06 15:34:30.270,0.401,1
run_20260906_2026-09-06-15-26-15,1788680070.271,2026-09-06 15:34:30.271,0.001,1
run_20260906_2026-09-06-15-26-15,1788680071.274,2026-09-06 15:34:31.274,0.401,1
run_20260906_2026-09-06-15-26-15,1788680071.275,2026-09-06 15:34:31.275,0.001,1
run_20260906_2026-09-06-15-26-15,1788680115.467,2026-09-06 15:35:15.467,0.001,1
run_20260906_2026-09-06-15-26-15,1788680116.269,2026-09-06 15:35:16.269,0.401,1
run_20260906_2026-09-06-15-26-15,1788680116.269,2026-09-06 15:35:16.269,0.001,1
run_20260906_2026-09-06-15-26-15,1788680159.873,2026-09-06 15:35:59.873,0.0,1
run_20260906_2026-09-06-15-26-15,1788680160.274,2026-09-06 15:36:00.274,0.401,1
run_20260906_2026-09-06-15-26-15,1788680160.274,2026-09-06 15:36:00.274,0.0,1
run_20260906_2026-09-06-15-26-15,1788680160.675,2026-09-06 15:36:00.675,0.401,1
run_20260906_2026-09-06-15-26-15,1788680160.676,2026-09-06 15:36:00.676,0.001,1
run_20260906_2026-09-06-15-26-15,1788680161.278,2026-09-06 15:36:01.278,0.401,1
run_20260906_2026-09-06-15-26-15,1788680161.278,2026-09-06 15:36:01.278,0.0,1
run_20260906_2026-09-06-15-26-15,1788680201.669,2026-09-06 15:36:41.669,0.001,1
run_20260906_2026-09-06-15-26-15,1788680202.07,2026-09-06 15:36:42.070,0.401,1
run_20260906_2026-09-06-15-26-15,1788680202.272,2026-09-06 15:36:42.272,0.0,1
run_20260906_2026-09-06-15-26-15,1788680203.275,2026-09-06 15:36:43.275,0.401,1
run_20260906_2026-09-06-15-26-15,1788680203.279,2026-09-06 15:36:43.279,0.004,1
run_20260906_2026-09-06-15-26-15,1788680243.671,2026-09-06 15:37:23.671,0.0,1
run_20260906_2026-09-06-15-26-15,1788680283.664,2026-09-06 15:38:03.664,0.003,1
run_20260906_2026-09-06-15-26-15,1788680284.266,2026-09-06 15:38:04.266,0.401,1
run_20260906_2026-09-06-15-26-15,1788680284.266,2026-09-06 15:38:04.266,0.0,1
run_20260906_2026-09-06-15-26-15,1788680285.672,2026-09-06 15:38:05.672,0.402,1
run_20260906_2026-09-06-15-26-15,1788680286.677,2026-09-06 15:38:06.677,0.001,1
run_20260906_2026-09-06-15-26-15,1788680287.078,2026-09-06 15:38:07.078,0.401,1
run_20260906_2026-09-06-15-26-15,1788680287.279,2026-09-06 15:38:07.279,0.0,1
run_20260906_2026-09-06-15-26-15,1788680324.661,2026-09-06 15:38:44.661,0.0,1
run_20260906_2026-09-06-15-26-15,1788680325.263,2026-09-06 15:38:45.263,0.401,1
run_20260906_2026-09-06-15-26-15,1788680325.464,2026-09-06 15:38:45.464,0.001,1
run_20260906_2026-09-06-15-26-15,1788680328.275,2026-09-06 15:38:48.275,0.401,1
run_20260906_2026-09-06-15-26-15,1788680328.275,2026-09-06 15:38:48.275,0.0,1
run_20260906_2026-09-06-15-26-15,1788680366.862,2026-09-06 15:39:26.862,0.0,1
run_20260906_2026-09-06-15-26-15,1788680367.263,2026-09-06 15:39:27.263,0.401,1
run_20260906_2026-09-06-15-26-15,1788680367.666,2026-09-06 15:39:27.666,0.001,1
run_20260906_2026-09-06-15-26-15,1788680368.267,2026-09-06 15:39:28.267,0.401,1
run_20260906_2026-09-06-15-26-15,1788680368.269,2026-09-06 15:39:28.269,0.001,1
run_20260906_2026-09-06-15-26-15,1788680407.661,2026-09-06 15:40:07.661,0.0,1
run_20260906_2026-09-06-15-26-15,1788680408.262,2026-09-06 15:40:08.262,0.401,1
run_20260906_2026-09-06-15-26-15,1788680408.464,2026-09-06 15:40:08.464,0.0,1
run_20260906_2026-09-06-15-26-15,1788680409.266,2026-09-06 15:40:09.266,0.401,1
run_20260906_2026-09-06-15-26-15,1788680409.267,2026-09-06 15:40:09.267,0.0,1
run_20260906_2026-09-06-15-26-15,1788680448.657,2026-09-06 15:40:48.657,0.001,1
run_20260906_2026-09-06-15-26-15,1788680449.259,2026-09-06 15:40:49.259,0.401,1
run_20260906_2026-09-06-15-26-15,1788680449.259,2026-09-06 15:40:49.259,0.0,1
run_20260906_2026-09-06-15-26-15,1788680450.266,2026-09-06 15:40:50.266,0.401,1
run_20260906_2026-09-06-15-26-15,1788680450.266,2026-09-06 15:40:50.266,0.0,1
run_20260906_2026-09-06-15-26-15,1788680489.456,2026-09-06 15:41:29.456,0.001,1
run_20260906_2026-09-06-15-26-15,1788680491.265,2026-09-06 15:41:31.265,0.402,1
run_20260906_2026-09-06-15-26-15,1788680491.266,2026-09-06 15:41:31.266,0.0,1
run_20260906_2026-09-06-15-26-15,1788680529.654,2026-09-06 15:42:09.654,0.0,1
run_20260906_2026-09-06-15-26-15,1788680530.256,2026-09-06 15:42:10.256,0.401,1
run_20260906_2026-09-06-15-26-15,1788680530.46,2026-09-06 15:42:10.460,0.0,1
run_20260906_2026-09-06-15-26-15,1788680570.655,2026-09-06 15:42:50.655,0.0,1
run_20260906_2026-09-06-15-26-15,1788680571.056,2026-09-06 15:42:51.056,0.401,1
run_20260906_2026-09-06-15-26-15,1788680571.458,2026-09-06 15:42:51.458,0.001,1
run_20260906_2026-09-06-15-26-15,1788680612.649,2026-09-06 15:43:32.649,0.0,1
run_20260906_2026-09-06-15-26-15,1788680613.05,2026-09-06 15:43:33.050,0.401,1
run_20260906_2026-09-06-15-26-15,1788680613.452,2026-09-06 15:43:33.452,0.0,1
run_20260906_2026-09-06-15-26-15,1788680614.456,2026-09-06 15:43:34.456,0.401,1
run_20260906_2026-09-06-15-26-15,1788680614.456,2026-09-06 15:43:34.456,0.0,1
run_20260906_2026-09-06-15-26-15,1788680656.849,2026-09-06 15:44:16.849,0.001,1
run_20260906_2026-09-06-15-26-15,1788680657.249,2026-09-06 15:44:17.249,0.401,1
run_20260906_2026-09-06-15-26-15,1788680657.651,2026-09-06 15:44:17.651,0.0,1
run_20260906_2026-09-06-15-26-15,1788680658.254,2026-09-06 15:44:18.254,0.402,1
run_20260906_2026-09-06-15-26-15,1788680658.254,2026-09-06 15:44:18.254,0.0,1
run_20260906_2026-09-06-15-26-15,1788680701.249,2026-09-06 15:45:01.249,0.0,1
run_20260906_2026-09-06-15-26-15,1788680701.649,2026-09-06 15:45:01.649,0.401,1
run_20260906_2026-09-06-15-26-15,1788680701.65,2026-09-06 15:45:01.650,0.001,1
run_20260906_2026-09-06-15-26-15,1788680702.252,2026-09-06 15:45:02.252,0.401,1
run_20260906_2026-09-06-15-26-15,1788680702.253,2026-09-06 15:45:02.253,0.001,1
run_20260906_2026-09-06-15-26-15,1788680744.647,2026-09-06 15:45:44.647,0.0,1
run_20260906_2026-09-06-15-26-15,1788680745.047,2026-09-06 15:45:45.047,0.401,1
run_20260906_2026-09-06-15-26-15,1788680745.249,2026-09-06 15:45:45.249,0.001,1
run_20260906_2026-09-06-15-26-15,1788680746.253,2026-09-06 15:45:46.253,0.401,1
run_20260906_2026-09-06-15-26-15,1788680746.253,2026-09-06 15:45:46.253,0.0,1
run_20260906_2026-09-06-15-26-15,1788680789.649,2026-09-06 15:46:29.649,0.001,1
run_20260906_2026-09-06-15-26-15,1788680790.25,2026-09-06 15:46:30.250,0.401,1
run_20260906_2026-09-06-15-26-15,1788680790.251,2026-09-06 15:46:30.251,0.001,1
run_20260906_2026-09-06-15-26-15,1788680832.65,2026-09-06 15:47:12.650,0.0,1
run_20260906_2026-09-06-15-26-15,1788680833.252,2026-09-06 15:47:13.252,0.402,1
run_20260906_2026-09-06-15-26-15,1788680833.252,2026-09-06 15:47:13.252,0.001,1
run_20260906_2026-09-06-15-26-15,1788680876.243,2026-09-06 15:47:56.243,0.0,1
run_20260906_2026-09-06-15-26-15,1788680876.644,2026-09-06 15:47:56.644,0.401,1
run_20260906_2026-09-06-15-26-15,1788680876.644,2026-09-06 15:47:56.644,0.0,1
run_20260906_2026-09-06-15-26-15,1788680877.246,2026-09-06 15:47:57.246,0.401,1
run_20260906_2026-09-06-15-26-15,1788680877.248,2026-09-06 15:47:57.248,0.002,1
run_20260906_2026-09-06-15-26-15,1788680921.643,2026-09-06 15:48:41.643,0.0,1
run_20260906_2026-09-06-15-26-15,1788680922.043,2026-09-06 15:48:42.043,0.401,1
run_20260906_2026-09-06-15-26-15,1788680922.649,2026-09-06 15:48:42.649,0.001,1
run_20260906_2026-09-06-15-26-15,1788680965.241,2026-09-06 15:49:25.241,0.0,1
run_20260906_2026-09-06-15-26-15,1788680965.641,2026-09-06 15:49:25.641,0.4,1
run_20260906_2026-09-06-15-26-15,1788680965.843,2026-09-06 15:49:25.843,0.0,1
run_20260906_2026-09-06-15-26-15,1788680966.244,2026-09-06 15:49:26.244,0.401,1
run_20260906_2026-09-06-15-26-15,1788680966.646,2026-09-06 15:49:26.646,0.001,1
run_20260906_2026-09-06-15-26-15,1788680967.248,2026-09-06 15:49:27.248,0.401,1
run_20260906_2026-09-06-15-26-15,1788680967.248,2026-09-06 15:49:27.248,0.0,1
run_20260906_2026-09-06-15-26-15,1788680968.253,2026-09-06 15:49:28.253,0.401,1
run_20260906_2026-09-06-15-26-15,1788680968.254,2026-09-06 15:49:28.254,0.001,1
run_20260906_2026-09-06-15-26-15,1788681010.242,2026-09-06 15:50:10.242,0.0,1
run_20260906_2026-09-06-15-26-15,1788681010.643,2026-09-06 15:50:10.643,0.401,1
run_20260906_2026-09-06-15-26-15,1788681010.643,2026-09-06 15:50:10.643,0.0,1
run_20260906_2026-09-06-15-26-15,1788681011.044,2026-09-06 15:50:11.044,0.401,1
run_20260906_2026-09-06-15-26-15,1788681011.245,2026-09-06 15:50:11.245,0.0,1
run_20260906_2026-09-06-15-26-15,1788681012.248,2026-09-06 15:50:12.248,0.401,1
run_20260906_2026-09-06-15-26-15,1788681012.249,2026-09-06 15:50:12.249,0.001,1
run_20260906_2026-09-06-15-26-15,1788681055.241,2026-09-06 15:50:55.241,0.0,1
run_20260906_2026-09-06-15-26-15,1788681055.642,2026-09-06 15:50:55.642,0.401,1
run_20260906_2026-09-06-15-26-15,1788681055.643,2026-09-06 15:50:55.643,0.001,1
run_20260906_2026-09-06-15-26-15,1788681056.244,2026-09-06 15:50:56.244,0.401,1
run_20260906_2026-09-06-15-26-15,1788681056.445,2026-09-06 15:50:56.445,0.0,1
run_20260906_2026-09-06-15-26-15,1788681057.248,2026-09-06 15:50:57.248,0.401,1
run_20260906_2026-09-06-15-26-15,1788681057.248,2026-09-06 15:50:57.248,0.0,1
run_20260906_2026-09-06-15-26-15,1788681099.445,2026-09-06 15:51:39.445,0.0,1
run_20260906_2026-09-06-15-26-15,1788681100.248,2026-09-06 15:51:40.248,0.402,1
run_20260906_2026-09-06-15-26-15,1788681100.248,2026-09-06 15:51:40.248,0.0,1
run_20260906_2026-09-06-15-26-15,1788681103.26,2026-09-06 15:51:43.260,0.4,1
run_20260906_2026-09-06-15-26-15,1788681103.261,2026-09-06 15:51:43.261,0.001,1
run_20260906_2026-09-06-15-26-15,1788681144.245,2026-09-06 15:52:24.245,0.0,1
run_20260906_2026-09-06-15-26-15,1788681145.248,2026-09-06 15:52:25.248,0.401,1
run_20260906_2026-09-06-15-26-15,1788681145.249,2026-09-06 15:52:25.249,0.001,1
run_20260906_2026-09-06-15-26-15,1788681189.644,2026-09-06 15:53:09.644,0.0,1
run_20260906_2026-09-06-15-26-15,1788681190.246,2026-09-06 15:53:10.246,0.401,1
run_20260906_2026-09-06-15-26-15,1788681190.246,2026-09-06 15:53:10.246,0.0,1
run_20260906_2026-09-06-15-26-15,1788681234.844,2026-09-06 15:53:54.844,0.0,1
run_20260906_2026-09-06-15-26-15,1788681235.245,2026-09-06 15:53:55.245,0.401,1
run_20260906_2026-09-06-15-26-15,1788681235.446,2026-09-06 15:53:55.446,0.0,1
run_20260906_2026-09-06-15-26-15,1788681236.249,2026-09-06 15:53:56.249,0.401,1
run_20260906_2026-09-06-15-26-15,1788681236.249,2026-09-06 15:53:56.249,0.0,1
run_20260906_2026-09-06-15-26-15,1788681280.647,2026-09-06 15:54:40.647,0.0,1
run_20260906_2026-09-06-15-26-15,1788681281.25,2026-09-06 15:54:41.250,0.402,1
run_20260906_2026-09-06-15-26-15,1788681281.25,2026-09-06 15:54:41.250,0.0,1
run_20260906_2026-09-06-15-26-15,1788681322.64,2026-09-06 15:55:22.640,0.0,1
run_20260906_2026-09-06-15-26-15,1788681323.04,2026-09-06 15:55:23.040,0.401,1
run_20260906_2026-09-06-15-26-15,1788681323.443,2026-09-06 15:55:23.443,0.0,1
run_20260906_2026-09-06-15-26-15,1788681365.638,2026-09-06 15:56:05.638,0.0,1
run_20260906_2026-09-06-15-26-15,1788681366.24,2026-09-06 15:56:06.240,0.401,1
run_20260906_2026-09-06-15-26-15,1788681366.642,2026-09-06 15:56:06.642,0.0,1
run_20260906_2026-09-06-15-26-15,1788681367.243,2026-09-06 15:56:07.243,0.4,1
run_20260906_2026-09-06-15-26-15,1788681367.444,2026-09-06 15:56:07.444,0.0,1
run_20260906_2026-09-06-15-26-15,1788681370.255,2026-09-06 15:56:10.255,0.401,1
run_20260906_2026-09-06-15-26-15,1788681370.259,2026-09-06 15:56:10.259,0.004,1
run_20260906_2026-09-06-15-26-15,1788681410.639,2026-09-06 15:56:50.639,0.0,1
run_20260906_2026-09-06-15-26-15,1788681411.241,2026-09-06 15:56:51.241,0.401,1
run_20260906_2026-09-06-15-26-15,1788681411.241,2026-09-06 15:56:51.241,0.0,1
run_20260906_2026-09-06-15-26-15,1788681455.841,2026-09-06 15:57:35.841,0.0,1
run_20260906_2026-09-06-15-26-15,1788681456.241,2026-09-06 15:57:36.241,0.401,1
run_20260906_2026-09-06-15-26-15,1788681456.644,2026-09-06 15:57:36.644,0.001,1
run_20260906_2026-09-06-15-26-15,1788681459.454,2026-09-06 15:57:39.454,0.401,1
run_20260906_2026-09-06-15-26-15,1788681459.454,2026-09-06 15:57:39.454,0.001,1
run_20260906_2026-09-06-15-26-15,1788681499.84,2026-09-06 15:58:19.840,0.001,1
run_20260906_2026-09-06-15-26-15,1788681500.241,2026-09-06 15:58:20.241,0.401,1
run_20260906_2026-09-06-15-26-15,1788681500.441,2026-09-06 15:58:20.441,0.0,1
run_20260906_2026-09-06-15-26-15,1788681547.854,2026-09-06 15:59:07.854,0.001,1
run_20260906_2026-09-06-15-26-15,1788681548.255,2026-09-06 15:59:08.255,0.401,1
run_20260906_2026-09-06-15-26-15,1788681548.457,2026-09-06 15:59:08.457,0.0,1
run_20260906_2026-09-06-15-26-15,1788681587.636,2026-09-06 15:59:47.636,0.0,1
run_20260906_2026-09-06-15-26-15,1788681588.238,2026-09-06 15:59:48.238,0.401,1
run_20260906_2026-09-06-15-26-15,1788681588.44,2026-09-06 15:59:48.440,0.0,1
run_20260906_2026-09-06-15-26-15,1788681632.235,2026-09-06 16:00:32.235,0.0,1
run_20260906_2026-09-06-15-26-15,1788681632.636,2026-09-06 16:00:32.636,0.401,1
run_20260906_2026-09-06-15-26-15,1788681632.838,2026-09-06 16:00:32.838,0.0,1
run_20260906_2026-09-06-15-26-15,1788681633.239,2026-09-06 16:00:33.239,0.401,1
run_20260906_2026-09-06-15-26-15,1788681633.24,2026-09-06 16:00:33.240,0.0,1
run_20260906_2026-09-06-15-26-15,1788681635.447,2026-09-06 16:00:35.447,0.401,1
run_20260906_2026-09-06-15-26-15,1788681635.447,2026-09-06 16:00:35.447,0.0,1
run_20260906_2026-09-06-15-26-15,1788681677.241,2026-09-06 16:01:17.241,0.0,1
run_20260906_2026-09-06-15-26-15,1788681678.244,2026-09-06 16:01:18.244,0.402,1
run_20260906_2026-09-06-15-26-15,1788681678.244,2026-09-06 16:01:18.244,0.0,1
run_20260906_2026-09-06-15-26-15,1788681723.65,2026-09-06 16:02:03.650,0.0,1
run_20260906_2026-09-06-15-26-15,1788681724.051,2026-09-06 16:02:04.051,0.401,1
run_20260906_2026-09-06-15-26-15,1788681724.253,2026-09-06 16:02:04.253,0.0,1
run_20260906_2026-09-06-15-26-15,1788681766.842,2026-09-06 16:02:46.842,0.0,1
run_20260906_2026-09-06-15-26-15,1788681767.243,2026-09-06 16:02:47.243,0.401,1
run_20260906_2026-09-06-15-26-15,1788681767.245,2026-09-06 16:02:47.245,0.002,1
run_20260906_2026-09-06-15-26-15,1788681768.248,2026-09-06 16:02:48.248,0.402,1
run_20260906_2026-09-06-15-26-15,1788681768.248,2026-09-06 16:02:48.248,0.0,1
run_20260906_2026-09-06-15-26-15,1788681812.845,2026-09-06 16:03:32.845,0.0,1
run_20260906_2026-09-06-15-26-15,1788681813.246,2026-09-06 16:03:33.246,0.401,1
run_20260906_2026-09-06-15-26-15,1788681813.246,2026-09-06 16:03:33.246,0.0,1
run_20260906_2026-09-06-15-26-15,1788681813.647,2026-09-06 16:03:33.647,0.401,1
run_20260906_2026-09-06-15-26-15,1788681813.648,2026-09-06 16:03:33.648,0.001,1
run_20260906_2026-09-06-15-26-15,1788681814.249,2026-09-06 16:03:34.249,0.401,1
run_20260906_2026-09-06-15-26-15,1788681814.25,2026-09-06 16:03:34.250,0.001,1
run_20260906_2026-09-06-15-26-15,1788681815.655,2026-09-06 16:03:35.655,0.401,1
run_20260906_2026-09-06-15-26-15,1788681815.656,2026-09-06 16:03:35.656,0.001,1
run_20260906_2026-09-06-15-26-15,1788681860.654,2026-09-06 16:04:20.654,0.0,1
run_20260906_2026-09-06-15-26-15,1788681861.256,2026-09-06 16:04:21.256,0.402,1
run_20260906_2026-09-06-15-26-15,1788681861.256,2026-09-06 16:04:21.256,0.0,1
run_20260906_2026-09-06-15-26-15,1788681904.251,2026-09-06 16:05:04.251,0.0,1
run_20260906_2026-09-06-15-26-15,1788681904.651,2026-09-06 16:05:04.651,0.401,1
run_20260906_2026-09-06-15-26-15,1788681904.852,2026-09-06 16:05:04.852,0.0,1
run_20260906_2026-09-06-15-26-15,1788681905.253,2026-09-06 16:05:05.253,0.401,1
run_20260906_2026-09-06-15-26-15,1788681905.254,2026-09-06 16:05:05.254,0.001,1
run_20260906_2026-09-06-15-26-15,1788681906.257,2026-09-06 16:05:06.257,0.401,1
run_20260906_2026-09-06-15-26-15,1788681906.259,2026-09-06 16:05:06.259,0.002,1
run_20260906_2026-09-06-15-26-15,1788681948.647,2026-09-06 16:05:48.647,0.0,1
run_20260906_2026-09-06-15-26-15,1788681949.048,2026-09-06 16:05:49.048,0.401,1
run_20260906_2026-09-06-15-26-15,1788681949.249,2026-09-06 16:05:49.249,0.001,1
run_20260906_2026-09-06-15-26-15,1788681994.249,2026-09-06 16:06:34.249,0.0,1
run_20260906_2026-09-06-15-26-15,1788681995.252,2026-09-06 16:06:35.252,0.401,1
run_20260906_2026-09-06-15-26-15,1788681995.252,2026-09-06 16:06:35.252,0.0,1
run_20260906_2026-09-06-15-26-15,1788682037.651,2026-09-06 16:07:17.651,0.0,1
run_20260906_2026-09-06-15-26-15,1788682038.254,2026-09-06 16:07:18.254,0.401,1
run_20260906_2026-09-06-15-26-15,1788682038.254,2026-09-06 16:07:18.254,0.0,1
run_20260906_2026-09-06-15-26-15,1788682039.261,2026-09-06 16:07:19.261,0.405,1
run_20260906_2026-09-06-15-26-15,1788682039.261,2026-09-06 16:07:19.261,0.0,1
run_20260906_2026-09-06-15-26-15,1788682040.265,2026-09-06 16:07:20.265,0.401,1
run_20260906_2026-09-06-15-26-15,1788682040.265,2026-09-06 16:07:20.265,0.0,1
run_20260906_2026-09-06-15-26-15,1788682079.254,2026-09-06 16:07:59.254,0.0,1
run_20260906_2026-09-06-15-26-15,1788682080.257,2026-09-06 16:08:00.257,0.401,1
run_20260906_2026-09-06-15-26-15,1788682080.259,2026-09-06 16:08:00.259,0.001,1
run_20260906_2026-09-06-15-26-15,1788682119.851,2026-09-06 16:08:39.851,0.0,1
run_20260906_2026-09-06-15-26-15,1788682120.252,2026-09-06 16:08:40.252,0.401,1
run_20260906_2026-09-06-15-26-15,1788682120.454,2026-09-06 16:08:40.454,0.001,1
run_20260906_2026-09-06-15-26-15,1788682121.256,2026-09-06 16:08:41.256,0.401,1
run_20260906_2026-09-06-15-26-15,1788682121.458,2026-09-06 16:08:41.458,0.001,1
run_20260906_2026-09-06-15-26-15,1788682164.658,2026-09-06 16:09:24.658,0.003,1
run_20260906_2026-09-06-15-26-15,1788682165.26,2026-09-06 16:09:25.260,0.401,1
run_20260906_2026-09-06-15-26-15,1788682165.26,2026-09-06 16:09:25.260,0.0,1
run_20260906_2026-09-06-15-26-15,1788682168.271,2026-09-06 16:09:28.271,0.402,1
run_20260906_2026-09-06-15-26-15,1788682168.271,2026-09-06 16:09:28.271,0.0,1
run_20260906_2026-09-06-15-26-15,1788682208.856,2026-09-06 16:10:08.856,0.001,1
run_20260906_2026-09-06-15-26-15,1788682209.257,2026-09-06 16:10:09.257,0.401,1
run_20260906_2026-09-06-15-26-15,1788682209.257,2026-09-06 16:10:09.257,0.0,1
run_20260906_2026-09-06-15-26-15,1788682209.659,2026-09-06 16:10:09.659,0.402,1
run_20260906_2026-09-06-15-26-15,1788682209.659,2026-09-06 16:10:09.659,0.0,1
run_20260906_2026-09-06-15-26-15,1788682253.256,2026-09-06 16:10:53.256,0.0,1
run_20260906_2026-09-06-15-26-15,1788682253.657,2026-09-06 16:10:53.657,0.401,1
run_20260906_2026-09-06-15-26-15,1788682253.657,2026-09-06 16:10:53.657,0.0,1
run_20260906_2026-09-06-15-26-15,1788682254.258,2026-09-06 16:10:54.258,0.401,1
run_20260906_2026-09-06-15-26-15,1788682254.26,2026-09-06 16:10:54.260,0.001,1
run_20260906_2026-09-06-15-26-15,1788682255.262,2026-09-06 16:10:55.262,0.401,1
run_20260906_2026-09-06-15-26-15,1788682255.264,2026-09-06 16:10:55.264,0.001,1
run_20260906_2026-09-06-15-26-15,1788682298.656,2026-09-06 16:11:38.656,0.001,1
run_20260906_2026-09-06-15-26-15,1788682299.056,2026-09-06 16:11:39.056,0.401,1
run_20260906_2026-09-06-15-26-15,1788682299.66,2026-09-06 16:11:39.660,0.0,1
run_20260906_2026-09-06-15-26-15,1788682300.261,2026-09-06 16:11:40.261,0.401,1
run_20260906_2026-09-06-15-26-15,1788682300.261,2026-09-06 16:11:40.261,0.0,1
run_20260906_2026-09-06-15-26-15,1788682341.855,2026-09-06 16:12:21.855,0.0,1
run_20260906_2026-09-06-15-26-15,1788682342.256,2026-09-06 16:12:22.256,0.401,1
run_20260906_2026-09-06-15-26-15,1788682342.256,2026-09-06 16:12:22.256,0.0,1
run_20260906_2026-09-06-15-26-15,1788682342.657,2026-09-06 16:12:22.657,0.401,1
run_20260906_2026-09-06-15-26-15,1788682342.658,2026-09-06 16:12:22.658,0.001,1
run_20260906_2026-09-06-15-26-15,1788682343.259,2026-09-06 16:12:23.259,0.401,1
run_20260906_2026-09-06-15-26-15,1788682343.46,2026-09-06 16:12:23.460,0.001,1
run_20260906_2026-09-06-15-26-15,1788682386.857,2026-09-06 16:13:06.857,0.0,1
run_20260906_2026-09-06-15-26-15,1788682387.258,2026-09-06 16:13:07.258,0.401,1
run_20260906_2026-09-06-15-26-15,1788682387.258,2026-09-06 16:13:07.258,0.0,1
run_20260906_2026-09-06-15-26-15,1788682388.262,2026-09-06 16:13:08.262,0.401,1
run_20260906_2026-09-06-15-26-15,1788682388.262,2026-09-06 16:13:08.262,0.0,1
run_20260906_2026-09-06-15-26-15,1788682430.655,2026-09-06 16:13:50.655,0.0,1
run_20260906_2026-09-06-15-26-15,1788682431.258,2026-09-06 16:13:51.258,0.402,1
run_20260906_2026-09-06-15-26-15,1788682431.261,2026-09-06 16:13:51.261,0.003,1
run_20260906_2026-09-06-15-26-15,1788682475.257,2026-09-06 16:14:35.257,0.0,1
run_20260906_2026-09-06-15-26-15,1788682476.261,2026-09-06 16:14:36.261,0.401,1
run_20260906_2026-09-06-15-26-15,1788682476.261,2026-09-06 16:14:36.261,0.0,1
run_20260906_2026-09-06-15-26-15,1788682478.269,2026-09-06 16:14:38.269,0.401,1
run_20260906_2026-09-06-15-26-15,1788682478.269,2026-09-06 16:14:38.269,0.0,1
run_20260906_2026-09-06-15-26-15,1788682521.261,2026-09-06 16:15:21.261,0.0,1
run_20260906_2026-09-06-15-26-15,1788682564.458,2026-09-06 16:16:04.458,0.0,1
run_20260906_2026-09-06-15-26-15,1788682565.261,2026-09-06 16:16:05.261,0.402,1
run_20260906_2026-09-06-15-26-15,1788682565.463,2026-09-06 16:16:05.463,0.0,1
run_20260906_2026-09-06-15-26-15,1788682606.461,2026-09-06 16:16:46.461,0.001,1
run_20260906_2026-09-06-15-26-15,1788682647.661,2026-09-06 16:17:27.661,0.0,1
run_20260906_2026-09-06-15-26-15,1788682648.262,2026-09-06 16:17:28.262,0.401,1
run_20260906_2026-09-06-15-26-15,1788682648.263,2026-09-06 16:17:28.263,0.001,1
run_20260906_2026-09-06-15-26-15,1788682649.265,2026-09-06 16:17:29.265,0.401,1
run_20260906_2026-09-06-15-26-15,1788682649.266,2026-09-06 16:17:29.266,0.001,1
run_20260906_2026-09-06-15-26-15,1788682692.86,2026-09-06 16:18:12.860,0.001,1
run_20260906_2026-09-06-15-26-15,1788682693.261,2026-09-06 16:18:13.261,0.401,1
run_20260906_2026-09-06-15-26-15,1788682693.663,2026-09-06 16:18:13.663,0.0,1
run_20260906_2026-09-06-15-26-15,1788682694.264,2026-09-06 16:18:14.264,0.401,1
run_20260906_2026-09-06-15-26-15,1788682694.264,2026-09-06 16:18:14.264,0.0,1
run_20260906_2026-09-06-15-26-15,1788682737.859,2026-09-06 16:18:57.859,0.0,1
run_20260906_2026-09-06-15-26-15,1788682738.26,2026-09-06 16:18:58.260,0.401,1
run_20260906_2026-09-06-15-26-15,1788682738.26,2026-09-06 16:18:58.260,0.001,1
run_20260906_2026-09-06-15-26-15,1788682739.263,2026-09-06 16:18:59.263,0.401,1
run_20260906_2026-09-06-15-26-15,1788682739.263,2026-09-06 16:18:59.263,0.0,1
run_20260906_2026-09-06-15-26-15,1788682782.256,2026-09-06 16:19:42.256,0.0,1
run_20260906_2026-09-06-15-26-15,1788682782.658,2026-09-06 16:19:42.658,0.401,1
run_20260906_2026-09-06-15-26-15,1788682782.658,2026-09-06 16:19:42.658,0.0,1
run_20260906_2026-09-06-15-26-15,1788682783.263,2026-09-06 16:19:43.263,0.404,1
run_20260906_2026-09-06-15-26-15,1788682783.263,2026-09-06 16:19:43.263,0.0,1
run_20260906_2026-09-06-15-26-15,1788682827.259,2026-09-06 16:20:27.259,0.0,1
run_20260906_2026-09-06-15-26-15,1788682827.659,2026-09-06 16:20:27.659,0.401,1
run_20260906_2026-09-06-15-26-15,1788682827.66,2026-09-06 16:20:27.660,0.0,1
run_20260906_2026-09-06-15-26-15,1788682828.261,2026-09-06 16:20:28.261,0.401,1
run_20260906_2026-09-06-15-26-15,1788682828.263,2026-09-06 16:20:28.263,0.002,1
run_20260906_2026-09-06-15-26-15,1788682872.859,2026-09-06 16:21:12.859,0.001,1
run_20260906_2026-09-06-15-26-15,1788682873.259,2026-09-06 16:21:13.259,0.401,1
run_20260906_2026-09-06-15-26-15,1788682873.26,2026-09-06 16:21:13.260,0.001,1
run_20260906_2026-09-06-15-26-15,1788682873.661,2026-09-06 16:21:13.661,0.401,1
run_20260906_2026-09-06-15-26-15,1788682873.665,2026-09-06 16:21:13.665,0.004,1
run_20260906_2026-09-06-15-26-15,1788682874.267,2026-09-06 16:21:14.267,0.401,1
run_20260906_2026-09-06-15-26-15,1788682874.267,2026-09-06 16:21:14.267,0.0,1
run_20260906_2026-09-06-15-26-15,1788682875.47,2026-09-06 16:21:15.470,0.401,1
run_20260906_2026-09-06-15-26-15,1788682875.471,2026-09-06 16:21:15.471,0.001,1
run_20260906_2026-09-06-15-26-15,1788682919.665,2026-09-06 16:21:59.665,0.0,1
run_20260906_2026-09-06-15-26-15,1788682920.267,2026-09-06 16:22:00.267,0.402,1
run_20260906_2026-09-06-15-26-15,1788682920.267,2026-09-06 16:22:00.267,0.0,1
run_20260906_2026-09-06-15-26-15,1788682921.271,2026-09-06 16:22:01.271,0.402,1
run_20260906_2026-09-06-15-26-15,1788682921.271,2026-09-06 16:22:01.271,0.0,1
run_20260906_2026-09-06-15-26-15,1788682963.257,2026-09-06 16:22:43.257,0.0,1
run_20260906_2026-09-06-15-26-15,1788682963.658,2026-09-06 16:22:43.658,0.401,1
run_20260906_2026-09-06-15-26-15,1788682963.658,2026-09-06 16:22:43.658,0.0,1
run_20260906_2026-09-06-15-26-15,1788682964.06,2026-09-06 16:22:44.060,0.401,1
run_20260906_2026-09-06-15-26-15,1788682964.264,2026-09-06 16:22:44.264,0.0,1
run_20260906_2026-09-06-15-26-15,1788683007.657,2026-09-06 16:23:27.657,0.0,1
run_20260906_2026-09-06-15-26-15,1788683008.059,2026-09-06 16:23:28.059,0.401,1
run_20260906_2026-09-06-15-26-15,1788683008.26,2026-09-06 16:23:28.260,0.001,1
run_20260906_2026-09-06-15-26-15,1788683051.655,2026-09-06 16:24:11.655,0.0,1
run_20260906_2026-09-06-15-26-15,1788683052.257,2026-09-06 16:24:12.257,0.401,1
run_20260906_2026-09-06-15-26-15,1788683052.258,2026-09-06 16:24:12.258,0.001,1
run_20260906_2026-09-06-16-32-55,1788683596.262,2026-09-06 16:33:16.262,0.003,1
run_20260906_2026-09-06-16-32-55,1788683597.264,2026-09-06 16:33:17.264,0.401,1
run_20260906_2026-09-06-16-32-55,1788683597.264,2026-09-06 16:33:17.264,0.0,1
run_20260906_2026-09-06-16-32-55,1788683598.266,2026-09-06 16:33:18.266,0.4,1
run_20260906_2026-09-06-16-32-55,1788683598.266,2026-09-06 16:33:18.266,0.0,1
run_20260906_2026-09-06-16-32-55,1788683652.26,2026-09-06 16:34:12.260,0.001,1
run_20260906_2026-09-06-16-32-55,1788683652.661,2026-09-06 16:34:12.661,0.401,1
run_20260906_2026-09-06-16-32-55,1788683652.662,2026-09-06 16:34:12.662,0.001,1
run_20260906_2026-09-06-16-32-55,1788683653.263,2026-09-06 16:34:13.263,0.401,1
run_20260906_2026-09-06-16-32-55,1788683653.464,2026-09-06 16:34:13.464,0.0,1
run_20260906_2026-09-06-16-32-55,1788683707.263,2026-09-06 16:35:07.263,0.0,1
run_20260906_2026-09-06-16-32-55,1788683708.266,2026-09-06 16:35:08.266,0.402,1
run_20260906_2026-09-06-16-32-55,1788683708.266,2026-09-06 16:35:08.266,0.0,1
run_20260906_2026-09-06-16-32-55,1788683759.461,2026-09-06 16:35:59.461,0.0,1
run_20260906_2026-09-06-16-32-55,1788683760.062,2026-09-06 16:36:00.062,0.401,1
run_20260906_2026-09-06-16-32-55,1788683760.464,2026-09-06 16:36:00.464,0.001,1
run_20260906_2026-09-06-16-32-55,1788683761.266,2026-09-06 16:36:01.266,0.401,1
run_20260906_2026-09-06-16-32-55,1788683761.267,2026-09-06 16:36:01.267,0.001,1
run_20260906_2026-09-06-16-32-55,1788683813.662,2026-09-06 16:36:53.662,0.0,1
run_20260906_2026-09-06-16-32-55,1788683814.063,2026-09-06 16:36:54.063,0.401,1
run_20260906_2026-09-06-16-32-55,1788683814.264,2026-09-06 16:36:54.264,0.0,1
run_20260906_2026-09-06-16-32-55,1788683862.664,2026-09-06 16:37:42.664,0.003,1
run_20260906_2026-09-06-16-32-55,1788683863.265,2026-09-06 16:37:43.265,0.401,1
run_20260906_2026-09-06-16-32-55,1788683863.466,2026-09-06 16:37:43.466,0.0,1
run_20260906_2026-09-06-16-32-55,1788683910.661,2026-09-06 16:38:30.661,0.0,1
run_20260906_2026-09-06-16-32-55,1788683911.062,2026-09-06 16:38:31.062,0.401,1
run_20260906_2026-09-06-16-32-55,1788683911.665,2026-09-06 16:38:31.665,0.0,1
run_20260906_2026-09-06-16-32-55,1788683912.266,2026-09-06 16:38:32.266,0.401,1
run_20260906_2026-09-06-16-32-55,1788683912.267,2026-09-06 16:38:32.267,0.001,1
run_20260906_2026-09-06-16-32-55,1788683959.661,2026-09-06 16:39:19.661,0.0,1
run_20260906_2026-09-06-16-32-55,1788683960.262,2026-09-06 16:39:20.262,0.4,1
run_20260906_2026-09-06-16-32-55,1788683960.664,2026-09-06 16:39:20.664,0.0,1
run_20260906_2026-09-06-16-32-55,1788683961.266,2026-09-06 16:39:21.266,0.401,1
run_20260906_2026-09-06-16-32-55,1788683961.266,2026-09-06 16:39:21.266,0.0,1
run_20260906_2026-09-06-16-32-55,1788684008.668,2026-09-06 16:40:08.668,0.004,1
run_20260906_2026-09-06-16-32-55,1788684055.663,2026-09-06 16:40:55.663,0.0,1
run_20260906_2026-09-06-16-32-55,1788684056.265,2026-09-06 16:40:56.265,0.401,1
run_20260906_2026-09-06-16-32-55,1788684056.466,2026-09-06 16:40:56.466,0.0,1
run_20260906_2026-09-06-16-32-55,1788684058.673,2026-09-06 16:40:58.673,0.401,1
run_20260906_2026-09-06-16-32-55,1788684058.673,2026-09-06 16:40:58.673,0.0,1
run_20260906_2026-09-06-16-32-55,1788684107.862,2026-09-06 16:41:47.862,0.0,1
run_20260906_2026-09-06-16-32-55,1788684108.263,2026-09-06 16:41:48.263,0.401,1
run_20260906_2026-09-06-16-32-55,1788684108.665,2026-09-06 16:41:48.665,0.0,1
run_20260906_2026-09-06-16-32-55,1788684109.266,2026-09-06 16:41:49.266,0.401,1
run_20260906_2026-09-06-16-32-55,1788684109.27,2026-09-06 16:41:49.270,0.003,1
run_20260906_2026-09-06-16-32-55,1788684160.662,2026-09-06 16:42:40.662,0.0,1
run_20260906_2026-09-06-16-32-55,1788684161.263,2026-09-06 16:42:41.263,0.401,1
run_20260906_2026-09-06-16-32-55,1788684161.464,2026-09-06 16:42:41.464,0.001,1
run_20260906_2026-09-06-16-32-55,1788684162.267,2026-09-06 16:42:42.267,0.401,1
run_20260906_2026-09-06-16-32-55,1788684162.267,2026-09-06 16:42:42.267,0.0,1
run_20260906_2026-09-06-16-32-55,1788684163.27,2026-09-06 16:42:43.270,0.4,1
run_20260906_2026-09-06-16-32-55,1788684163.27,2026-09-06 16:42:43.270,0.0,1
run_20260906_2026-09-06-16-32-55,1788684213.86,2026-09-06 16:43:33.860,0.0,1
run_20260906_2026-09-06-16-32-55,1788684214.261,2026-09-06 16:43:34.261,0.401,1
run_20260906_2026-09-06-16-32-55,1788684214.261,2026-09-06 16:43:34.261,0.0,1
run_20260906_2026-09-06-16-32-55,1788684214.662,2026-09-06 16:43:34.662,0.401,1
run_20260906_2026-09-06-16-32-55,1788684214.665,2026-09-06 16:43:34.665,0.003,1
run_20260906_2026-09-06-16-32-55,1788684265.66,2026-09-06 16:44:25.660,0.0,1
run_20260906_2026-09-06-16-32-55,1788684266.06,2026-09-06 16:44:26.060,0.4,1
run_20260906_2026-09-06-16-32-55,1788684266.662,2026-09-06 16:44:26.662,0.0,1
run_20260906_2026-09-06-16-32-55,1788684267.264,2026-09-06 16:44:27.264,0.401,1
run_20260906_2026-09-06-16-32-55,1788684267.265,2026-09-06 16:44:27.265,0.001,1
run_20260906_2026-09-06-16-32-55,1788684268.267,2026-09-06 16:44:28.267,0.401,1
run_20260906_2026-09-06-16-32-55,1788684268.268,2026-09-06 16:44:28.268,0.001,1
run_20260906_2026-09-06-16-32-55,1788684319.26,2026-09-06 16:45:19.260,0.0,1
run_20260906_2026-09-06-16-32-55,1788684319.661,2026-09-06 16:45:19.661,0.401,1
run_20260906_2026-09-06-16-32-55,1788684319.662,2026-09-06 16:45:19.662,0.001,1
run_20260906_2026-09-06-16-32-55,1788684320.263,2026-09-06 16:45:20.263,0.401,1
run_20260906_2026-09-06-16-32-55,1788684320.263,2026-09-06 16:45:20.263,0.0,1
run_20260906_2026-09-06-16-32-55,1788684371.661,2026-09-06 16:46:11.661,0.0,1
run_20260906_2026-09-06-16-32-55,1788684372.262,2026-09-06 16:46:12.262,0.401,1
run_20260906_2026-09-06-16-32-55,1788684372.262,2026-09-06 16:46:12.262,0.0,1
run_20260906_2026-09-06-16-32-55,1788684373.266,2026-09-06 16:46:13.266,0.402,1
run_20260906_2026-09-06-16-32-55,1788684373.266,2026-09-06 16:46:13.266,0.0,1
run_20260906_2026-09-06-16-32-55,1788684425.86,2026-09-06 16:47:05.860,0.0,1
run_20260906_2026-09-06-16-32-55,1788684426.261,2026-09-06 16:47:06.261,0.401,1
run_20260906_2026-09-06-16-32-55,1788684426.464,2026-09-06 16:47:06.464,0.0,1
run_20260906_2026-09-06-16-32-55,1788684426.865,2026-09-06 16:47:06.865,0.401,1
run_20260906_2026-09-06-16-32-55,1788684426.865,2026-09-06 16:47:06.865,0.0,1
run_20260906_2026-09-06-16-32-55,1788684427.266,2026-09-06 16:47:07.266,0.401,1
run_20260906_2026-09-06-16-32-55,1788684427.267,2026-09-06 16:47:07.267,0.001,1
run_20260906_2026-09-06-16-32-55,1788684428.47,2026-09-06 16:47:08.470,0.401,1
run_20260906_2026-09-06-16-32-55,1788684428.471,2026-09-06 16:47:08.471,0.001,1
run_20260906_2026-09-06-16-32-55,1788684430.276,2026-09-06 16:47:10.276,0.4,1
run_20260906_2026-09-06-16-32-55,1788684430.276,2026-09-06 16:47:10.276,0.0,1
run_20260906_2026-09-06-16-32-55,1788684479.661,2026-09-06 16:47:59.661,0.001,1
run_20260906_2026-09-06-16-32-55,1788684480.262,2026-09-06 16:48:00.262,0.401,1
run_20260906_2026-09-06-16-32-55,1788684480.262,2026-09-06 16:48:00.262,0.0,1
run_20260906_2026-09-06-16-32-55,1788684480.663,2026-09-06 16:48:00.663,0.401,1
run_20260906_2026-09-06-16-32-55,1788684480.664,2026-09-06 16:48:00.664,0.001,1
run_20260906_2026-09-06-16-32-55,1788684481.265,2026-09-06 16:48:01.265,0.401,1
run_20260906_2026-09-06-16-32-55,1788684481.266,2026-09-06 16:48:01.266,0.0,1
run_20260906_2026-09-06-16-32-55,1788684532.86,2026-09-06 16:48:52.860,0.0,1
run_20260906_2026-09-06-16-32-55,1788684533.261,2026-09-06 16:48:53.261,0.401,1
run_20260906_2026-09-06-16-32-55,1788684533.261,2026-09-06 16:48:53.261,0.0,1
run_20260906_2026-09-06-16-32-55,1788684533.662,2026-09-06 16:48:53.662,0.401,1
run_20260906_2026-09-06-16-32-55,1788684533.662,2026-09-06 16:48:53.662,0.0,1
run_20260906_2026-09-06-16-32-55,1788684534.063,2026-09-06 16:48:54.063,0.401,1
run_20260906_2026-09-06-16-32-55,1788684534.264,2026-09-06 16:48:54.264,0.0,1
run_20260906_2026-09-06-16-32-55,1788684535.267,2026-09-06 16:48:55.267,0.402,1
run_20260906_2026-09-06-16-32-55,1788684535.267,2026-09-06 16:48:55.267,0.0,1
run_20260906_2026-09-06-16-32-55,1788684586.66,2026-09-06 16:49:46.660,0.0,1
run_20260906_2026-09-06-16-32-55,1788684587.06,2026-09-06 16:49:47.060,0.4,1
run_20260906_2026-09-06-16-32-55,1788684587.665,2026-09-06 16:49:47.665,0.0,1
run_20260906_2026-09-06-16-32-55,1788684588.266,2026-09-06 16:49:48.266,0.401,1
run_20260906_2026-09-06-16-32-55,1788684588.266,2026-09-06 16:49:48.266,0.0,1
run_20260906_2026-09-06-16-32-55,1788684589.27,2026-09-06 16:49:49.270,0.401,1
run_20260906_2026-09-06-16-32-55,1788684589.27,2026-09-06 16:49:49.270,0.0,1
run_20260906_2026-09-06-16-32-55,1788684590.473,2026-09-06 16:49:50.473,0.401,1
run_20260906_2026-09-06-16-32-55,1788684590.474,2026-09-06 16:49:50.474,0.001,1
run_20260906_2026-09-06-16-32-55,1788684640.858,2026-09-06 16:50:40.858,0.0,1
run_20260906_2026-09-06-16-32-55,1788684641.259,2026-09-06 16:50:41.259,0.4,1
run_20260906_2026-09-06-16-32-55,1788684641.259,2026-09-06 16:50:41.259,0.0,1
run_20260906_2026-09-06-16-32-55,1788684641.66,2026-09-06 16:50:41.660,0.401,1
run_20260906_2026-09-06-16-32-55,1788684641.661,2026-09-06 16:50:41.661,0.001,1
run_20260906_2026-09-06-16-32-55,1788684642.262,2026-09-06 16:50:42.262,0.401,1
run_20260906_2026-09-06-16-32-55,1788684642.463,2026-09-06 16:50:42.463,0.0,1
run_20260906_2026-09-06-16-32-55,1788684693.86,2026-09-06 16:51:33.860,0.001,1
run_20260906_2026-09-06-16-32-55,1788684694.261,2026-09-06 16:51:34.261,0.401,1
run_20260906_2026-09-06-16-32-55,1788684694.662,2026-09-06 16:51:34.662,0.0,1
run_20260906_2026-09-06-16-32-55,1788684695.265,2026-09-06 16:51:35.265,0.402,1
run_20260906_2026-09-06-16-32-55,1788684695.265,2026-09-06 16:51:35.265,0.0,1
run_20260906_2026-09-06-16-32-55,1788684747.858,2026-09-06 16:52:27.858,0.0,1
run_20260906_2026-09-06-16-32-55,1788684748.259,2026-09-06 16:52:28.259,0.401,1
run_20260906_2026-09-06-16-32-55,1788684748.663,2026-09-06 16:52:28.663,0.001,1
run_20260906_2026-09-06-16-32-55,1788684749.264,2026-09-06 16:52:29.264,0.401,1
run_20260906_2026-09-06-16-32-55,1788684749.265,2026-09-06 16:52:29.265,0.001,1
run_20260906_2026-09-06-16-32-55,1788684754.281,2026-09-06 16:52:34.281,0.401,1
run_20260906_2026-09-06-16-32-55,1788684754.281,2026-09-06 16:52:34.281,0.0,1
run_20260906_2026-09-06-16-32-55,1788684800.66,2026-09-06 16:53:20.660,0.0,1
run_20260906_2026-09-06-16-32-55,1788684801.261,2026-09-06 16:53:21.261,0.401,1
run_20260906_2026-09-06-16-32-55,1788684801.262,2026-09-06 16:53:21.262,0.0,1
run_20260906_2026-09-06-16-32-55,1788684802.265,2026-09-06 16:53:22.265,0.401,1
run_20260906_2026-09-06-16-32-55,1788684802.265,2026-09-06 16:53:22.265,0.0,1
run_20260906_2026-09-06-16-32-55,1788684853.859,2026-09-06 16:54:13.859,0.0,1
run_20260906_2026-09-06-16-32-55,1788684854.26,2026-09-06 16:54:14.260,0.401,1
run_20260906_2026-09-06-16-32-55,1788684854.663,2026-09-06 16:54:14.663,0.001,1
run_20260906_2026-09-06-16-32-55,1788684908.659,2026-09-06 16:55:08.659,0.0,1
run_20260906_2026-09-06-16-32-55,1788684909.262,2026-09-06 16:55:09.262,0.403,1
run_20260906_2026-09-06-16-32-55,1788684909.262,2026-09-06 16:55:09.262,0.0,1
run_20260906_2026-09-06-16-32-55,1788684910.264,2026-09-06 16:55:10.264,0.401,1
run_20260906_2026-09-06-16-32-55,1788684910.264,2026-09-06 16:55:10.264,0.0,1
run_20260906_2026-09-06-16-32-55,1788684962.658,2026-09-06 16:56:02.658,0.0,1
run_20260906_2026-09-06-16-32-55,1788684963.259,2026-09-06 16:56:03.259,0.401,1
run_20260906_2026-09-06-16-32-55,1788684963.26,2026-09-06 16:56:03.260,0.001,1
run_20260906_2026-09-06-16-32-55,1788684963.661,2026-09-06 16:56:03.661,0.401,1
run_20260906_2026-09-06-16-32-55,1788684963.661,2026-09-06 16:56:03.661,0.0,1
run_20260906_2026-09-06-16-32-55,1788684964.263,2026-09-06 16:56:04.263,0.401,1
run_20260906_2026-09-06-16-32-55,1788684964.265,2026-09-06 16:56:04.265,0.002,1
run_20260906_2026-09-06-16-32-55,1788685016.658,2026-09-06 16:56:56.658,0.0,1
run_20260906_2026-09-06-16-32-55,1788685017.259,2026-09-06 16:56:57.259,0.4,1
run_20260906_2026-09-06-16-32-55,1788685017.259,2026-09-06 16:56:57.259,0.0,1
run_20260906_2026-09-06-16-32-55,1788685017.66,2026-09-06 16:56:57.660,0.401,1
run_20260906_2026-09-06-16-32-55,1788685017.66,2026-09-06 16:56:57.660,0.0,1
run_20260906_2026-09-06-16-32-55,1788685018.262,2026-09-06 16:56:58.262,0.401,1
run_20260906_2026-09-06-16-32-55,1788685018.262,2026-09-06 16:56:58.262,0.0,1
run_20260906_2026-09-06-16-32-55,1788685020.47,2026-09-06 16:57:00.470,0.401,1
run_20260906_2026-09-06-16-32-55,1788685020.47,2026-09-06 16:57:00.470,0.0,1
run_20260906_2026-09-06-16-32-55,1788685070.459,2026-09-06 16:57:50.459,0.0,1
run_20260906_2026-09-06-16-32-55,1788685071.06,2026-09-06 16:57:51.060,0.401,1
run_20260906_2026-09-06-16-32-55,1788685071.462,2026-09-06 16:57:51.462,0.0,1
run_20260906_2026-09-06-16-32-55,1788685072.264,2026-09-06 16:57:52.264,0.401,1
run_20260906_2026-09-06-16-32-55,1788685072.264,2026-09-06 16:57:52.264,0.001,1
run_20260906_2026-09-06-16-32-55,1788685123.258,2026-09-06 16:58:43.258,0.0,1
run_20260906_2026-09-06-16-32-55,1788685123.658,2026-09-06 16:58:43.658,0.401,1
run_20260906_2026-09-06-16-32-55,1788685123.659,2026-09-06 16:58:43.659,0.001,1
run_20260906_2026-09-06-16-32-55,1788685124.26,2026-09-06 16:58:44.260,0.401,1
run_20260906_2026-09-06-16-32-55,1788685124.46,2026-09-06 16:58:44.460,0.0,1
run_20260906_2026-09-06-16-32-55,1788685125.263,2026-09-06 16:58:45.263,0.401,1
run_20260906_2026-09-06-16-32-55,1788685125.263,2026-09-06 16:58:45.263,0.0,1
run_20260906_2026-09-06-16-32-55,1788685176.258,2026-09-06 16:59:36.258,0.0,1
run_20260906_2026-09-06-16-32-55,1788685176.658,2026-09-06 16:59:36.658,0.4,1
run_20260906_2026-09-06-16-32-55,1788685176.659,2026-09-06 16:59:36.659,0.0,1
run_20260906_2026-09-06-16-32-55,1788685177.26,2026-09-06 16:59:37.260,0.401,1
run_20260906_2026-09-06-16-32-55,1788685177.26,2026-09-06 16:59:37.260,0.0,1
run_20260906_2026-09-06-16-32-55,1788685178.263,2026-09-06 16:59:38.263,0.401,1
run_20260906_2026-09-06-16-32-55,1788685178.263,2026-09-06 16:59:38.263,0.0,1
run_20260906_2026-09-06-16-32-55,1788685180.269,2026-09-06 16:59:40.269,0.402,1
run_20260906_2026-09-06-16-32-55,1788685180.27,2026-09-06 16:59:40.270,0.0,1
run_20260906_2026-09-06-16-32-55,1788685231.262,2026-09-06 17:00:31.262,0.0,1
run_20260906_2026-09-06-16-32-55,1788685283.258,2026-09-06 17:01:23.258,0.001,1
run_20260906_2026-09-06-16-32-55,1788685283.658,2026-09-06 17:01:23.658,0.4,1
run_20260906_2026-09-06-16-32-55,1788685283.658,2026-09-06 17:01:23.658,0.0,1
run_20260906_2026-09-06-16-32-55,1788685284.26,2026-09-06 17:01:24.260,0.401,1
run_20260906_2026-09-06-16-32-55,1788685284.26,2026-09-06 17:01:24.260,0.0,1
run_20260906_2026-09-06-16-32-55,1788685285.261,2026-09-06 17:01:25.261,0.401,1
run_20260906_2026-09-06-16-32-55,1788685285.262,2026-09-06 17:01:25.262,0.001,1
run_20260906_2026-09-06-16-32-55,1788685286.265,2026-09-06 17:01:26.265,0.401,1
run_20260906_2026-09-06-16-32-55,1788685286.269,2026-09-06 17:01:26.269,0.003,1
run_20260906_2026-09-06-16-32-55,1788685336.658,2026-09-06 17:02:16.658,0.0,1
run_20260906_2026-09-06-16-32-55,1788685337.259,2026-09-06 17:02:17.259,0.4,1
run_20260906_2026-09-06-16-32-55,1788685337.461,2026-09-06 17:02:17.461,0.001,1
run_20260906_2026-09-06-16-32-55,1788685338.263,2026-09-06 17:02:18.263,0.401,1
run_20260906_2026-09-06-16-32-55,1788685338.263,2026-09-06 17:02:18.263,0.0,1
run_20260906_2026-09-06-16-32-55,1788685390.857,2026-09-06 17:03:10.857,0.0,1
run_20260906_2026-09-06-16-32-55,1788685391.258,2026-09-06 17:03:11.258,0.401,1
run_20260906_2026-09-06-16-32-55,1788685391.662,2026-09-06 17:03:11.662,0.003,1
run_20260906_2026-09-06-16-32-55,1788685392.263,2026-09-06 17:03:12.263,0.4,1
run_20260906_2026-09-06-16-32-55,1788685392.264,2026-09-06 17:03:12.264,0.0,1
run_20260906_2026-09-06-16-32-55,1788685444.857,2026-09-06 17:04:04.857,0.001,1
run_20260906_2026-09-06-16-32-55,1788685445.257,2026-09-06 17:04:05.257,0.4,1
run_20260906_2026-09-06-16-32-55,1788685445.658,2026-09-06 17:04:05.658,0.001,1
run_20260906_2026-09-06-16-32-55,1788685446.059,2026-09-06 17:04:06.059,0.401,1
run_20260906_2026-09-06-16-32-55,1788685446.661,2026-09-06 17:04:06.661,0.0,1
run_20260906_2026-09-06-16-32-55,1788685447.262,2026-09-06 17:04:07.262,0.401,1
run_20260906_2026-09-06-16-32-55,1788685447.265,2026-09-06 17:04:07.265,0.003,1
run_20260906_2026-09-06-16-32-55,1788685499.659,2026-09-06 17:04:59.659,0.0,1
run_20260906_2026-09-06-16-32-55,1788685500.26,2026-09-06 17:05:00.260,0.4,1
run_20260906_2026-09-06-16-32-55,1788685500.26,2026-09-06 17:05:00.260,0.0,1
run_20260906_2026-09-06-16-32-55,1788685500.661,2026-09-06 17:05:00.661,0.401,1
run_20260906_2026-09-06-16-32-55,1788685500.662,2026-09-06 17:05:00.662,0.001,1
run_20260906_2026-09-06-16-32-55,1788685501.263,2026-09-06 17:05:01.263,0.401,1
run_20260906_2026-09-06-16-32-55,1788685501.263,2026-09-06 17:05:01.263,0.0,1
run_20260906_2026-09-06-16-32-55,1788685553.26,2026-09-06 17:05:53.260,0.0,1
run_20260906_2026-09-06-16-32-55,1788685553.661,2026-09-06 17:05:53.661,0.401,1
run_20260906_2026-09-06-16-32-55,1788685553.661,2026-09-06 17:05:53.661,0.0,1
run_20260906_2026-09-06-16-32-55,1788685554.263,2026-09-06 17:05:54.263,0.401,1
run_20260906_2026-09-06-16-32-55,1788685554.263,2026-09-06 17:05:54.263,0.0,1
run_20260906_2026-09-06-16-32-55,1788685555.265,2026-09-06 17:05:55.265,0.401,1
run_20260906_2026-09-06-16-32-55,1788685555.266,2026-09-06 17:05:55.266,0.0,1
run_20260906_2026-09-06-16-32-55,1788685607.257,2026-09-06 17:06:47.257,0.0,1
run_20260906_2026-09-06-16-32-55,1788685607.658,2026-09-06 17:06:47.658,0.401,1
run_20260906_2026-09-06-16-32-55,1788685607.658,2026-09-06 17:06:47.658,0.0,1
run_20260906_2026-09-06-16-32-55,1788685608.059,2026-09-06 17:06:48.059,0.401,1
run_20260906_2026-09-06-16-32-55,1788685608.262,2026-09-06 17:06:48.262,0.0,1
run_20260906_2026-09-06-16-32-55,1788685609.264,2026-09-06 17:06:49.264,0.401,1
run_20260906_2026-09-06-16-32-55,1788685609.265,2026-09-06 17:06:49.265,0.001,1
run_20260906_2026-09-06-16-32-55,1788685661.658,2026-09-06 17:07:41.658,0.0,1
run_20260906_2026-09-06-16-32-55,1788685662.058,2026-09-06 17:07:42.058,0.401,1
run_20260906_2026-09-06-16-32-55,1788685662.661,2026-09-06 17:07:42.661,0.0,1
run_20260906_2026-09-06-16-32-55,1788685663.262,2026-09-06 17:07:43.262,0.401,1
run_20260906_2026-09-06-16-32-55,1788685663.262,2026-09-06 17:07:43.262,0.0,1
run_20260906_2026-09-06-16-32-55,1788685666.273,2026-09-06 17:07:46.273,0.401,1
run_20260906_2026-09-06-16-32-55,1788685666.273,2026-09-06 17:07:46.273,0.0,1
run_20260906_2026-09-06-16-32-55,1788685716.66,2026-09-06 17:08:36.660,0.0,1
run_20260906_2026-09-06-16-32-55,1788685717.261,2026-09-06 17:08:37.261,0.401,1
run_20260906_2026-09-06-16-32-55,1788685717.261,2026-09-06 17:08:37.261,0.0,1
run_20260906_2026-09-06-16-32-55,1788685718.264,2026-09-06 17:08:38.264,0.401,1
run_20260906_2026-09-06-16-32-55,1788685718.464,2026-09-06 17:08:38.464,0.0,1
run_20260906_2026-09-06-16-32-55,1788685769.26,2026-09-06 17:09:29.260,0.0,1
run_20260906_2026-09-06-16-32-55,1788685770.263,2026-09-06 17:09:30.263,0.401,1
run_20260906_2026-09-06-16-32-55,1788685770.263,2026-09-06 17:09:30.263,0.0,1
run_20260906_2026-09-06-16-32-55,1788685822.657,2026-09-06 17:10:22.657,0.0,1
run_20260906_2026-09-06-16-32-55,1788685823.258,2026-09-06 17:10:23.258,0.401,1
run_20260906_2026-09-06-16-32-55,1788685823.458,2026-09-06 17:10:23.458,0.0,1
run_20260906_2026-09-06-16-32-55,1788685824.26,2026-09-06 17:10:24.260,0.401,1
run_20260906_2026-09-06-16-32-55,1788685824.262,2026-09-06 17:10:24.262,0.002,1
run_20260906_2026-09-06-16-32-55,1788685874.656,2026-09-06 17:11:14.656,0.0,1
run_20260906_2026-09-06-16-32-55,1788685875.057,2026-09-06 17:11:15.057,0.401,1
run_20260906_2026-09-06-16-32-55,1788685875.46,2026-09-06 17:11:15.460,0.001,1
run_20260906_2026-09-06-16-32-55,1788685876.262,2026-09-06 17:11:16.262,0.401,1
run_20260906_2026-09-06-16-32-55,1788685876.262,2026-09-06 17:11:16.262,0.0,1
run_20260906_2026-09-06-16-32-55,1788685928.857,2026-09-06 17:12:08.857,0.0,1
run_20260906_2026-09-06-16-32-55,1788685929.257,2026-09-06 17:12:09.257,0.4,1
run_20260906_2026-09-06-16-32-55,1788685929.257,2026-09-06 17:12:09.257,0.0,1
run_20260906_2026-09-06-16-32-55,1788685929.658,2026-09-06 17:12:09.658,0.401,1
run_20260906_2026-09-06-16-32-55,1788685929.661,2026-09-06 17:12:09.661,0.003,1
run_20260906_2026-09-06-16-32-55,1788685930.262,2026-09-06 17:12:10.262,0.401,1
run_20260906_2026-09-06-16-32-55,1788685930.262,2026-09-06 17:12:10.262,0.0,1
run_20260906_2026-09-06-16-32-55,1788685983.256,2026-09-06 17:13:03.256,0.0,1
run_20260906_2026-09-06-16-32-55,1788685983.657,2026-09-06 17:13:03.657,0.401,1
run_20260906_2026-09-06-16-32-55,1788685983.657,2026-09-06 17:13:03.657,0.0,1
run_20260906_2026-09-06-16-32-55,1788685984.058,2026-09-06 17:13:04.058,0.401,1
run_20260906_2026-09-06-16-32-55,1788685984.46,2026-09-06 17:13:04.460,0.0,1
run_20260906_2026-09-06-16-32-55,1788685985.262,2026-09-06 17:13:05.262,0.401,1
run_20260906_2026-09-06-16-32-55,1788685985.265,2026-09-06 17:13:05.265,0.003,1
run_20260906_2026-09-06-16-32-55,1788686037.857,2026-09-06 17:13:57.857,0.0,1
run_20260906_2026-09-06-16-32-55,1788686038.258,2026-09-06 17:13:58.258,0.4,1
run_20260906_2026-09-06-16-32-55,1788686038.258,2026-09-06 17:13:58.258,0.0,1
run_20260906_2026-09-06-16-32-55,1788686038.66,2026-09-06 17:13:58.660,0.402,1
run_20260906_2026-09-06-16-32-55,1788686038.66,2026-09-06 17:13:58.660,0.0,1
run_20260906_2026-09-06-16-32-55,1788686039.261,2026-09-06 17:13:59.261,0.401,1
run_20260906_2026-09-06-16-32-55,1788686039.261,2026-09-06 17:13:59.261,0.0,1
run_20260906_2026-09-06-16-32-55,1788686092.258,2026-09-06 17:14:52.258,0.0,1
run_20260906_2026-09-06-16-32-55,1788686092.658,2026-09-06 17:14:52.658,0.401,1
run_20260906_2026-09-06-16-32-55,1788686092.658,2026-09-06 17:14:52.658,0.0,1
run_20260906_2026-09-06-16-32-55,1788686093.059,2026-09-06 17:14:53.059,0.401,1
run_20260906_2026-09-06-16-32-55,1788686093.26,2026-09-06 17:14:53.260,0.0,1
run_20260906_2026-09-06-16-32-55,1788686094.262,2026-09-06 17:14:54.262,0.401,1
run_20260906_2026-09-06-16-32-55,1788686094.263,2026-09-06 17:14:54.263,0.001,1
run_20260906_2026-09-06-16-32-55,1788686147.66,2026-09-06 17:15:47.660,0.0,1
run_20260906_2026-09-06-16-32-55,1788686148.261,2026-09-06 17:15:48.261,0.401,1
run_20260906_2026-09-06-16-32-55,1788686148.261,2026-09-06 17:15:48.261,0.0,1
run_20260906_2026-09-06-16-32-55,1788686148.661,2026-09-06 17:15:48.661,0.4,1
run_20260906_2026-09-06-16-32-55,1788686148.662,2026-09-06 17:15:48.662,0.001,1
run_20260906_2026-09-06-16-32-55,1788686149.264,2026-09-06 17:15:49.264,0.401,1
run_20260906_2026-09-06-16-32-55,1788686149.264,2026-09-06 17:15:49.264,0.0,1
run_20260906_2026-09-06-16-32-55,1788686201.657,2026-09-06 17:16:41.657,0.0,1
run_20260906_2026-09-06-16-32-55,1788686202.057,2026-09-06 17:16:42.057,0.401,1
run_20260906_2026-09-06-16-32-55,1788686202.661,2026-09-06 17:16:42.661,0.0,1
run_20260906_2026-09-06-16-32-55,1788686203.262,2026-09-06 17:16:43.262,0.401,1
run_20260906_2026-09-06-16-32-55,1788686203.263,2026-09-06 17:16:43.263,0.001,1
run_20260906_2026-09-06-16-32-55,1788686205.469,2026-09-06 17:16:45.469,0.401,1
run_20260906_2026-09-06-16-32-55,1788686205.47,2026-09-06 17:16:45.470,0.001,1
run_20260906_2026-09-06-16-32-55,1788686255.658,2026-09-06 17:17:35.658,0.001,1
run_20260906_2026-09-06-16-32-55,1788686256.259,2026-09-06 17:17:36.259,0.401,1
run_20260906_2026-09-06-16-32-55,1788686256.259,2026-09-06 17:17:36.259,0.0,1
run_20260906_2026-09-06-16-32-55,1788686256.66,2026-09-06 17:17:36.660,0.401,1
run_20260906_2026-09-06-16-32-55,1788686256.66,2026-09-06 17:17:36.660,0.001,1
run_20260906_2026-09-06-16-32-55,1788686257.261,2026-09-06 17:17:37.261,0.401,1
run_20260906_2026-09-06-16-32-55,1788686257.262,2026-09-06 17:17:37.262,0.0,1
run_20260906_2026-09-06-16-32-55,1788686308.659,2026-09-06 17:18:28.659,0.0,1
run_20260906_2026-09-06-16-32-55,1788686309.261,2026-09-06 17:18:29.261,0.401,1
run_20260906_2026-09-06-16-32-55,1788686309.261,2026-09-06 17:18:29.261,0.0,1
run_20260906_2026-09-06-16-32-55,1788686310.264,2026-09-06 17:18:30.264,0.401,1
run_20260906_2026-09-06-16-32-55,1788686310.264,2026-09-06 17:18:30.264,0.0,1
run_20260906_2026-09-06-16-32-55,1788686362.257,2026-09-06 17:19:22.257,0.0,1
run_20260906_2026-09-06-16-32-55,1788686362.658,2026-09-06 17:19:22.658,0.401,1
run_20260906_2026-09-06-16-32-55,1788686362.658,2026-09-06 17:19:22.658,0.0,1
run_20260906_2026-09-06-16-32-55,1788686363.059,2026-09-06 17:19:23.059,0.401,1
run_20260906_2026-09-06-16-32-55,1788686363.262,2026-09-06 17:19:23.262,0.0,1
run_20260906_2026-09-06-16-32-55,1788686364.264,2026-09-06 17:19:24.264,0.401,1
run_20260906_2026-09-06-16-32-55,1788686364.265,2026-09-06 17:19:24.265,0.001,1
run_20260906_2026-09-06-16-32-55,1788686418.659,2026-09-06 17:20:18.659,0.0,1
run_20260906_2026-09-06-16-32-55,1788686419.26,2026-09-06 17:20:19.260,0.401,1
run_20260906_2026-09-06-16-32-55,1788686419.661,2026-09-06 17:20:19.661,0.0,1
run_20260906_2026-09-06-16-32-55,1788686420.262,2026-09-06 17:20:20.262,0.4,1
run_20260906_2026-09-06-16-32-55,1788686420.262,2026-09-06 17:20:20.262,0.0,1
run_20260906_2026-09-06-16-32-55,1788686422.47,2026-09-06 17:20:22.470,0.402,1
run_20260906_2026-09-06-16-32-55,1788686422.47,2026-09-06 17:20:22.470,0.0,1
run_20260906_2026-09-06-16-32-55,1788686472.857,2026-09-06 17:21:12.857,0.0,1
run_20260906_2026-09-06-16-32-55,1788686473.257,2026-09-06 17:21:13.257,0.401,1
run_20260906_2026-09-06-16-32-55,1788686473.258,2026-09-06 17:21:13.258,0.001,1
run_20260906_2026-09-06-16-32-55,1788686473.659,2026-09-06 17:21:13.659,0.401,1
run_20260906_2026-09-06-16-32-55,1788686473.662,2026-09-06 17:21:13.662,0.003,1
run_20260906_2026-09-06-16-32-55,1788686474.263,2026-09-06 17:21:14.263,0.401,1
run_20260906_2026-09-06-16-32-55,1788686474.263,2026-09-06 17:21:14.263,0.0,1
run_20260906_2026-09-06-16-32-55,1788686476.27,2026-09-06 17:21:16.270,0.401,1
run_20260906_2026-09-06-16-32-55,1788686476.27,2026-09-06 17:21:16.270,0.0,1
run_20260906_2026-09-06-16-32-55,1788686527.659,2026-09-06 17:22:07.659,0.0,1
run_20260906_2026-09-06-16-32-55,1788686528.26,2026-09-06 17:22:08.260,0.401,1
run_20260906_2026-09-06-16-32-55,1788686528.26,2026-09-06 17:22:08.260,0.0,1
run_20260906_2026-09-06-16-32-55,1788686530.469,2026-09-06 17:22:10.469,0.401,1
run_20260906_2026-09-06-16-32-55,1788686530.469,2026-09-06 17:22:10.469,0.0,1
run_20260906_2026-09-06-16-32-55,1788686582.257,2026-09-06 17:23:02.257,0.0,1
run_20260906_2026-09-06-16-32-55,1788686582.658,2026-09-06 17:23:02.658,0.401,1
run_20260906_2026-09-06-16-32-55,1788686582.658,2026-09-06 17:23:02.658,0.0,1
run_20260906_2026-09-06-16-32-55,1788686583.059,2026-09-06 17:23:03.059,0.401,1
run_20260906_2026-09-06-16-32-55,1788686583.46,2026-09-06 17:23:03.460,0.0,1
run_20260906_2026-09-06-16-32-55,1788686584.262,2026-09-06 17:23:04.262,0.401,1
run_20260906_2026-09-06-16-32-55,1788686584.264,2026-09-06 17:23:04.264,0.002,1
run_20260906_2026-09-06-16-32-55,1788686585.668,2026-09-06 17:23:05.668,0.401,1
run_20260906_2026-09-06-16-32-55,1788686585.668,2026-09-06 17:23:05.668,0.0,1
run_20260906_2026-09-06-16-32-55,1788686635.657,2026-09-06 17:23:55.657,0.0,1
run_20260906_2026-09-06-16-32-55,1788686636.257,2026-09-06 17:23:56.257,0.4,1
run_20260906_2026-09-06-16-32-55,1788686636.66,2026-09-06 17:23:56.660,0.001,1
run_20260906_2026-09-06-16-32-55,1788686637.261,2026-09-06 17:23:57.261,0.401,1
run_20260906_2026-09-06-16-32-55,1788686637.663,2026-09-06 17:23:57.663,0.0,1
run_20260906_2026-09-06-16-32-55,1788686638.264,2026-09-06 17:23:58.264,0.401,1
run_20260906_2026-09-06-16-32-55,1788686638.264,2026-09-06 17:23:58.264,0.0,1
run_20260906_2026-09-06-16-32-55,1788686689.859,2026-09-06 17:24:49.859,0.0,1
run_20260906_2026-09-06-16-32-55,1788686690.26,2026-09-06 17:24:50.260,0.4,1
run_20260906_2026-09-06-16-32-55,1788686690.46,2026-09-06 17:24:50.460,0.0,1
run_20260906_2026-09-06-16-32-55,1788686691.263,2026-09-06 17:24:51.263,0.401,1
run_20260906_2026-09-06-16-32-55,1788686691.263,2026-09-06 17:24:51.263,0.0,1
run_20260906_2026-09-06-16-32-55,1788686692.266,2026-09-06 17:24:52.266,0.401,1
run_20260906_2026-09-06-16-32-55,1788686692.266,2026-09-06 17:24:52.266,0.0,1
run_20260906_2026-09-06-16-32-55,1788686743.657,2026-09-06 17:25:43.657,0.0,1
run_20260906_2026-09-06-16-32-55,1788686744.057,2026-09-06 17:25:44.057,0.401,1
run_20260906_2026-09-06-16-32-55,1788686744.459,2026-09-06 17:25:44.459,0.0,1
run_20260906_2026-09-06-16-32-55,1788686745.26,2026-09-06 17:25:45.260,0.4,1
run_20260906_2026-09-06-16-32-55,1788686745.464,2026-09-06 17:25:45.464,0.0,1
run_20260906_2026-09-06-16-32-55,1788686799.857,2026-09-06 17:26:39.857,0.0,1
run_20260906_2026-09-06-16-32-55,1788686800.258,2026-09-06 17:26:40.258,0.401,1
run_20260906_2026-09-06-16-32-55,1788686800.661,2026-09-06 17:26:40.661,0.0,1
run_20260906_2026-09-06-16-32-55,1788686801.262,2026-09-06 17:26:41.262,0.401,1
run_20260906_2026-09-06-16-32-55,1788686801.263,2026-09-06 17:26:41.263,0.0,1
run_20260906_2026-09-06-16-32-55,1788686852.659,2026-09-06 17:27:32.659,0.001,1
run_20260906_2026-09-06-16-32-55,1788686853.261,2026-09-06 17:27:33.261,0.401,1
run_20260906_2026-09-06-16-32-55,1788686853.261,2026-09-06 17:27:33.261,0.0,1
run_20260906_2026-09-06-16-32-55,1788686905.656,2026-09-06 17:28:25.656,0.0,1
run_20260906_2026-09-06-16-32-55,1788686906.26,2026-09-06 17:28:26.260,0.403,1
run_20260906_2026-09-06-16-32-55,1788686906.661,2026-09-06 17:28:26.661,0.0,1
run_20260906_2026-09-06-16-32-55,1788686907.263,2026-09-06 17:28:27.263,0.401,1
run_20260906_2026-09-06-16-32-55,1788686907.263,2026-09-06 17:28:27.263,0.0,1
run_20260906_2026-09-06-16-32-55,1788686907.864,2026-09-06 17:28:27.864,0.401,1
run_20260906_2026-09-06-16-32-55,1788686907.865,2026-09-06 17:28:27.865,0.001,1
run_20260906_2026-09-06-16-32-55,1788686911.279,2026-09-06 17:28:31.279,0.403,1
run_20260906_2026-09-06-16-32-55,1788686911.279,2026-09-06 17:28:31.279,0.0,1
run_20260906_2026-09-06-16-32-55,1788686959.256,2026-09-06 17:29:19.256,0.0,1
run_20260906_2026-09-06-16-32-55,1788686959.656,2026-09-06 17:29:19.656,0.401,1
run_20260906_2026-09-06-16-32-55,1788686959.657,2026-09-06 17:29:19.657,0.0,1
run_20260906_2026-09-06-16-32-55,1788686960.258,2026-09-06 17:29:20.258,0.401,1
run_20260906_2026-09-06-16-32-55,1788686960.258,2026-09-06 17:29:20.258,0.001,1
run_20260906_2026-09-06-16-32-55,1788686961.261,2026-09-06 17:29:21.261,0.401,1
run_20260906_2026-09-06-16-32-55,1788686961.263,2026-09-06 17:29:21.263,0.002,1
run_20260906_2026-09-06-16-32-55,1788686962.466,2026-09-06 17:29:22.466,0.401,1
run_20260906_2026-09-06-16-32-55,1788686962.467,2026-09-06 17:29:22.467,0.001,1
run_20260906_2026-09-06-16-32-55,1788687014.658,2026-09-06 17:30:14.658,0.001,1
run_20260906_2026-09-06-16-32-55,1788687015.259,2026-09-06 17:30:15.259,0.401,1
run_20260906_2026-09-06-16-32-55,1788687015.259,2026-09-06 17:30:15.259,0.0,1
run_20260906_2026-09-06-16-32-55,1788687015.66,2026-09-06 17:30:15.660,0.401,1
run_20260906_2026-09-06-16-32-55,1788687015.66,2026-09-06 17:30:15.660,0.001,1
run_20260906_2026-09-06-16-32-55,1788687016.262,2026-09-06 17:30:16.262,0.401,1
run_20260906_2026-09-06-16-32-55,1788687016.262,2026-09-06 17:30:16.262,0.0,1
run_20260906_2026-09-06-17-50-37,1788688243.271,2026-09-06 17:50:43.271,0.0,1
run_20260906_2026-09-06-17-50-37,1788688243.672,2026-09-06 17:50:43.672,0.401,1
run_20260906_2026-09-06-17-50-37,1788688243.873,2026-09-06 17:50:43.873,0.001,1
run_20260906_2026-09-06-17-50-37,1788688244.274,2026-09-06 17:50:44.274,0.4,1
run_20260906_2026-09-06-17-50-37,1788688244.675,2026-09-06 17:50:44.675,0.0,1
run_20260906_2026-09-06-17-52-42,1788688398.679,2026-09-06 17:53:18.679,0.0,1
run_20260906_2026-09-06-17-52-42,1788688399.079,2026-09-06 17:53:19.079,0.401,1
run_20260906_2026-09-06-17-52-42,1788688399.281,2026-09-06 17:53:19.281,0.0,1
run_20260906_2026-09-06-17-52-42,1788688454.679,2026-09-06 17:54:14.679,0.0,1
run_20260906_2026-09-06-17-52-42,1788688455.28,2026-09-06 17:54:15.280,0.401,1
run_20260906_2026-09-06-17-52-42,1788688455.481,2026-09-06 17:54:15.481,0.0,1
run_20260906_2026-09-06-17-52-42,1788688456.283,2026-09-06 17:54:16.283,0.4,1
run_20260906_2026-09-06-17-52-42,1788688456.486,2026-09-06 17:54:16.486,0.0,1
run_20260906_2026-09-06-17-52-42,1788688505.68,2026-09-06 17:55:05.680,0.0,1
run_20260906_2026-09-06-17-52-42,1788688506.282,2026-09-06 17:55:06.282,0.4,1
run_20260906_2026-09-06-17-52-42,1788688506.484,2026-09-06 17:55:06.484,0.002,1
run_20260906_2026-09-06-17-52-42,1788688554.681,2026-09-06 17:55:54.681,0.001,1
run_20260906_2026-09-06-17-52-42,1788688555.282,2026-09-06 17:55:55.282,0.401,1
run_20260906_2026-09-06-17-52-42,1788688555.282,2026-09-06 17:55:55.282,0.0,1
run_20260906_2026-09-06-17-52-42,1788688556.286,2026-09-06 17:55:56.286,0.401,1
run_20260906_2026-09-06-17-52-42,1788688556.286,2026-09-06 17:55:56.286,0.001,1
run_20260906_2026-09-06-17-52-42,1788688605.683,2026-09-06 17:56:45.683,0.0,1
run_20260906_2026-09-06-17-52-42,1788688606.284,2026-09-06 17:56:46.284,0.401,1
run_20260906_2026-09-06-17-52-42,1788688606.284,2026-09-06 17:56:46.284,0.0,1
run_20260906_2026-09-06-17-52-42,1788688610.301,2026-09-06 17:56:50.301,0.402,1
run_20260906_2026-09-06-17-52-42,1788688610.301,2026-09-06 17:56:50.301,0.0,1
run_20260906_2026-09-06-17-52-42,1788688654.682,2026-09-06 17:57:34.682,0.0,1
run_20260906_2026-09-06-17-52-42,1788688655.283,2026-09-06 17:57:35.283,0.401,1
run_20260906_2026-09-06-17-52-42,1788688655.684,2026-09-06 17:57:35.684,0.0,1
run_20260906_2026-09-06-17-52-42,1788688656.286,2026-09-06 17:57:36.286,0.401,1
run_20260906_2026-09-06-17-52-42,1788688656.287,2026-09-06 17:57:36.287,0.001,1
run_20260906_2026-09-06-17-52-42,1788688657.29,2026-09-06 17:57:37.290,0.401,1
run_20260906_2026-09-06-17-52-42,1788688657.293,2026-09-06 17:57:37.293,0.004,1
run_20260906_2026-09-06-17-52-42,1788688704.883,2026-09-06 17:58:24.883,0.0,1
run_20260906_2026-09-06-17-52-42,1788688705.284,2026-09-06 17:58:25.284,0.401,1
run_20260906_2026-09-06-17-52-42,1788688705.284,2026-09-06 17:58:25.284,0.0,1
run_20260906_2026-09-06-17-52-42,1788688705.886,2026-09-06 17:58:25.886,0.401,1
run_20260906_2026-09-06-17-52-42,1788688705.886,2026-09-06 17:58:25.886,0.0,1
run_20260906_2026-09-06-17-52-42,1788688706.287,2026-09-06 17:58:26.287,0.401,1
run_20260906_2026-09-06-17-52-42,1788688706.488,2026-09-06 17:58:26.488,0.001,1
run_20260906_2026-09-06-17-52-42,1788688752.685,2026-09-06 17:59:12.685,0.002,1
run_20260906_2026-09-06-17-52-42,1788688753.287,2026-09-06 17:59:13.287,0.401,1
run_20260906_2026-09-06-17-52-42,1788688753.287,2026-09-06 17:59:13.287,0.0,1
run_20260906_2026-09-06-17-52-42,1788688754.29,2026-09-06 17:59:14.290,0.401,1
run_20260906_2026-09-06-17-52-42,1788688754.291,2026-09-06 17:59:14.291,0.0,1
run_20260906_2026-09-06-17-52-42,1788688800.684,2026-09-06 18:00:00.684,0.0,1
run_20260906_2026-09-06-17-52-42,1788688801.286,2026-09-06 18:00:01.286,0.401,1
run_20260906_2026-09-06-17-52-42,1788688801.287,2026-09-06 18:00:01.287,0.001,1
run_20260906_2026-09-06-17-52-42,1788688802.29,2026-09-06 18:00:02.290,0.402,1
run_20260906_2026-09-06-17-52-42,1788688802.291,2026-09-06 18:00:02.291,0.001,1
run_20260906_2026-09-06-17-52-42,1788688848.885,2026-09-06 18:00:48.885,0.0,1
run_20260906_2026-09-06-17-52-42,1788688849.286,2026-09-06 18:00:49.286,0.401,1
run_20260906_2026-09-06-17-52-42,1788688849.688,2026-09-06 18:00:49.688,0.0,1
run_20260906_2026-09-06-17-52-42,1788688850.29,2026-09-06 18:00:50.290,0.401,1
run_20260906_2026-09-06-17-52-42,1788688850.491,2026-09-06 18:00:50.491,0.0,1
run_20260906_2026-09-06-17-52-42,1788688896.685,2026-09-06 18:01:36.685,0.0,1
run_20260906_2026-09-06-17-52-42,1788688897.286,2026-09-06 18:01:37.286,0.401,1
run_20260906_2026-09-06-17-52-42,1788688897.286,2026-09-06 18:01:37.286,0.0,1
run_20260906_2026-09-06-17-52-42,1788688897.687,2026-09-06 18:01:37.687,0.401,1
run_20260906_2026-09-06-17-52-42,1788688897.688,2026-09-06 18:01:37.688,0.001,1
run_20260906_2026-09-06-17-52-42,1788688898.29,2026-09-06 18:01:38.290,0.401,1
run_20260906_2026-09-06-17-52-42,1788688898.29,2026-09-06 18:01:38.290,0.0,1
run_20260906_2026-09-06-17-52-42,1788688945.685,2026-09-06 18:02:25.685,0.0,1
run_20260906_2026-09-06-17-52-42,1788688946.086,2026-09-06 18:02:26.086,0.401,1
run_20260906_2026-09-06-17-52-42,1788688946.689,2026-09-06 18:02:26.689,0.0,1
run_20260906_2026-09-06-17-52-42,1788688947.29,2026-09-06 18:02:27.290,0.401,1
run_20260906_2026-09-06-17-52-42,1788688947.292,2026-09-06 18:02:27.292,0.002,1
run_20260906_2026-09-06-17-52-42,1788688948.295,2026-09-06 18:02:28.295,0.402,1
run_20260906_2026-09-06-17-52-42,1788688948.296,2026-09-06 18:02:28.296,0.001,1
run_20260906_2026-09-06-17-52-42,1788688994.691,2026-09-06 18:03:14.691,0.0,1
run_20260906_2026-09-06-17-52-42,1788688995.292,2026-09-06 18:03:15.292,0.401,1
run_20260906_2026-09-06-17-52-42,1788688995.494,2026-09-06 18:03:15.494,0.001,1
run_20260906_2026-09-06-17-52-42,1788688996.296,2026-09-06 18:03:16.296,0.401,1
run_20260906_2026-09-06-17-52-42,1788688996.296,2026-09-06 18:03:16.296,0.0,1
run_20260906_2026-09-06-17-52-42,1788689044.69,2026-09-06 18:04:04.690,0.003,1
run_20260906_2026-09-06-17-52-42,1788689045.292,2026-09-06 18:04:05.292,0.401,1
run_20260906_2026-09-06-17-52-42,1788689045.292,2026-09-06 18:04:05.292,0.0,1
run_20260906_2026-09-06-17-52-42,1788689047.499,2026-09-06 18:04:07.499,0.401,1
run_20260906_2026-09-06-17-52-42,1788689047.5,2026-09-06 18:04:07.500,0.001,1
run_20260906_2026-09-06-17-52-42,1788689094.895,2026-09-06 18:04:54.895,0.004,1
run_20260906_2026-09-06-17-52-42,1788689141.286,2026-09-06 18:05:41.286,0.001,1
run_20260906_2026-09-06-17-52-42,1788689141.687,2026-09-06 18:05:41.687,0.401,1
run_20260906_2026-09-06-17-52-42,1788689141.888,2026-09-06 18:05:41.888,0.0,1
run_20260906_2026-09-06-17-52-42,1788689142.289,2026-09-06 18:05:42.289,0.4,1
run_20260906_2026-09-06-17-52-42,1788689142.29,2026-09-06 18:05:42.290,0.001,1
run_20260906_2026-09-06-17-52-42,1788689143.292,2026-09-06 18:05:43.292,0.401,1
run_20260906_2026-09-06-17-52-42,1788689143.294,2026-09-06 18:05:43.294,0.001,1
run_20260906_2026-09-06-17-52-42,1788689188.886,2026-09-06 18:06:28.886,0.0,1
run_20260906_2026-09-06-17-52-42,1788689189.287,2026-09-06 18:06:29.287,0.401,1
run_20260906_2026-09-06-17-52-42,1788689189.689,2026-09-06 18:06:29.689,0.0,1
run_20260906_2026-09-06-17-52-42,1788689190.09,2026-09-06 18:06:30.090,0.401,1
run_20260906_2026-09-06-17-52-42,1788689190.291,2026-09-06 18:06:30.291,0.0,1
run_20260906_2026-09-06-17-52-42,1788689191.498,2026-09-06 18:06:31.498,0.401,1
run_20260906_2026-09-06-17-52-42,1788689191.5,2026-09-06 18:06:31.500,0.002,1
run_20260906_2026-09-06-17-52-42,1788689235.891,2026-09-06 18:07:15.891,0.0,1
run_20260906_2026-09-06-17-52-42,1788689236.292,2026-09-06 18:07:16.292,0.401,1
run_20260906_2026-09-06-17-52-42,1788689236.292,2026-09-06 18:07:16.292,0.001,1
run_20260906_2026-09-06-17-52-42,1788689282.691,2026-09-06 18:08:02.691,0.0,1
run_20260906_2026-09-06-17-52-42,1788689283.294,2026-09-06 18:08:03.294,0.402,1
run_20260906_2026-09-06-17-52-42,1788689283.294,2026-09-06 18:08:03.294,0.0,1
run_20260906_2026-09-06-17-52-42,1788689287.31,2026-09-06 18:08:07.310,0.402,1
run_20260906_2026-09-06-17-52-42,1788689287.31,2026-09-06 18:08:07.310,0.001,1
run_20260906_2026-09-06-17-52-42,1788689328.891,2026-09-06 18:08:48.891,0.0,1
run_20260906_2026-09-06-17-52-42,1788689329.291,2026-09-06 18:08:49.291,0.4,1
run_20260906_2026-09-06-17-52-42,1788689329.493,2026-09-06 18:08:49.493,0.0,1
run_20260906_2026-09-06-17-52-42,1788689330.295,2026-09-06 18:08:50.295,0.401,1
run_20260906_2026-09-06-17-52-42,1788689330.296,2026-09-06 18:08:50.296,0.001,1
run_20260906_2026-09-06-17-52-42,1788689375.688,2026-09-06 18:09:35.688,0.0,1
run_20260906_2026-09-06-17-52-42,1788689376.089,2026-09-06 18:09:36.089,0.401,1
run_20260906_2026-09-06-17-52-42,1788689376.695,2026-09-06 18:09:36.695,0.0,1
run_20260906_2026-09-06-17-52-42,1788689421.889,2026-09-06 18:10:21.889,0.0,1
run_20260906_2026-09-06-17-52-42,1788689422.291,2026-09-06 18:10:22.291,0.401,1
run_20260906_2026-09-06-17-52-42,1788689422.693,2026-09-06 18:10:22.693,0.001,1
run_20260906_2026-09-06-17-52-42,1788689423.294,2026-09-06 18:10:23.294,0.401,1
run_20260906_2026-09-06-17-52-42,1788689423.295,2026-09-06 18:10:23.295,0.001,1
run_20260906_2026-09-06-17-52-42,1788689469.691,2026-09-06 18:11:09.691,0.0,1
run_20260906_2026-09-06-17-52-42,1788689470.092,2026-09-06 18:11:10.092,0.401,1
run_20260906_2026-09-06-17-52-42,1788689470.294,2026-09-06 18:11:10.294,0.0,1
run_20260906_2026-09-06-17-52-42,1788689517.691,2026-09-06 18:11:57.691,0.0,1
run_20260906_2026-09-06-17-52-42,1788689518.293,2026-09-06 18:11:58.293,0.401,1
run_20260906_2026-09-06-17-52-42,1788689518.494,2026-09-06 18:11:58.494,0.0,1
run_20260906_2026-09-06-17-52-42,1788689519.296,2026-09-06 18:11:59.296,0.4,1
run_20260906_2026-09-06-17-52-42,1788689519.297,2026-09-06 18:11:59.297,0.001,1
run_20260906_2026-09-06-17-52-42,1788689567.693,2026-09-06 18:12:47.693,0.0,1
run_20260906_2026-09-06-17-52-42,1788689568.295,2026-09-06 18:12:48.295,0.401,1
run_20260906_2026-09-06-17-52-42,1788689568.295,2026-09-06 18:12:48.295,0.0,1
run_20260906_2026-09-06-17-52-42,1788689569.298,2026-09-06 18:12:49.298,0.401,1
run_20260906_2026-09-06-17-52-42,1788689569.298,2026-09-06 18:12:49.298,0.0,1
run_20260906_2026-09-06-17-52-42,1788689617.695,2026-09-06 18:13:37.695,0.003,1
run_20260906_2026-09-06-17-52-42,1788689618.297,2026-09-06 18:13:38.297,0.401,1
run_20260906_2026-09-06-17-52-42,1788689618.297,2026-09-06 18:13:38.297,0.0,1
run_20260906_2026-09-06-17-52-42,1788689619.3,2026-09-06 18:13:39.300,0.401,1
run_20260906_2026-09-06-17-52-42,1788689619.3,2026-09-06 18:13:39.300,0.0,1
run_20260906_2026-09-06-17-52-42,1788689666.893,2026-09-06 18:14:26.893,0.001,1
run_20260906_2026-09-06-17-52-42,1788689667.294,2026-09-06 18:14:27.294,0.401,1
run_20260906_2026-09-06-17-52-42,1788689667.294,2026-09-06 18:14:27.294,0.001,1
run_20260906_2026-09-06-17-52-42,1788689667.695,2026-09-06 18:14:27.695,0.401,1
run_20260906_2026-09-06-17-52-42,1788689667.696,2026-09-06 18:14:27.696,0.001,1
run_20260906_2026-09-06-17-52-42,1788689717.493,2026-09-06 18:15:17.493,0.0,1
run_20260906_2026-09-06-17-52-42,1788689718.295,2026-09-06 18:15:18.295,0.401,1
run_20260906_2026-09-06-17-52-42,1788689718.5,2026-09-06 18:15:18.500,0.0,1
run_20260906_2026-09-06-17-52-42,1788689766.695,2026-09-06 18:16:06.695,0.0,1
run_20260906_2026-09-06-17-52-42,1788689767.296,2026-09-06 18:16:07.296,0.401,1
run_20260906_2026-09-06-17-52-42,1788689767.296,2026-09-06 18:16:07.296,0.0,1
run_20260906_2026-09-06-17-52-42,1788689768.299,2026-09-06 18:16:08.299,0.401,1
run_20260906_2026-09-06-17-52-42,1788689768.3,2026-09-06 18:16:08.300,0.0,1
run_20260906_2026-09-06-17-52-42,1788689814.893,2026-09-06 18:16:54.893,0.0,1
run_20260906_2026-09-06-17-52-42,1788689815.294,2026-09-06 18:16:55.294,0.401,1
run_20260906_2026-09-06-17-52-42,1788689815.696,2026-09-06 18:16:55.696,0.001,1
run_20260906_2026-09-06-17-52-42,1788689816.297,2026-09-06 18:16:56.297,0.401,1
run_20260906_2026-09-06-17-52-42,1788689816.498,2026-09-06 18:16:56.498,0.0,1
run_20260906_2026-09-06-17-52-42,1788689864.692,2026-09-06 18:17:44.692,0.001,1
run_20260906_2026-09-06-17-52-42,1788689865.094,2026-09-06 18:17:45.094,0.402,1
run_20260906_2026-09-06-17-52-42,1788689865.294,2026-09-06 18:17:45.294,0.0,1
run_20260906_2026-09-06-17-52-42,1788689866.297,2026-09-06 18:17:46.297,0.401,1
run_20260906_2026-09-06-17-52-42,1788689866.298,2026-09-06 18:17:46.298,0.001,1
run_20260906_2026-09-06-17-52-42,1788689913.692,2026-09-06 18:18:33.692,0.0,1
run_20260906_2026-09-06-17-52-42,1788689914.293,2026-09-06 18:18:34.293,0.401,1
run_20260906_2026-09-06-17-52-42,1788689914.294,2026-09-06 18:18:34.294,0.0,1
run_20260906_2026-09-06-17-52-42,1788689961.689,2026-09-06 18:19:21.689,0.002,1
run_20260906_2026-09-06-17-52-42,1788689962.291,2026-09-06 18:19:22.291,0.401,1
run_20260906_2026-09-06-17-52-42,1788689962.291,2026-09-06 18:19:22.291,0.0,1
run_20260906_2026-09-06-17-52-42,1788690009.485,2026-09-06 18:20:09.485,0.0,1
run_20260906_2026-09-06-17-52-42,1788690009.886,2026-09-06 18:20:09.886,0.401,1
run_20260906_2026-09-06-17-52-42,1788690009.889,2026-09-06 18:20:09.889,0.003,1
run_20260906_2026-09-06-17-52-42,1788690010.29,2026-09-06 18:20:10.290,0.401,1
run_20260906_2026-09-06-17-52-42,1788690010.29,2026-09-06 18:20:10.290,0.0,1
run_20260906_2026-09-06-17-52-42,1788690057.882,2026-09-06 18:20:57.882,0.0,1
run_20260906_2026-09-06-17-52-42,1788690058.283,2026-09-06 18:20:58.283,0.4,1
run_20260906_2026-09-06-17-52-42,1788690058.885,2026-09-06 18:20:58.885,0.001,1
run_20260906_2026-09-06-17-52-42,1788690059.286,2026-09-06 18:20:59.286,0.401,1
run_20260906_2026-09-06-17-52-42,1788690059.287,2026-09-06 18:20:59.287,0.001,1
run_20260906_2026-09-06-17-52-42,1788690060.29,2026-09-06 18:21:00.290,0.401,1
run_20260906_2026-09-06-17-52-42,1788690060.293,2026-09-06 18:21:00.293,0.003,1
run_20260906_2026-09-06-17-52-42,1788690107.682,2026-09-06 18:21:47.682,0.0,1
run_20260906_2026-09-06-17-52-42,1788690108.083,2026-09-06 18:21:48.083,0.401,1
run_20260906_2026-09-06-17-52-42,1788690108.686,2026-09-06 18:21:48.686,0.0,1
run_20260906_2026-09-06-17-52-42,1788690109.287,2026-09-06 18:21:49.287,0.4,1
run_20260906_2026-09-06-17-52-42,1788690109.287,2026-09-06 18:21:49.287,0.0,1
run_20260906_2026-09-06-17-52-42,1788690110.29,2026-09-06 18:21:50.290,0.4,1
run_20260906_2026-09-06-17-52-42,1788690110.291,2026-09-06 18:21:50.291,0.001,1
run_20260906_2026-09-06-17-52-42,1788690153.882,2026-09-06 18:22:33.882,0.0,1
run_20260906_2026-09-06-17-52-42,1788690154.282,2026-09-06 18:22:34.282,0.4,1
run_20260906_2026-09-06-17-52-42,1788690154.684,2026-09-06 18:22:34.684,0.001,1
run_20260906_2026-09-06-17-52-42,1788690155.285,2026-09-06 18:22:35.285,0.401,1
run_20260906_2026-09-06-17-52-42,1788690155.286,2026-09-06 18:22:35.286,0.0,1
run_20260906_2026-09-06-17-52-42,1788690203.28,2026-09-06 18:23:23.280,0.0,1
run_20260906_2026-09-06-17-52-42,1788690203.68,2026-09-06 18:23:23.680,0.4,1
run_20260906_2026-09-06-17-52-42,1788690203.681,2026-09-06 18:23:23.681,0.0,1
run_20260906_2026-09-06-17-52-42,1788690204.282,2026-09-06 18:23:24.282,0.401,1
run_20260906_2026-09-06-17-52-42,1788690204.282,2026-09-06 18:23:24.282,0.0,1
run_20260906_2026-09-06-17-52-42,1788690205.285,2026-09-06 18:23:25.285,0.401,1
run_20260906_2026-09-06-17-52-42,1788690205.285,2026-09-06 18:23:25.285,0.0,1
run_20260906_2026-09-06-17-52-42,1788690252.674,2026-09-06 18:24:12.674,0.0,1
run_20260906_2026-09-06-17-52-42,1788690253.075,2026-09-06 18:24:13.075,0.401,1
run_20260906_2026-09-06-17-52-42,1788690253.678,2026-09-06 18:24:13.678,0.001,1
run_20260906_2026-09-06-17-52-42,1788690254.28,2026-09-06 18:24:14.280,0.401,1
run_20260906_2026-09-06-17-52-42,1788690254.281,2026-09-06 18:24:14.281,0.001,1
run_20260906_2026-09-06-17-52-42,1788690255.284,2026-09-06 18:24:15.284,0.401,1
run_20260906_2026-09-06-17-52-42,1788690255.284,2026-09-06 18:24:15.284,0.001,1
run_20260906_2026-09-06-17-52-42,1788690259.3,2026-09-06 18:24:19.300,0.401,1
run_20260906_2026-09-06-17-52-42,1788690259.301,2026-09-06 18:24:19.301,0.001,1
run_20260906_2026-09-06-17-52-42,1788690301.678,2026-09-06 18:25:01.678,0.0,1
run_20260906_2026-09-06-17-52-42,1788690302.28,2026-09-06 18:25:02.280,0.4,1
run_20260906_2026-09-06-17-52-42,1788690302.28,2026-09-06 18:25:02.280,0.0,1
run_20260906_2026-09-06-17-52-42,1788690303.283,2026-09-06 18:25:03.283,0.4,1
run_20260906_2026-09-06-17-52-42,1788690303.283,2026-09-06 18:25:03.283,0.0,1
run_20260906_2026-09-06-17-52-42,1788690350.674,2026-09-06 18:25:50.674,0.001,1
run_20260906_2026-09-06-17-52-42,1788690351.276,2026-09-06 18:25:51.276,0.401,1
run_20260906_2026-09-06-17-52-42,1788690351.276,2026-09-06 18:25:51.276,0.001,1
run_20260906_2026-09-06-17-52-42,1788690351.677,2026-09-06 18:25:51.677,0.401,1
run_20260906_2026-09-06-17-52-42,1788690351.68,2026-09-06 18:25:51.680,0.003,1
run_20260906_2026-09-06-17-52-42,1788690352.282,2026-09-06 18:25:52.282,0.401,1
run_20260906_2026-09-06-17-52-42,1788690352.282,2026-09-06 18:25:52.282,0.0,1
run_20260906_2026-09-06-17-52-42,1788690398.675,2026-09-06 18:26:38.675,0.0,1
run_20260906_2026-09-06-17-52-42,1788690399.277,2026-09-06 18:26:39.277,0.402,1
run_20260906_2026-09-06-17-52-42,1788690399.277,2026-09-06 18:26:39.277,0.0,1
run_20260906_2026-09-06-17-52-42,1788690400.28,2026-09-06 18:26:40.280,0.402,1
run_20260906_2026-09-06-17-52-42,1788690400.281,2026-09-06 18:26:40.281,0.001,1
run_20260906_2026-09-06-17-52-42,1788690446.675,2026-09-06 18:27:26.675,0.0,1
run_20260906_2026-09-06-17-52-42,1788690447.276,2026-09-06 18:27:27.276,0.401,1
run_20260906_2026-09-06-17-52-42,1788690447.48,2026-09-06 18:27:27.480,0.0,1
run_20260906_2026-09-06-17-52-42,1788690448.282,2026-09-06 18:27:28.282,0.4,1
run_20260906_2026-09-06-17-52-42,1788690448.282,2026-09-06 18:27:28.282,0.001,1
run_20260906_2026-09-06-17-52-42,1788690495.272,2026-09-06 18:28:15.272,0.0,1
run_20260906_2026-09-06-17-52-42,1788690495.672,2026-09-06 18:28:15.672,0.401,1
run_20260906_2026-09-06-17-52-42,1788690495.874,2026-09-06 18:28:15.874,0.001,1
run_20260906_2026-09-06-17-52-42,1788690496.275,2026-09-06 18:28:16.275,0.401,1
run_20260906_2026-09-06-17-52-42,1788690496.276,2026-09-06 18:28:16.276,0.001,1
run_20260906_2026-09-06-17-52-42,1788690497.28,2026-09-06 18:28:17.280,0.401,1
run_20260906_2026-09-06-17-52-42,1788690497.28,2026-09-06 18:28:17.280,0.0,1
run_20260907_2026-09-07-13-07-40,1788757694.654,2026-09-07 13:08:14.654,0.0,1
run_20260907_2026-09-07-13-07-40,1788757695.256,2026-09-07 13:08:15.256,0.401,1
run_20260907_2026-09-07-13-07-40,1788757695.259,2026-09-07 13:08:15.259,0.003,1
run_20260907_2026-09-07-13-09-09,1788757785.252,2026-09-07 13:09:45.252,0.0,1
run_20260907_2026-09-07-13-09-09,1788757785.652,2026-09-07 13:09:45.652,0.401,1
run_20260907_2026-09-07-13-09-09,1788757785.653,2026-09-07 13:09:45.653,0.0,1
run_20260907_2026-09-07-13-09-09,1788757786.254,2026-09-07 13:09:46.254,0.401,1
run_20260907_2026-09-07-13-09-09,1788757786.457,2026-09-07 13:09:46.457,0.0,1
run_20260907_2026-09-07-13-09-09,1788757787.258,2026-09-07 13:09:47.258,0.401,1
run_20260907_2026-09-07-13-09-09,1788757787.259,2026-09-07 13:09:47.259,0.001,1
run_20260907_2026-09-07-13-09-09,1788757833.653,2026-09-07 13:10:33.653,0.0,1
run_20260907_2026-09-07-13-09-09,1788757834.254,2026-09-07 13:10:34.254,0.401,1
run_20260907_2026-09-07-13-09-09,1788757834.254,2026-09-07 13:10:34.254,0.0,1
run_20260907_2026-09-07-13-09-09,1788757835.256,2026-09-07 13:10:35.256,0.4,1
run_20260907_2026-09-07-13-09-09,1788757835.257,2026-09-07 13:10:35.257,0.0,1
run_20260907_2026-09-07-13-09-09,1788757883.252,2026-09-07 13:11:23.252,0.0,1
run_20260907_2026-09-07-13-09-09,1788757883.654,2026-09-07 13:11:23.654,0.402,1
run_20260907_2026-09-07-13-09-09,1788757883.654,2026-09-07 13:11:23.654,0.0,1
run_20260907_2026-09-07-13-09-09,1788757884.255,2026-09-07 13:11:24.255,0.401,1
run_20260907_2026-09-07-13-09-09,1788757884.255,2026-09-07 13:11:24.255,0.0,1
run_20260907_2026-09-07-13-09-09,1788757884.656,2026-09-07 13:11:24.656,0.401,1
run_20260907_2026-09-07-13-09-09,1788757884.657,2026-09-07 13:11:24.657,0.001,1
run_20260907_2026-09-07-13-09-09,1788757885.258,2026-09-07 13:11:25.258,0.401,1
run_20260907_2026-09-07-13-09-09,1788757885.258,2026-09-07 13:11:25.258,0.0,1
run_20260907_2026-09-07-13-09-09,1788757932.653,2026-09-07 13:12:12.653,0.0,1
run_20260907_2026-09-07-13-09-09,1788757933.053,2026-09-07 13:12:13.053,0.4,1
run_20260907_2026-09-07-13-09-09,1788757933.455,2026-09-07 13:12:13.455,0.0,1
run_20260907_2026-09-07-13-09-09,1788757934.257,2026-09-07 13:12:14.257,0.401,1
run_20260907_2026-09-07-13-09-09,1788757934.258,2026-09-07 13:12:14.258,0.001,1
run_20260907_2026-09-07-13-09-09,1788757982.654,2026-09-07 13:13:02.654,0.0,1
run_20260907_2026-09-07-13-09-09,1788757983.255,2026-09-07 13:13:03.255,0.4,1
run_20260907_2026-09-07-13-09-09,1788757983.456,2026-09-07 13:13:03.456,0.001,1
run_20260907_2026-09-07-13-09-09,1788757984.258,2026-09-07 13:13:04.258,0.401,1
run_20260907_2026-09-07-13-09-09,1788757984.258,2026-09-07 13:13:04.258,0.0,1
run_20260907_2026-09-07-13-15-11,1788758146.853,2026-09-07 13:15:46.853,0.0,1
run_20260907_2026-09-07-13-15-11,1788758147.253,2026-09-07 13:15:47.253,0.401,1
run_20260907_2026-09-07-13-15-11,1788758147.253,2026-09-07 13:15:47.253,0.0,1
run_20260907_2026-09-07-13-15-11,1788758148.256,2026-09-07 13:15:48.256,0.401,1
run_20260907_2026-09-07-13-15-11,1788758148.256,2026-09-07 13:15:48.256,0.0,1
run_20260907_2026-09-07-13-15-11,1788758204.851,2026-09-07 13:16:44.851,0.001,1
run_20260907_2026-09-07-13-15-11,1788758205.251,2026-09-07 13:16:45.251,0.401,1
run_20260907_2026-09-07-13-15-11,1788758205.653,2026-09-07 13:16:45.653,0.0,1
run_20260907_2026-09-07-13-15-11,1788758206.254,2026-09-07 13:16:46.254,0.401,1
run_20260907_2026-09-07-13-15-11,1788758206.455,2026-09-07 13:16:46.455,0.0,1
run_20260907_2026-09-07-13-15-11,1788758258.651,2026-09-07 13:17:38.651,0.0,1
run_20260907_2026-09-07-13-15-11,1788758259.052,2026-09-07 13:17:39.052,0.401,1
run_20260907_2026-09-07-13-15-11,1788758259.454,2026-09-07 13:17:39.454,0.0,1
run_20260907_2026-09-07-13-15-11,1788758260.256,2026-09-07 13:17:40.256,0.401,1
run_20260907_2026-09-07-13-15-11,1788758260.257,2026-09-07 13:17:40.257,0.001,1
run_20260907_2026-09-07-13-15-11,1788758310.655,2026-09-07 13:18:30.655,0.0,1
run_20260907_2026-09-07-13-15-11,1788758311.256,2026-09-07 13:18:31.256,0.401,1
run_20260907_2026-09-07-13-15-11,1788758311.256,2026-09-07 13:18:31.256,0.0,1
run_20260907_2026-09-07-13-15-11,1788758362.853,2026-09-07 13:19:22.853,0.0,1
run_20260907_2026-09-07-13-15-11,1788758363.253,2026-09-07 13:19:23.253,0.401,1
run_20260907_2026-09-07-13-15-11,1788758363.454,2026-09-07 13:19:23.454,0.0,1
run_20260907_2026-09-07-13-15-11,1788758364.257,2026-09-07 13:19:24.257,0.401,1
run_20260907_2026-09-07-13-15-11,1788758364.257,2026-09-07 13:19:24.257,0.0,1
run_20260907_2026-09-07-13-15-11,1788758365.26,2026-09-07 13:19:25.260,0.401,1
run_20260907_2026-09-07-13-15-11,1788758365.26,2026-09-07 13:19:25.260,0.0,1
run_20260907_2026-09-07-13-15-11,1788758414.653,2026-09-07 13:20:14.653,0.0,1
run_20260907_2026-09-07-13-15-11,1788758415.053,2026-09-07 13:20:15.053,0.4,1
run_20260907_2026-09-07-13-15-11,1788758415.656,2026-09-07 13:20:15.656,0.0,1
run_20260907_2026-09-07-13-15-11,1788758416.257,2026-09-07 13:20:16.257,0.401,1
run_20260907_2026-09-07-13-15-11,1788758416.459,2026-09-07 13:20:16.459,0.0,1
run_20260907_2026-09-07-13-15-11,1788758467.653,2026-09-07 13:21:07.653,0.0,1
run_20260907_2026-09-07-13-15-11,1788758468.054,2026-09-07 13:21:08.054,0.401,1
run_20260907_2026-09-07-13-15-11,1788758468.659,2026-09-07 13:21:08.659,0.0,1
run_20260907_2026-09-07-13-15-11,1788758470.264,2026-09-07 13:21:10.264,0.401,1
run_20260907_2026-09-07-13-15-11,1788758470.264,2026-09-07 13:21:10.264,0.0,1
run_20260907_2026-09-07-13-15-11,1788758520.654,2026-09-07 13:22:00.654,0.001,1
run_20260907_2026-09-07-13-15-11,1788758521.256,2026-09-07 13:22:01.256,0.401,1
run_20260907_2026-09-07-13-15-11,1788758521.256,2026-09-07 13:22:01.256,0.0,1
run_20260907_2026-09-07-13-15-11,1788758574.255,2026-09-07 13:22:54.255,0.0,1
run_20260907_2026-09-07-13-15-11,1788758575.258,2026-09-07 13:22:55.258,0.402,1
run_20260907_2026-09-07-13-15-11,1788758575.258,2026-09-07 13:22:55.258,0.0,1
run_20260907_2026-09-07-13-15-11,1788758626.253,2026-09-07 13:23:46.253,0.0,1
run_20260907_2026-09-07-13-15-11,1788758626.654,2026-09-07 13:23:46.654,0.401,1
run_20260907_2026-09-07-13-15-11,1788758626.654,2026-09-07 13:23:46.654,0.0,1
run_20260907_2026-09-07-13-15-11,1788758627.255,2026-09-07 13:23:47.255,0.401,1
run_20260907_2026-09-07-13-15-11,1788758627.256,2026-09-07 13:23:47.256,0.001,1
run_20260907_2026-09-07-13-15-11,1788758678.653,2026-09-07 13:24:38.653,0.0,1
run_20260907_2026-09-07-13-15-11,1788758679.054,2026-09-07 13:24:39.054,0.401,1
run_20260907_2026-09-07-13-15-11,1788758679.659,2026-09-07 13:24:39.659,0.0,1
run_20260907_2026-09-07-13-15-11,1788758680.26,2026-09-07 13:24:40.260,0.401,1
run_20260907_2026-09-07-13-15-11,1788758680.26,2026-09-07 13:24:40.260,0.0,1
run_20260907_2026-09-07-13-15-11,1788758732.456,2026-09-07 13:25:32.456,0.0,1
run_20260907_2026-09-07-13-15-11,1788758733.259,2026-09-07 13:25:33.259,0.401,1
run_20260907_2026-09-07-13-15-11,1788758733.259,2026-09-07 13:25:33.259,0.0,1
run_20260907_2026-09-07-13-15-11,1788758784.656,2026-09-07 13:26:24.656,0.0,1
run_20260907_2026-09-07-13-15-11,1788758785.261,2026-09-07 13:26:25.261,0.403,1
run_20260907_2026-09-07-13-15-11,1788758785.261,2026-09-07 13:26:25.261,0.0,1
run_20260907_2026-09-07-13-15-11,1788758836.653,2026-09-07 13:27:16.653,0.0,1
run_20260907_2026-09-07-13-15-11,1788758837.255,2026-09-07 13:27:17.255,0.401,1
run_20260907_2026-09-07-13-15-11,1788758837.256,2026-09-07 13:27:17.256,0.001,1
run_20260907_2026-09-07-13-15-11,1788758838.259,2026-09-07 13:27:18.259,0.401,1
run_20260907_2026-09-07-13-15-11,1788758838.26,2026-09-07 13:27:18.260,0.001,1
run_20260907_2026-09-07-13-15-11,1788758887.254,2026-09-07 13:28:07.254,0.0,1
run_20260907_2026-09-07-13-15-11,1788758887.655,2026-09-07 13:28:07.655,0.401,1
run_20260907_2026-09-07-13-15-11,1788758887.656,2026-09-07 13:28:07.656,0.001,1
run_20260907_2026-09-07-13-15-11,1788758888.257,2026-09-07 13:28:08.257,0.401,1
run_20260907_2026-09-07-13-15-11,1788758888.257,2026-09-07 13:28:08.257,0.0,1
run_20260907_2026-09-07-13-15-11,1788758889.26,2026-09-07 13:28:09.260,0.401,1
run_20260907_2026-09-07-13-15-11,1788758889.26,2026-09-07 13:28:09.260,0.0,1
run_20260907_2026-09-07-13-15-11,1788758937.854,2026-09-07 13:28:57.854,0.001,1
run_20260907_2026-09-07-13-15-11,1788758938.255,2026-09-07 13:28:58.255,0.401,1
run_20260907_2026-09-07-13-15-11,1788758938.255,2026-09-07 13:28:58.255,0.0,1
run_20260907_2026-09-07-13-15-11,1788758938.655,2026-09-07 13:28:58.655,0.401,1
run_20260907_2026-09-07-13-15-11,1788758938.655,2026-09-07 13:28:58.655,0.0,1
run_20260907_2026-09-07-13-15-11,1788758939.257,2026-09-07 13:28:59.257,0.401,1
run_20260907_2026-09-07-13-15-11,1788758939.258,2026-09-07 13:28:59.258,0.0,1
run_20260907_2026-09-07-13-15-11,1788758989.653,2026-09-07 13:29:49.653,0.0,1
run_20260907_2026-09-07-13-15-11,1788758990.254,2026-09-07 13:29:50.254,0.401,1
run_20260907_2026-09-07-13-15-11,1788758990.456,2026-09-07 13:29:50.456,0.0,1
run_20260907_2026-09-07-13-15-11,1788758991.258,2026-09-07 13:29:51.258,0.401,1
run_20260907_2026-09-07-13-15-11,1788758991.262,2026-09-07 13:29:51.262,0.004,1
run_20260907_2026-09-07-13-15-11,1788759041.656,2026-09-07 13:30:41.656,0.0,1
run_20260907_2026-09-07-13-15-11,1788759042.258,2026-09-07 13:30:42.258,0.401,1
run_20260907_2026-09-07-13-15-11,1788759042.258,2026-09-07 13:30:42.258,0.0,1
run_20260907_2026-09-07-13-15-11,1788759093.651,2026-09-07 13:31:33.651,0.001,1
run_20260907_2026-09-07-13-15-11,1788759094.052,2026-09-07 13:31:34.052,0.401,1
run_20260907_2026-09-07-13-15-11,1788759094.253,2026-09-07 13:31:34.253,0.0,1
run_20260907_2026-09-07-13-15-11,1788759094.654,2026-09-07 13:31:34.654,0.401,1
run_20260907_2026-09-07-13-15-11,1788759094.655,2026-09-07 13:31:34.655,0.001,1
run_20260907_2026-09-07-13-15-11,1788759095.257,2026-09-07 13:31:35.257,0.401,1
run_20260907_2026-09-07-13-15-11,1788759095.257,2026-09-07 13:31:35.257,0.0,1
run_20260907_2026-09-07-13-15-11,1788759146.654,2026-09-07 13:32:26.654,0.0,1
run_20260907_2026-09-07-13-15-11,1788759147.258,2026-09-07 13:32:27.258,0.404,1
run_20260907_2026-09-07-13-15-11,1788759147.259,2026-09-07 13:32:27.259,0.001,1
run_20260907_2026-09-07-13-15-11,1788759199.253,2026-09-07 13:33:19.253,0.0,1
run_20260907_2026-09-07-13-15-11,1788759199.653,2026-09-07 13:33:19.653,0.4,1
run_20260907_2026-09-07-13-15-11,1788759199.653,2026-09-07 13:33:19.653,0.0,1
run_20260907_2026-09-07-13-15-11,1788759200.255,2026-09-07 13:33:20.255,0.401,1
run_20260907_2026-09-07-13-15-11,1788759200.256,2026-09-07 13:33:20.256,0.001,1
run_20260907_2026-09-07-13-15-11,1788759201.258,2026-09-07 13:33:21.258,0.401,1
run_20260907_2026-09-07-13-15-11,1788759201.259,2026-09-07 13:33:21.259,0.001,1
run_20260907_2026-09-07-13-15-11,1788759251.254,2026-09-07 13:34:11.254,0.0,1
run_20260907_2026-09-07-13-15-11,1788759251.654,2026-09-07 13:34:11.654,0.401,1
run_20260907_2026-09-07-13-15-11,1788759251.656,2026-09-07 13:34:11.656,0.001,1
run_20260907_2026-09-07-13-15-11,1788759252.257,2026-09-07 13:34:12.257,0.401,1
run_20260907_2026-09-07-13-15-11,1788759252.257,2026-09-07 13:34:12.257,0.0,1
run_20260907_2026-09-07-13-15-11,1788759306.656,2026-09-07 13:35:06.656,0.0,1
run_20260907_2026-09-07-13-15-11,1788759307.259,2026-09-07 13:35:07.259,0.402,1
run_20260907_2026-09-07-13-15-11,1788759307.259,2026-09-07 13:35:07.259,0.0,1
run_20260907_2026-09-07-13-15-11,1788759357.651,2026-09-07 13:35:57.651,0.0,1
run_20260907_2026-09-07-13-15-11,1788759358.052,2026-09-07 13:35:58.052,0.401,1
run_20260907_2026-09-07-13-15-11,1788759358.457,2026-09-07 13:35:58.457,0.0,1
run_20260907_2026-09-07-13-15-11,1788759359.259,2026-09-07 13:35:59.259,0.401,1
run_20260907_2026-09-07-13-15-11,1788759359.26,2026-09-07 13:35:59.260,0.001,1
run_20260907_2026-09-07-13-15-11,1788759360.262,2026-09-07 13:36:00.262,0.401,1
run_20260907_2026-09-07-13-15-11,1788759360.263,2026-09-07 13:36:00.263,0.001,1
run_20260907_2026-09-07-13-15-11,1788759361.465,2026-09-07 13:36:01.465,0.401,1
run_20260907_2026-09-07-13-15-11,1788759361.466,2026-09-07 13:36:01.466,0.001,1
run_20260907_2026-09-07-13-15-11,1788759410.653,2026-09-07 13:36:50.653,0.001,1
run_20260907_2026-09-07-13-15-11,1788759411.255,2026-09-07 13:36:51.255,0.401,1
run_20260907_2026-09-07-13-15-11,1788759411.255,2026-09-07 13:36:51.255,0.0,1
run_20260907_2026-09-07-13-15-11,1788759411.656,2026-09-07 13:36:51.656,0.402,1
run_20260907_2026-09-07-13-15-11,1788759411.656,2026-09-07 13:36:51.656,0.0,1
run_20260907_2026-09-07-13-15-11,1788759412.257,2026-09-07 13:36:52.257,0.401,1
run_20260907_2026-09-07-13-15-11,1788759412.258,2026-09-07 13:36:52.258,0.0,1
run_20260907_2026-09-07-13-15-11,1788759413.261,2026-09-07 13:36:53.261,0.401,1
run_20260907_2026-09-07-13-15-11,1788759413.261,2026-09-07 13:36:53.261,0.0,1
run_20260907_2026-09-07-13-15-11,1788759464.657,2026-09-07 13:37:44.657,0.001,1
run_20260907_2026-09-07-13-15-11,1788759465.259,2026-09-07 13:37:45.259,0.402,1
run_20260907_2026-09-07-13-15-11,1788759465.259,2026-09-07 13:37:45.259,0.0,1
run_20260907_2026-09-07-13-15-11,1788759517.658,2026-09-07 13:38:37.658,0.0,1
run_20260907_2026-09-07-13-15-11,1788759518.259,2026-09-07 13:38:38.259,0.401,1
run_20260907_2026-09-07-13-15-11,1788759518.26,2026-09-07 13:38:38.260,0.001,1
run_20260907_2026-09-07-13-15-11,1788759569.657,2026-09-07 13:39:29.657,0.0,1
run_20260907_2026-09-07-13-15-11,1788759570.259,2026-09-07 13:39:30.259,0.401,1
run_20260907_2026-09-07-13-15-11,1788759570.259,2026-09-07 13:39:30.259,0.0,1
run_20260907_2026-09-07-13-15-11,1788759622.455,2026-09-07 13:40:22.455,0.0,1
run_20260907_2026-09-07-13-15-11,1788759623.258,2026-09-07 13:40:23.258,0.401,1
run_20260907_2026-09-07-13-15-11,1788759623.258,2026-09-07 13:40:23.258,0.0,1
run_20260907_2026-09-07-13-15-11,1788759674.452,2026-09-07 13:41:14.452,0.0,1
run_20260907_2026-09-07-13-15-11,1788759675.257,2026-09-07 13:41:15.257,0.404,1
run_20260907_2026-09-07-13-15-11,1788759675.458,2026-09-07 13:41:15.458,0.0,1
run_20260907_2026-09-07-13-15-11,1788759676.261,2026-09-07 13:41:16.261,0.402,1
run_20260907_2026-09-07-13-15-11,1788759676.261,2026-09-07 13:41:16.261,0.0,1
run_20260907_2026-09-07-13-15-11,1788759728.455,2026-09-07 13:42:08.455,0.0,1
run_20260907_2026-09-07-13-15-11,1788759729.257,2026-09-07 13:42:09.257,0.401,1
run_20260907_2026-09-07-13-15-11,1788759729.258,2026-09-07 13:42:09.258,0.001,1
run_20260907_2026-09-07-13-15-11,1788759781.655,2026-09-07 13:43:01.655,0.001,1
run_20260907_2026-09-07-13-15-11,1788759782.257,2026-09-07 13:43:02.257,0.401,1
run_20260907_2026-09-07-13-15-11,1788759782.257,2026-09-07 13:43:02.257,0.0,1
run_20260907_2026-09-07-13-15-11,1788759784.264,2026-09-07 13:43:04.264,0.4,1
run_20260907_2026-09-07-13-15-11,1788759784.264,2026-09-07 13:43:04.264,0.0,1
run_20260907_2026-09-07-13-15-11,1788759833.655,2026-09-07 13:43:53.655,0.001,1
run_20260907_2026-09-07-13-15-11,1788759834.256,2026-09-07 13:43:54.256,0.401,1
run_20260907_2026-09-07-13-15-11,1788759834.457,2026-09-07 13:43:54.457,0.0,1
run_20260907_2026-09-07-13-15-11,1788759835.259,2026-09-07 13:43:55.259,0.401,1
run_20260907_2026-09-07-13-15-11,1788759835.259,2026-09-07 13:43:55.259,0.0,1
run_20260907_2026-09-07-13-15-11,1788759883.852,2026-09-07 13:44:43.852,0.001,1
run_20260907_2026-09-07-13-15-11,1788759884.252,2026-09-07 13:44:44.252,0.401,1
run_20260907_2026-09-07-13-15-11,1788759884.654,2026-09-07 13:44:44.654,0.0,1
run_20260907_2026-09-07-13-15-11,1788759885.256,2026-09-07 13:44:45.256,0.402,1
run_20260907_2026-09-07-13-15-11,1788759885.257,2026-09-07 13:44:45.257,0.0,1
run_20260907_2026-09-07-13-15-11,1788759935.65,2026-09-07 13:45:35.650,0.0,1
run_20260907_2026-09-07-13-15-11,1788759936.051,2026-09-07 13:45:36.051,0.401,1
run_20260907_2026-09-07-13-15-11,1788759936.254,2026-09-07 13:45:36.254,0.0,1
run_20260907_2026-09-07-13-15-11,1788759937.257,2026-09-07 13:45:37.257,0.401,1
run_20260907_2026-09-07-13-15-11,1788759937.258,2026-09-07 13:45:37.258,0.001,1
run_20260907_2026-09-07-13-15-11,1788759988.651,2026-09-07 13:46:28.651,0.0,1
run_20260907_2026-09-07-13-15-11,1788759989.252,2026-09-07 13:46:29.252,0.401,1
run_20260907_2026-09-07-13-15-11,1788759989.454,2026-09-07 13:46:29.454,0.001,1
run_20260907_2026-09-07-13-15-11,1788759990.256,2026-09-07 13:46:30.256,0.401,1
run_20260907_2026-09-07-13-15-11,1788759990.256,2026-09-07 13:46:30.256,0.001,1
run_20260907_2026-09-07-13-15-11,1788760042.25,2026-09-07 13:47:22.250,0.0,1
run_20260907_2026-09-07-13-15-11,1788760043.253,2026-09-07 13:47:23.253,0.401,1
run_20260907_2026-09-07-13-15-11,1788760043.454,2026-09-07 13:47:23.454,0.0,1
run_20260907_2026-09-07-13-15-11,1788760092.651,2026-09-07 13:48:12.651,0.0,1
run_20260907_2026-09-07-13-15-11,1788760093.254,2026-09-07 13:48:13.254,0.402,1
run_20260907_2026-09-07-13-15-11,1788760093.254,2026-09-07 13:48:13.254,0.0,1
run_20260907_2026-09-07-13-15-11,1788760141.454,2026-09-07 13:49:01.454,0.0,1
run_20260907_2026-09-07-13-15-11,1788760142.256,2026-09-07 13:49:02.256,0.401,1
run_20260907_2026-09-07-13-15-11,1788760142.26,2026-09-07 13:49:02.260,0.004,1
run_20260907_2026-09-07-13-15-11,1788760188.456,2026-09-07 13:49:48.456,0.001,1
run_20260907_2026-09-07-13-15-11,1788760189.258,2026-09-07 13:49:49.258,0.401,1
run_20260907_2026-09-07-13-15-11,1788760189.258,2026-09-07 13:49:49.258,0.0,1
run_20260907_2026-09-07-13-15-11,1788760234.651,2026-09-07 13:50:34.651,0.001,1
run_20260907_2026-09-07-13-15-11,1788760235.052,2026-09-07 13:50:35.052,0.401,1
run_20260907_2026-09-07-13-15-11,1788760235.253,2026-09-07 13:50:35.253,0.0,1
run_20260907_2026-09-07-13-15-11,1788760286.851,2026-09-07 13:51:26.851,0.001,1
run_20260907_2026-09-07-13-15-11,1788760287.252,2026-09-07 13:51:27.252,0.401,1
run_20260907_2026-09-07-13-15-11,1788760287.653,2026-09-07 13:51:27.653,0.0,1
run_20260907_2026-09-07-13-15-11,1788760288.257,2026-09-07 13:51:28.257,0.404,1
run_20260907_2026-09-07-13-15-11,1788760288.257,2026-09-07 13:51:28.257,0.0,1
run_20260907_2026-09-07-13-15-11,1788760291.266,2026-09-07 13:51:31.266,0.4,1
run_20260907_2026-09-07-13-15-11,1788760291.266,2026-09-07 13:51:31.266,0.0,1
run_20260907_2026-09-07-13-15-11,1788760340.653,2026-09-07 13:52:20.653,0.0,1
run_20260907_2026-09-07-13-15-11,1788760341.255,2026-09-07 13:52:21.255,0.402,1
run_20260907_2026-09-07-13-15-11,1788760341.255,2026-09-07 13:52:21.255,0.0,1
run_20260907_2026-09-07-13-15-11,1788760342.258,2026-09-07 13:52:22.258,0.401,1
run_20260907_2026-09-07-13-15-11,1788760342.259,2026-09-07 13:52:22.259,0.001,1
run_20260907_2026-09-07-13-15-11,1788760343.462,2026-09-07 13:52:23.462,0.401,1
run_20260907_2026-09-07-13-15-11,1788760343.465,2026-09-07 13:52:23.465,0.003,1
run_20260907_2026-09-07-13-15-11,1788760389.848,2026-09-07 13:53:09.848,0.0,1
run_20260907_2026-09-07-13-15-11,1788760390.248,2026-09-07 13:53:10.248,0.401,1
run_20260907_2026-09-07-13-15-11,1788760390.651,2026-09-07 13:53:10.651,0.001,1
run_20260907_2026-09-07-13-15-11,1788760391.252,2026-09-07 13:53:11.252,0.401,1
run_20260907_2026-09-07-13-15-11,1788760391.252,2026-09-07 13:53:11.252,0.0,1
run_20260907_2026-09-07-13-15-11,1788760443.646,2026-09-07 13:54:03.646,0.0,1
run_20260907_2026-09-07-13-15-11,1788760444.047,2026-09-07 13:54:04.047,0.401,1
run_20260907_2026-09-07-13-15-11,1788760444.249,2026-09-07 13:54:04.249,0.0,1
run_20260907_2026-09-07-13-15-11,1788760444.649,2026-09-07 13:54:04.649,0.401,1
run_20260907_2026-09-07-13-15-11,1788760444.65,2026-09-07 13:54:04.650,0.0,1
run_20260907_2026-09-07-13-15-11,1788760445.051,2026-09-07 13:54:05.051,0.401,1
run_20260907_2026-09-07-13-15-11,1788760445.252,2026-09-07 13:54:05.252,0.0,1
run_20260907_2026-09-07-13-15-11,1788760446.255,2026-09-07 13:54:06.255,0.401,1
run_20260907_2026-09-07-13-15-11,1788760446.456,2026-09-07 13:54:06.456,0.0,1
run_20260907_2026-09-07-13-15-11,1788760497.85,2026-09-07 13:54:57.850,0.0,1
run_20260907_2026-09-07-13-15-11,1788760498.25,2026-09-07 13:54:58.250,0.4,1
run_20260907_2026-09-07-13-15-11,1788760498.652,2026-09-07 13:54:58.652,0.0,1
run_20260907_2026-09-07-13-15-11,1788760499.254,2026-09-07 13:54:59.254,0.401,1
run_20260907_2026-09-07-13-15-11,1788760499.254,2026-09-07 13:54:59.254,0.0,1
run_20260907_2026-09-07-13-15-11,1788760550.648,2026-09-07 13:55:50.648,0.001,1
run_20260907_2026-09-07-13-15-11,1788760551.25,2026-09-07 13:55:51.250,0.401,1
run_20260907_2026-09-07-13-15-11,1788760551.25,2026-09-07 13:55:51.250,0.0,1
run_20260907_2026-09-07-13-15-11,1788760551.65,2026-09-07 13:55:51.650,0.401,1
run_20260907_2026-09-07-13-15-11,1788760551.652,2026-09-07 13:55:51.652,0.002,1
run_20260907_2026-09-07-13-15-11,1788760552.254,2026-09-07 13:55:52.254,0.401,1
run_20260907_2026-09-07-13-15-11,1788760552.254,2026-09-07 13:55:52.254,0.0,1
run_20260907_2026-09-07-13-15-11,1788760603.249,2026-09-07 13:56:43.249,0.0,1
run_20260907_2026-09-07-13-15-11,1788760603.65,2026-09-07 13:56:43.650,0.401,1
run_20260907_2026-09-07-13-15-11,1788760603.65,2026-09-07 13:56:43.650,0.0,1
run_20260907_2026-09-07-13-15-11,1788760604.051,2026-09-07 13:56:44.051,0.401,1
run_20260907_2026-09-07-13-15-11,1788760604.453,2026-09-07 13:56:44.453,0.001,1
run_20260907_2026-09-07-13-15-11,1788760605.255,2026-09-07 13:56:45.255,0.401,1
run_20260907_2026-09-07-13-15-11,1788760605.258,2026-09-07 13:56:45.258,0.003,1
run_20260907_2026-09-07-13-15-11,1788760656.85,2026-09-07 13:57:36.850,0.0,1
run_20260907_2026-09-07-13-15-11,1788760657.251,2026-09-07 13:57:37.251,0.401,1
run_20260907_2026-09-07-13-15-11,1788760657.251,2026-09-07 13:57:37.251,0.0,1
run_20260907_2026-09-07-13-15-11,1788760710.653,2026-09-07 13:58:30.653,0.002,1
run_20260907_2026-09-07-13-15-11,1788760711.254,2026-09-07 13:58:31.254,0.401,1
run_20260907_2026-09-07-13-15-11,1788760711.254,2026-09-07 13:58:31.254,0.0,1
run_20260907_2026-09-07-13-15-11,1788760762.447,2026-09-07 13:59:22.447,0.0,1
run_20260907_2026-09-07-13-15-11,1788760763.048,2026-09-07 13:59:23.048,0.401,1
run_20260907_2026-09-07-13-15-11,1788760763.45,2026-09-07 13:59:23.450,0.0,1
run_20260907_2026-09-07-13-15-11,1788760763.85,2026-09-07 13:59:23.850,0.401,1
run_20260907_2026-09-07-13-15-11,1788760763.851,2026-09-07 13:59:23.851,0.0,1
run_20260907_2026-09-07-13-15-11,1788760764.252,2026-09-07 13:59:24.252,0.401,1
run_20260907_2026-09-07-13-15-11,1788760764.252,2026-09-07 13:59:24.252,0.001,1
run_20260907_2026-09-07-13-15-11,1788760817.249,2026-09-07 14:00:17.249,0.001,1
run_20260907_2026-09-07-13-15-11,1788760817.65,2026-09-07 14:00:17.650,0.401,1
run_20260907_2026-09-07-13-15-11,1788760817.651,2026-09-07 14:00:17.651,0.001,1
run_20260907_2026-09-07-13-15-11,1788760818.253,2026-09-07 14:00:18.253,0.401,1
run_20260907_2026-09-07-13-15-11,1788760818.253,2026-09-07 14:00:18.253,0.0,1
run_20260907_2026-09-07-13-15-11,1788760819.256,2026-09-07 14:00:19.256,0.401,1
run_20260907_2026-09-07-13-15-11,1788760819.256,2026-09-07 14:00:19.256,0.0,1
run_20260907_2026-09-07-13-15-11,1788760869.851,2026-09-07 14:01:09.851,0.001,1
run_20260907_2026-09-07-13-15-11,1788760870.252,2026-09-07 14:01:10.252,0.401,1
run_20260907_2026-09-07-13-15-11,1788760870.252,2026-09-07 14:01:10.252,0.0,1
run_20260907_2026-09-07-13-15-11,1788760871.256,2026-09-07 14:01:11.256,0.401,1
run_20260907_2026-09-07-13-15-11,1788760871.256,2026-09-07 14:01:11.256,0.0,1
run_20260907_2026-09-07-13-15-11,1788760922.651,2026-09-07 14:02:02.651,0.0,1
run_20260907_2026-09-07-13-15-11,1788760923.252,2026-09-07 14:02:03.252,0.401,1
run_20260907_2026-09-07-13-15-11,1788760923.253,2026-09-07 14:02:03.253,0.001,1
run_20260907_2026-09-07-13-15-11,1788760924.256,2026-09-07 14:02:04.256,0.401,1
run_20260907_2026-09-07-13-15-11,1788760924.257,2026-09-07 14:02:04.257,0.001,1
run_20260907_2026-09-07-13-15-11,1788760975.848,2026-09-07 14:02:55.848,0.0,1
run_20260907_2026-09-07-13-15-11,1788760976.248,2026-09-07 14:02:56.248,0.401,1
run_20260907_2026-09-07-13-15-11,1788760976.65,2026-09-07 14:02:56.650,0.0,1
run_20260907_2026-09-07-13-15-11,1788760977.251,2026-09-07 14:02:57.251,0.401,1
run_20260907_2026-09-07-13-15-11,1788760977.455,2026-09-07 14:02:57.455,0.003,1
run_20260907_2026-09-07-13-15-11,1788760978.257,2026-09-07 14:02:58.257,0.401,1
run_20260907_2026-09-07-13-15-11,1788760978.257,2026-09-07 14:02:58.257,0.0,1
run_20260907_2026-09-07-13-15-11,1788760979.461,2026-09-07 14:02:59.461,0.402,1
run_20260907_2026-09-07-13-15-11,1788760979.461,2026-09-07 14:02:59.461,0.0,1
run_20260907_2026-09-07-13-15-11,1788760990.296,2026-09-07 14:03:10.296,1.202,1
run_20260907_2026-09-07-13-15-11,1788760991.098,2026-09-07 14:03:11.098,0.601,0
run_20260907_2026-09-07-13-15-11,1788760992.701,2026-09-07 14:03:12.701,1.001,1
run_20260907_2026-09-07-13-15-11,1788760996.314,2026-09-07 14:03:16.314,1.402,1
run_20260907_2026-09-07-13-15-11,1788760998.922,2026-09-07 14:03:18.922,1.002,1
run_20260907_2026-09-07-13-15-11,1788761029.247,2026-09-07 14:03:49.247,0.0,1
run_20260907_2026-09-07-13-15-11,1788761029.647,2026-09-07 14:03:49.647,0.401,1
run_20260907_2026-09-07-13-15-11,1788761029.848,2026-09-07 14:03:49.848,0.0,1
run_20260907_2026-09-07-13-15-11,1788761030.248,2026-09-07 14:03:50.248,0.4,1
run_20260907_2026-09-07-13-15-11,1788761030.65,2026-09-07 14:03:50.650,0.0,1
run_20260907_2026-09-07-13-15-11,1788761031.252,2026-09-07 14:03:51.252,0.401,1
run_20260907_2026-09-07-13-15-11,1788761031.252,2026-09-07 14:03:51.252,0.001,1
run_20260907_2026-09-07-13-15-11,1788761032.255,2026-09-07 14:03:52.255,0.401,1
run_20260907_2026-09-07-13-15-11,1788761032.256,2026-09-07 14:03:52.256,0.001,1
run_20260907_2026-09-07-13-15-11,1788761084.652,2026-09-07 14:04:44.652,0.0,1
run_20260907_2026-09-07-13-15-11,1788761085.253,2026-09-07 14:04:45.253,0.401,1
run_20260907_2026-09-07-13-15-11,1788761085.253,2026-09-07 14:04:45.253,0.0,1
run_20260907_2026-09-07-13-15-11,1788761086.256,2026-09-07 14:04:46.256,0.401,1
run_20260907_2026-09-07-13-15-11,1788761086.256,2026-09-07 14:04:46.256,0.0,1
run_20260907_2026-09-07-13-15-11,1788761136.652,2026-09-07 14:05:36.652,0.001,1
run_20260907_2026-09-07-13-15-11,1788761137.254,2026-09-07 14:05:37.254,0.401,1
run_20260907_2026-09-07-13-15-11,1788761137.254,2026-09-07 14:05:37.254,0.0,1
run_20260907_2026-09-07-13-15-11,1788761188.447,2026-09-07 14:06:28.447,0.0,1
run_20260907_2026-09-07-13-15-11,1788761188.849,2026-09-07 14:06:28.849,0.401,1
run_20260907_2026-09-07-13-15-11,1788761189.45,2026-09-07 14:06:29.450,0.0,1
run_20260907_2026-09-07-13-15-11,1788761190.256,2026-09-07 14:06:30.256,0.404,1
run_20260907_2026-09-07-13-15-11,1788761190.256,2026-09-07 14:06:30.256,0.0,1
run_20260907_2026-09-07-13-15-11,1788761241.25,2026-09-07 14:07:21.250,0.001,1
run_20260907_2026-09-07-13-15-11,1788761241.65,2026-09-07 14:07:21.650,0.401,1
run_20260907_2026-09-07-13-15-11,1788761241.851,2026-09-07 14:07:21.851,0.001,1
run_20260907_2026-09-07-13-15-11,1788761242.252,2026-09-07 14:07:22.252,0.401,1
run_20260907_2026-09-07-13-15-11,1788761242.253,2026-09-07 14:07:22.253,0.001,1
run_20260907_2026-09-07-13-15-11,1788761244.459,2026-09-07 14:07:24.459,0.401,1
run_20260907_2026-09-07-13-15-11,1788761244.461,2026-09-07 14:07:24.461,0.001,1
run_20260907_2026-09-07-13-15-11,1788761294.85,2026-09-07 14:08:14.850,0.0,1
run_20260907_2026-09-07-13-15-11,1788761295.251,2026-09-07 14:08:15.251,0.401,1
run_20260907_2026-09-07-13-15-11,1788761295.251,2026-09-07 14:08:15.251,0.0,1
run_20260907_2026-09-07-13-15-11,1788761295.652,2026-09-07 14:08:15.652,0.401,1
run_20260907_2026-09-07-13-15-11,1788761295.655,2026-09-07 14:08:15.655,0.003,1
run_20260907_2026-09-07-13-15-11,1788761297.46,2026-09-07 14:08:17.460,0.401,1
run_20260907_2026-09-07-13-15-11,1788761297.46,2026-09-07 14:08:17.460,0.001,1
run_20260907_2026-09-07-13-15-11,1788761347.25,2026-09-07 14:09:07.250,0.0,1
run_20260907_2026-09-07-13-15-11,1788761347.65,2026-09-07 14:09:07.650,0.401,1
run_20260907_2026-09-07-13-15-11,1788761347.65,2026-09-07 14:09:07.650,0.0,1
run_20260907_2026-09-07-13-15-11,1788761348.051,2026-09-07 14:09:08.051,0.401,1
run_20260907_2026-09-07-13-15-11,1788761348.453,2026-09-07 14:09:08.453,0.0,1
run_20260907_2026-09-07-13-15-11,1788761349.255,2026-09-07 14:09:09.255,0.401,1
run_20260907_2026-09-07-13-15-11,1788761349.457,2026-09-07 14:09:09.457,0.0,1
run_20260907_2026-09-07-13-15-11,1788761400.248,2026-09-07 14:10:00.248,0.0,1
run_20260907_2026-09-07-13-15-11,1788761400.649,2026-09-07 14:10:00.649,0.401,1
run_20260907_2026-09-07-13-15-11,1788761401.251,2026-09-07 14:10:01.251,0.0,1
run_20260907_2026-09-07-13-15-11,1788761403.461,2026-09-07 14:10:03.461,0.401,1
run_20260907_2026-09-07-13-15-11,1788761403.461,2026-09-07 14:10:03.461,0.0,1
run_20260907_2026-09-07-13-15-11,1788761454.652,2026-09-07 14:10:54.652,0.0,1
run_20260907_2026-09-07-13-15-11,1788761455.254,2026-09-07 14:10:55.254,0.401,1
run_20260907_2026-09-07-13-15-11,1788761455.254,2026-09-07 14:10:55.254,0.0,1
run_20260907_2026-09-07-13-15-11,1788761508.652,2026-09-07 14:11:48.652,0.0,1
run_20260907_2026-09-07-13-15-11,1788761509.253,2026-09-07 14:11:49.253,0.401,1
run_20260907_2026-09-07-13-15-11,1788761509.254,2026-09-07 14:11:49.254,0.001,1
run_20260907_2026-09-07-13-15-11,1788761562.251,2026-09-07 14:12:42.251,0.0,1
run_20260907_2026-09-07-13-15-11,1788761562.652,2026-09-07 14:12:42.652,0.401,1
run_20260907_2026-09-07-13-15-11,1788761562.654,2026-09-07 14:12:42.654,0.002,1
run_20260907_2026-09-07-13-15-11,1788761563.256,2026-09-07 14:12:43.256,0.401,1
run_20260907_2026-09-07-13-15-11,1788761563.256,2026-09-07 14:12:43.256,0.0,1
run_20260907_2026-09-07-13-15-11,1788761615.652,2026-09-07 14:13:35.652,0.0,1
run_20260907_2026-09-07-13-15-11,1788761616.254,2026-09-07 14:13:36.254,0.402,1
run_20260907_2026-09-07-13-15-11,1788761616.254,2026-09-07 14:13:36.254,0.0,1
run_20260907_2026-09-07-13-15-11,1788761668.649,2026-09-07 14:14:28.649,0.0,1
run_20260907_2026-09-07-13-15-11,1788761669.05,2026-09-07 14:14:29.050,0.401,1
run_20260907_2026-09-07-13-15-11,1788761669.452,2026-09-07 14:14:29.452,0.0,1
run_20260907_2026-09-07-13-15-11,1788761670.254,2026-09-07 14:14:30.254,0.401,1
run_20260907_2026-09-07-13-15-11,1788761670.255,2026-09-07 14:14:30.255,0.001,1
run_20260907_2026-09-07-13-15-11,1788761722.247,2026-09-07 14:15:22.247,0.0,1
run_20260907_2026-09-07-13-15-11,1788761722.647,2026-09-07 14:15:22.647,0.401,1
run_20260907_2026-09-07-13-15-11,1788761722.648,2026-09-07 14:15:22.648,0.001,1
run_20260907_2026-09-07-13-15-11,1788761723.249,2026-09-07 14:15:23.249,0.4,1
run_20260907_2026-09-07-13-15-11,1788761723.249,2026-09-07 14:15:23.249,0.0,1
run_20260907_2026-09-07-13-15-11,1788761774.648,2026-09-07 14:16:14.648,0.0,1
run_20260907_2026-09-07-13-15-11,1788761775.251,2026-09-07 14:16:15.251,0.401,1
run_20260907_2026-09-07-13-15-11,1788761775.251,2026-09-07 14:16:15.251,0.0,1
run_20260907_2026-09-07-13-15-11,1788761827.645,2026-09-07 14:17:07.645,0.0,1
run_20260907_2026-09-07-13-15-11,1788761828.246,2026-09-07 14:17:08.246,0.401,1
run_20260907_2026-09-07-13-15-11,1788761828.247,2026-09-07 14:17:08.247,0.001,1
run_20260907_2026-09-07-13-15-11,1788761829.249,2026-09-07 14:17:09.249,0.401,1
run_20260907_2026-09-07-13-15-11,1788761829.252,2026-09-07 14:17:09.252,0.003,1
run_20260907_2026-09-07-13-15-11,1788761879.646,2026-09-07 14:17:59.646,0.0,1
run_20260907_2026-09-07-13-15-11,1788761880.046,2026-09-07 14:18:00.046,0.401,1
run_20260907_2026-09-07-13-15-11,1788761880.448,2026-09-07 14:18:00.448,0.001,1
run_20260907_2026-09-07-13-15-11,1788761881.25,2026-09-07 14:18:01.250,0.401,1
run_20260907_2026-09-07-13-15-11,1788761881.25,2026-09-07 14:18:01.250,0.0,1
run_20260907_2026-09-07-13-15-11,1788761883.457,2026-09-07 14:18:03.457,0.401,1
run_20260907_2026-09-07-13-15-11,1788761883.458,2026-09-07 14:18:03.458,0.001,1
run_20260907_2026-09-07-14-19-47,1788762025.244,2026-09-07 14:20:25.244,0.0,1
run_20260907_2026-09-07-14-19-47,1788762025.645,2026-09-07 14:20:25.645,0.401,1
run_20260907_2026-09-07-14-19-47,1788762025.645,2026-09-07 14:20:25.645,0.0,1
run_20260907_2026-09-07-14-19-47,1788762026.246,2026-09-07 14:20:26.246,0.401,1
run_20260907_2026-09-07-14-19-47,1788762026.247,2026-09-07 14:20:26.247,0.001,1
run_20260907_2026-09-07-14-19-47,1788762027.249,2026-09-07 14:20:27.249,0.401,1
run_20260907_2026-09-07-14-19-47,1788762027.25,2026-09-07 14:20:27.250,0.0,1
run_20260907_2026-09-07-14-19-47,1788762080.642,2026-09-07 14:21:20.642,0.0,1
run_20260907_2026-09-07-14-19-47,1788762081.042,2026-09-07 14:21:21.042,0.4,1
run_20260907_2026-09-07-14-19-47,1788762081.645,2026-09-07 14:21:21.645,0.0,1
run_20260907_2026-09-07-14-19-47,1788762082.246,2026-09-07 14:21:22.246,0.4,1
run_20260907_2026-09-07-14-19-47,1788762082.246,2026-09-07 14:21:22.246,0.0,1
run_20260907_2026-09-07-14-19-47,1788762133.843,2026-09-07 14:22:13.843,0.0,1
run_20260907_2026-09-07-14-19-47,1788762134.244,2026-09-07 14:22:14.244,0.401,1
run_20260907_2026-09-07-14-19-47,1788762134.645,2026-09-07 14:22:14.645,0.001,1
run_20260907_2026-09-07-14-19-47,1788762135.246,2026-09-07 14:22:15.246,0.401,1
run_20260907_2026-09-07-14-19-47,1788762135.247,2026-09-07 14:22:15.247,0.0,1
run_20260907_2026-09-07-14-19-47,1788762187.241,2026-09-07 14:23:07.241,0.0,1
run_20260907_2026-09-07-14-19-47,1788762187.642,2026-09-07 14:23:07.642,0.401,1
run_20260907_2026-09-07-14-19-47,1788762187.642,2026-09-07 14:23:07.642,0.0,1
run_20260907_2026-09-07-14-19-47,1788762188.042,2026-09-07 14:23:08.042,0.401,1
run_20260907_2026-09-07-14-19-47,1788762188.444,2026-09-07 14:23:08.444,0.0,1
run_20260907_2026-09-07-14-19-47,1788762189.246,2026-09-07 14:23:09.246,0.401,1
run_20260907_2026-09-07-14-19-47,1788762189.448,2026-09-07 14:23:09.448,0.0,1
run_20260907_2026-09-07-14-19-47,1788762240.844,2026-09-07 14:24:00.844,0.0,1
run_20260907_2026-09-07-14-19-47,1788762241.245,2026-09-07 14:24:01.245,0.4,1
run_20260907_2026-09-07-14-19-47,1788762241.245,2026-09-07 14:24:01.245,0.0,1
run_20260907_2026-09-07-14-19-47,1788762242.247,2026-09-07 14:24:02.247,0.401,1
run_20260907_2026-09-07-14-19-47,1788762242.247,2026-09-07 14:24:02.247,0.0,1
run_20260907_2026-09-07-14-19-47,1788762293.645,2026-09-07 14:24:53.645,0.001,1
run_20260907_2026-09-07-14-19-47,1788762294.246,2026-09-07 14:24:54.246,0.4,1
run_20260907_2026-09-07-14-19-47,1788762294.246,2026-09-07 14:24:54.246,0.0,1
run_20260907_2026-09-07-14-19-47,1788762344.639,2026-09-07 14:25:44.639,0.0,1
run_20260907_2026-09-07-14-19-47,1788762345.244,2026-09-07 14:25:45.244,0.404,1
run_20260907_2026-09-07-14-19-47,1788762345.244,2026-09-07 14:25:45.244,0.0,1
run_20260907_2026-09-07-14-19-47,1788762346.246,2026-09-07 14:25:46.246,0.401,1
run_20260907_2026-09-07-14-19-47,1788762346.246,2026-09-07 14:25:46.246,0.0,1
run_20260907_2026-09-07-14-19-47,1788762395.239,2026-09-07 14:26:35.239,0.0,1
run_20260907_2026-09-07-14-19-47,1788762395.64,2026-09-07 14:26:35.640,0.401,1
run_20260907_2026-09-07-14-19-47,1788762395.64,2026-09-07 14:26:35.640,0.0,1
run_20260907_2026-09-07-14-19-47,1788762396.04,2026-09-07 14:26:36.040,0.4,1
run_20260907_2026-09-07-14-19-47,1788762396.242,2026-09-07 14:26:36.242,0.001,1
run_20260907_2026-09-07-14-19-47,1788762397.244,2026-09-07 14:26:37.244,0.401,1
run_20260907_2026-09-07-14-19-47,1788762397.245,2026-09-07 14:26:37.245,0.001,1
run_20260907_2026-09-07-14-19-47,1788762447.24,2026-09-07 14:27:27.240,0.0,1
run_20260907_2026-09-07-14-19-47,1788762447.641,2026-09-07 14:27:27.641,0.401,1
run_20260907_2026-09-07-14-19-47,1788762447.642,2026-09-07 14:27:27.642,0.001,1
run_20260907_2026-09-07-14-19-47,1788762448.243,2026-09-07 14:27:28.243,0.401,1
run_20260907_2026-09-07-14-19-47,1788762448.243,2026-09-07 14:27:28.243,0.0,1
run_20260907_2026-09-07-14-19-47,1788762498.237,2026-09-07 14:28:18.237,0.0,1
run_20260907_2026-09-07-14-19-47,1788762498.638,2026-09-07 14:28:18.638,0.401,1
run_20260907_2026-09-07-14-19-47,1788762498.638,2026-09-07 14:28:18.638,0.0,1
run_20260907_2026-09-07-14-19-47,1788762499.241,2026-09-07 14:28:19.241,0.401,1
run_20260907_2026-09-07-14-19-47,1788762499.241,2026-09-07 14:28:19.241,0.0,1
run_20260907_2026-09-07-14-19-47,1788762540.801,2026-09-07 14:29:00.801,0.401,1
run_20260907_2026-09-07-14-19-47,1788762549.639,2026-09-07 14:29:09.639,0.0,1
run_20260907_2026-09-07-14-19-47,1788762550.04,2026-09-07 14:29:10.040,0.401,1
run_20260907_2026-09-07-14-19-47,1788762550.241,2026-09-07 14:29:10.241,0.0,1
run_20260907_2026-09-07-14-19-47,1788762551.244,2026-09-07 14:29:11.244,0.401,1
run_20260907_2026-09-07-14-19-47,1788762551.247,2026-09-07 14:29:11.247,0.003,1
run_20260907_2026-09-07-14-19-47,1788762601.64,2026-09-07 14:30:01.640,0.0,1
run_20260907_2026-09-07-14-19-47,1788762602.241,2026-09-07 14:30:02.241,0.401,1
run_20260907_2026-09-07-14-19-47,1788762602.443,2026-09-07 14:30:02.443,0.001,1
run_20260907_2026-09-07-14-19-47,1788762653.237,2026-09-07 14:30:53.237,0.0,1
run_20260907_2026-09-07-14-19-47,1788762653.638,2026-09-07 14:30:53.638,0.401,1
run_20260907_2026-09-07-14-19-47,1788762653.639,2026-09-07 14:30:53.639,0.001,1
run_20260907_2026-09-07-14-19-47,1788762654.04,2026-09-07 14:30:54.040,0.401,1
run_20260907_2026-09-07-14-19-47,1788762654.241,2026-09-07 14:30:54.241,0.0,1
run_20260907_2026-09-07-14-19-47,1788762704.637,2026-09-07 14:31:44.637,0.0,1
run_20260907_2026-09-07-14-19-47,1788762705.24,2026-09-07 14:31:45.240,0.401,1
run_20260907_2026-09-07-14-19-47,1788762705.441,2026-09-07 14:31:45.441,0.001,1
run_20260907_2026-09-07-14-19-47,1788762706.243,2026-09-07 14:31:46.243,0.401,1
run_20260907_2026-09-07-14-19-47,1788762706.244,2026-09-07 14:31:46.244,0.0,1
run_20260907_2026-09-07-14-19-47,1788762756.639,2026-09-07 14:32:36.639,0.0,1
run_20260907_2026-09-07-14-19-47,1788762757.24,2026-09-07 14:32:37.240,0.401,1
run_20260907_2026-09-07-14-19-47,1788762757.243,2026-09-07 14:32:37.243,0.003,1
run_20260907_2026-09-07-14-19-47,1788762807.64,2026-09-07 14:33:27.640,0.001,1
run_20260907_2026-09-07-14-19-47,1788762808.241,2026-09-07 14:33:28.241,0.401,1
run_20260907_2026-09-07-14-19-47,1788762808.442,2026-09-07 14:33:28.442,0.001,1
run_20260907_2026-09-07-14-19-47,1788762860.639,2026-09-07 14:34:20.639,0.001,1
run_20260907_2026-09-07-14-19-47,1788762861.24,2026-09-07 14:34:21.240,0.401,1
run_20260907_2026-09-07-14-19-47,1788762861.24,2026-09-07 14:34:21.240,0.0,1
run_20260907_2026-09-07-14-19-47,1788762911.638,2026-09-07 14:35:11.638,0.0,1
run_20260907_2026-09-07-14-19-47,1788762912.24,2026-09-07 14:35:12.240,0.401,1
run_20260907_2026-09-07-14-19-47,1788762912.441,2026-09-07 14:35:12.441,0.0,1
run_20260907_2026-09-07-14-19-47,1788762962.637,2026-09-07 14:36:02.637,0.0,1
run_20260907_2026-09-07-14-19-47,1788762963.038,2026-09-07 14:36:03.038,0.401,1
run_20260907_2026-09-07-14-19-47,1788762963.241,2026-09-07 14:36:03.241,0.0,1
run_20260907_2026-09-07-14-19-47,1788763015.237,2026-09-07 14:36:55.237,0.001,1
run_20260907_2026-09-07-14-19-47,1788763015.639,2026-09-07 14:36:55.639,0.401,1
run_20260907_2026-09-07-14-19-47,1788763015.639,2026-09-07 14:36:55.639,0.0,1
run_20260907_2026-09-07-14-19-47,1788763016.24,2026-09-07 14:36:56.240,0.401,1
run_20260907_2026-09-07-14-19-47,1788763016.241,2026-09-07 14:36:56.241,0.001,1
run_20260907_2026-09-07-14-19-47,1788763017.244,2026-09-07 14:36:57.244,0.401,1
run_20260907_2026-09-07-14-19-47,1788763017.245,2026-09-07 14:36:57.245,0.001,1
run_20260907_2026-09-07-14-19-47,1788763065.234,2026-09-07 14:37:45.234,0.0,1
run_20260907_2026-09-07-14-19-47,1788763065.635,2026-09-07 14:37:45.635,0.4,1
run_20260907_2026-09-07-14-19-47,1788763066.439,2026-09-07 14:37:46.439,0.001,1
run_20260907_2026-09-07-14-19-47,1788763067.242,2026-09-07 14:37:47.242,0.401,1
run_20260907_2026-09-07-14-19-47,1788763067.443,2026-09-07 14:37:47.443,0.001,1
run_20260907_2026-09-07-14-19-47,1788763115.639,2026-09-07 14:38:35.639,0.0,1
run_20260907_2026-09-07-14-19-47,1788763116.241,2026-09-07 14:38:36.241,0.402,1
run_20260907_2026-09-07-14-19-47,1788763116.241,2026-09-07 14:38:36.241,0.0,1
run_20260907_2026-09-07-14-19-47,1788763164.638,2026-09-07 14:39:24.638,0.0,1
run_20260907_2026-09-07-14-19-47,1788763165.24,2026-09-07 14:39:25.240,0.401,1
run_20260907_2026-09-07-14-19-47,1788763165.241,2026-09-07 14:39:25.241,0.001,1
run_20260907_2026-09-07-14-19-47,1788763214.639,2026-09-07 14:40:14.639,0.0,1
run_20260907_2026-09-07-14-19-47,1788763215.24,2026-09-07 14:40:15.240,0.401,1
run_20260907_2026-09-07-14-19-47,1788763215.241,2026-09-07 14:40:15.241,0.0,1
run_20260907_2026-09-07-14-19-47,1788763264.639,2026-09-07 14:41:04.639,0.003,1
run_20260907_2026-09-07-14-19-47,1788763312.433,2026-09-07 14:41:52.433,0.0,1
run_20260907_2026-09-07-14-19-47,1788763312.834,2026-09-07 14:41:52.834,0.401,1
run_20260907_2026-09-07-14-19-47,1788763313.437,2026-09-07 14:41:53.437,0.0,1
run_20260907_2026-09-07-14-19-47,1788763314.239,2026-09-07 14:41:54.239,0.401,1
run_20260907_2026-09-07-14-19-47,1788763314.239,2026-09-07 14:41:54.239,0.0,1
run_20260907_2026-09-07-14-19-47,1788763314.64,2026-09-07 14:41:54.640,0.401,1
run_20260907_2026-09-07-14-19-47,1788763314.641,2026-09-07 14:41:54.641,0.0,1
run_20260907_2026-09-07-14-19-47,1788763360.833,2026-09-07 14:42:40.833,0.0,1
run_20260907_2026-09-07-14-19-47,1788763361.234,2026-09-07 14:42:41.234,0.401,1
run_20260907_2026-09-07-14-19-47,1788763361.235,2026-09-07 14:42:41.235,0.001,1
run_20260907_2026-09-07-14-19-47,1788763361.637,2026-09-07 14:42:41.637,0.401,1
run_20260907_2026-09-07-14-19-47,1788763361.637,2026-09-07 14:42:41.637,0.0,1
run_20260907_2026-09-07-14-19-47,1788763362.238,2026-09-07 14:42:42.238,0.401,1
run_20260907_2026-09-07-14-19-47,1788763362.239,2026-09-07 14:42:42.239,0.001,1
run_20260907_2026-09-07-14-19-47,1788763362.64,2026-09-07 14:42:42.640,0.401,1
run_20260907_2026-09-07-14-19-47,1788763362.64,2026-09-07 14:42:42.640,0.0,1
run_20260907_2026-09-07-14-19-47,1788763411.634,2026-09-07 14:43:31.634,0.0,1
run_20260907_2026-09-07-14-19-47,1788763412.035,2026-09-07 14:43:32.035,0.401,1
run_20260907_2026-09-07-14-19-47,1788763412.437,2026-09-07 14:43:32.437,0.001,1
run_20260907_2026-09-07-14-19-47,1788763461.834,2026-09-07 14:44:21.834,0.0,1
run_20260907_2026-09-07-14-19-47,1788763462.235,2026-09-07 14:44:22.235,0.401,1
run_20260907_2026-09-07-14-19-47,1788763462.235,2026-09-07 14:44:22.235,0.0,1
run_20260907_2026-09-07-14-19-47,1788763463.239,2026-09-07 14:44:23.239,0.401,1
run_20260907_2026-09-07-14-19-47,1788763463.239,2026-09-07 14:44:23.239,0.0,1
run_20260907_2026-09-07-14-19-47,1788763511.632,2026-09-07 14:45:11.632,0.0,1
run_20260907_2026-09-07-14-19-47,1788763512.234,2026-09-07 14:45:12.234,0.401,1
run_20260907_2026-09-07-14-19-47,1788763512.435,2026-09-07 14:45:12.435,0.0,1
run_20260907_2026-09-07-14-19-47,1788763513.238,2026-09-07 14:45:13.238,0.401,1
run_20260907_2026-09-07-14-19-47,1788763513.238,2026-09-07 14:45:13.238,0.0,1
run_20260907_2026-09-07-14-19-47,1788763513.639,2026-09-07 14:45:13.639,0.401,1
run_20260907_2026-09-07-14-19-47,1788763513.639,2026-09-07 14:45:13.639,0.0,1
run_20260907_2026-09-07-14-19-47,1788763561.235,2026-09-07 14:46:01.235,0.0,1
run_20260907_2026-09-07-14-19-47,1788763561.635,2026-09-07 14:46:01.635,0.4,1
run_20260907_2026-09-07-14-19-47,1788763561.636,2026-09-07 14:46:01.636,0.0,1
run_20260907_2026-09-07-14-19-47,1788763562.237,2026-09-07 14:46:02.237,0.401,1
run_20260907_2026-09-07-14-19-47,1788763562.239,2026-09-07 14:46:02.239,0.001,1
run_20260907_2026-09-07-14-19-47,1788763611.635,2026-09-07 14:46:51.635,0.0,1
run_20260907_2026-09-07-14-19-47,1788763612.237,2026-09-07 14:46:52.237,0.401,1
run_20260907_2026-09-07-14-19-47,1788763612.237,2026-09-07 14:46:52.237,0.0,1
run_20260907_2026-09-07-14-19-47,1788763613.24,2026-09-07 14:46:53.240,0.401,1
run_20260907_2026-09-07-14-19-47,1788763613.24,2026-09-07 14:46:53.240,0.0,1
run_20260907_2026-09-07-14-19-47,1788763662.238,2026-09-07 14:47:42.238,0.0,1
run_20260907_2026-09-07-14-19-47,1788763663.241,2026-09-07 14:47:43.241,0.401,1
run_20260907_2026-09-07-14-19-47,1788763663.241,2026-09-07 14:47:43.241,0.0,1
run_20260907_2026-09-07-14-19-47,1788763712.44,2026-09-07 14:48:32.440,0.001,1
run_20260907_2026-09-07-14-19-47,1788763713.243,2026-09-07 14:48:33.243,0.402,1
run_20260907_2026-09-07-14-19-47,1788763713.243,2026-09-07 14:48:33.243,0.0,1
run_20260907_2026-09-07-14-19-47,1788763762.237,2026-09-07 14:49:22.237,0.0,1
run_20260907_2026-09-07-14-19-47,1788763762.638,2026-09-07 14:49:22.638,0.401,1
run_20260907_2026-09-07-14-19-47,1788763762.638,2026-09-07 14:49:22.638,0.0,1
run_20260907_2026-09-07-14-19-47,1788763763.239,2026-09-07 14:49:23.239,0.401,1
run_20260907_2026-09-07-14-19-47,1788763763.24,2026-09-07 14:49:23.240,0.001,1
run_20260907_2026-09-07-14-19-47,1788763764.243,2026-09-07 14:49:24.243,0.401,1
run_20260907_2026-09-07-14-19-47,1788763764.244,2026-09-07 14:49:24.244,0.001,1
run_20260907_2026-09-07-14-19-47,1788763813.641,2026-09-07 14:50:13.641,0.0,1
run_20260907_2026-09-07-14-19-47,1788763814.042,2026-09-07 14:50:14.042,0.401,1
run_20260907_2026-09-07-14-19-47,1788763814.444,2026-09-07 14:50:14.444,0.001,1
run_20260907_2026-09-07-14-19-47,1788763815.246,2026-09-07 14:50:15.246,0.401,1
run_20260907_2026-09-07-14-19-47,1788763815.246,2026-09-07 14:50:15.246,0.0,1
run_20260907_2026-09-07-14-19-47,1788763817.653,2026-09-07 14:50:17.653,0.401,1
run_20260907_2026-09-07-14-19-47,1788763817.656,2026-09-07 14:50:17.656,0.003,1
run_20260907_2026-09-07-14-19-47,1788763864.845,2026-09-07 14:51:04.845,0.001,1
run_20260907_2026-09-07-14-19-47,1788763865.246,2026-09-07 14:51:05.246,0.401,1
run_20260907_2026-09-07-14-19-47,1788763865.246,2026-09-07 14:51:05.246,0.0,1
run_20260907_2026-09-07-15-27-57,1788766124.646,2026-09-07 15:28:44.646,0.0,1
run_20260907_2026-09-07-15-27-57,1788766125.248,2026-09-07 15:28:45.248,0.401,1
run_20260907_2026-09-07-15-27-57,1788766125.248,2026-09-07 15:28:45.248,0.001,1
run_20260907_2026-09-07-15-27-57,1788766125.649,2026-09-07 15:28:45.649,0.401,1
run_20260907_2026-09-07-15-27-57,1788766125.649,2026-09-07 15:28:45.649,0.0,1
run_20260907_2026-09-07-15-27-57,1788766126.251,2026-09-07 15:28:46.251,0.401,1
run_20260907_2026-09-07-15-27-57,1788766126.251,2026-09-07 15:28:46.251,0.0,1
run_20260907_2026-09-07-15-27-57,1788766127.253,2026-09-07 15:28:47.253,0.401,1
run_20260907_2026-09-07-15-27-57,1788766127.253,2026-09-07 15:28:47.253,0.001,1
run_20260907_2026-09-07-15-27-57,1788766182.845,2026-09-07 15:29:42.845,0.0,1
run_20260907_2026-09-07-15-27-57,1788766183.246,2026-09-07 15:29:43.246,0.401,1
run_20260907_2026-09-07-15-27-57,1788766183.246,2026-09-07 15:29:43.246,0.0,1
run_20260907_2026-09-07-15-27-57,1788766183.647,2026-09-07 15:29:43.647,0.4,1
run_20260907_2026-09-07-15-27-57,1788766183.65,2026-09-07 15:29:43.650,0.003,1
run_20260907_2026-09-07-15-27-57,1788766184.251,2026-09-07 15:29:44.251,0.401,1
run_20260907_2026-09-07-15-27-57,1788766184.251,2026-09-07 15:29:44.251,0.0,1
run_20260907_2026-09-07-15-27-57,1788766234.244,2026-09-07 15:30:34.244,0.0,1
run_20260907_2026-09-07-15-27-57,1788766234.645,2026-09-07 15:30:34.645,0.401,1
run_20260907_2026-09-07-15-27-57,1788766234.645,2026-09-07 15:30:34.645,0.0,1
run_20260907_2026-09-07-15-27-57,1788766235.247,2026-09-07 15:30:35.247,0.402,1
run_20260907_2026-09-07-15-27-57,1788766235.247,2026-09-07 15:30:35.247,0.0,1
run_20260907_2026-09-07-15-27-57,1788766236.251,2026-09-07 15:30:36.251,0.401,1
run_20260907_2026-09-07-15-27-57,1788766236.251,2026-09-07 15:30:36.251,0.0,1
run_20260907_2026-09-07-15-27-57,1788766284.848,2026-09-07 15:31:24.848,0.0,1
run_20260907_2026-09-07-15-27-57,1788766285.249,2026-09-07 15:31:25.249,0.401,1
run_20260907_2026-09-07-15-27-57,1788766285.25,2026-09-07 15:31:25.250,0.001,1
run_20260907_2026-09-07-15-27-57,1788766335.646,2026-09-07 15:32:15.646,0.0,1
run_20260907_2026-09-07-15-27-57,1788766336.247,2026-09-07 15:32:16.247,0.401,1
run_20260907_2026-09-07-15-27-57,1788766336.247,2026-09-07 15:32:16.247,0.0,1
run_20260907_2026-09-07-15-27-57,1788766337.25,2026-09-07 15:32:17.250,0.401,1
run_20260907_2026-09-07-15-27-57,1788766337.25,2026-09-07 15:32:17.250,0.0,1
run_20260907_2026-09-07-15-27-57,1788766386.844,2026-09-07 15:33:06.844,0.0,1
run_20260907_2026-09-07-15-27-57,1788766387.245,2026-09-07 15:33:07.245,0.401,1
run_20260907_2026-09-07-15-27-57,1788766387.245,2026-09-07 15:33:07.245,0.0,1
run_20260907_2026-09-07-15-27-57,1788766387.645,2026-09-07 15:33:07.645,0.401,1
run_20260907_2026-09-07-15-27-57,1788766387.647,2026-09-07 15:33:07.647,0.001,1
run_20260907_2026-09-07-15-27-57,1788766388.248,2026-09-07 15:33:08.248,0.401,1
run_20260907_2026-09-07-15-27-57,1788766388.248,2026-09-07 15:33:08.248,0.0,1
run_20260907_2026-09-07-15-27-57,1788766438.843,2026-09-07 15:33:58.843,0.0,1
run_20260907_2026-09-07-15-27-57,1788766439.244,2026-09-07 15:33:59.244,0.401,1
run_20260907_2026-09-07-15-27-57,1788766439.445,2026-09-07 15:33:59.445,0.0,1
run_20260907_2026-09-07-15-27-57,1788766440.248,2026-09-07 15:34:00.248,0.403,1
run_20260907_2026-09-07-15-27-57,1788766440.449,2026-09-07 15:34:00.449,0.0,1
run_20260907_2026-09-07-15-27-57,1788766490.645,2026-09-07 15:34:50.645,0.0,1
run_20260907_2026-09-07-15-27-57,1788766491.246,2026-09-07 15:34:51.246,0.401,1
run_20260907_2026-09-07-15-27-57,1788766491.247,2026-09-07 15:34:51.247,0.001,1
run_20260907_2026-09-07-15-27-57,1788766492.249,2026-09-07 15:34:52.249,0.401,1
run_20260907_2026-09-07-15-27-57,1788766492.25,2026-09-07 15:34:52.250,0.001,1
run_20260907_2026-09-07-15-27-57,1788766540.644,2026-09-07 15:35:40.644,0.001,1
run_20260907_2026-09-07-15-27-57,1788766541.044,2026-09-07 15:35:41.044,0.401,1
run_20260907_2026-09-07-15-27-57,1788766541.447,2026-09-07 15:35:41.447,0.001,1
run_20260907_2026-09-07-15-27-57,1788766542.248,2026-09-07 15:35:42.248,0.401,1
run_20260907_2026-09-07-15-27-57,1788766542.449,2026-09-07 15:35:42.449,0.001,1
run_20260907_2026-09-07-15-27-57,1788766592.643,2026-09-07 15:36:32.643,0.001,1
run_20260907_2026-09-07-15-27-57,1788766593.044,2026-09-07 15:36:33.044,0.401,1
run_20260907_2026-09-07-15-27-57,1788766593.245,2026-09-07 15:36:33.245,0.0,1
run_20260907_2026-09-07-15-27-57,1788766593.645,2026-09-07 15:36:33.645,0.401,1
run_20260907_2026-09-07-15-27-57,1788766593.647,2026-09-07 15:36:33.647,0.001,1
run_20260907_2026-09-07-15-27-57,1788766594.247,2026-09-07 15:36:34.247,0.401,1
run_20260907_2026-09-07-15-27-57,1788766594.248,2026-09-07 15:36:34.248,0.001,1
run_20260907_2026-09-07-15-27-57,1788766644.642,2026-09-07 15:37:24.642,0.0,1
run_20260907_2026-09-07-15-27-57,1788766645.043,2026-09-07 15:37:25.043,0.401,1
run_20260907_2026-09-07-15-27-57,1788766645.444,2026-09-07 15:37:25.444,0.0,1
run_20260907_2026-09-07-15-27-57,1788766646.245,2026-09-07 15:37:26.245,0.401,1
run_20260907_2026-09-07-15-27-57,1788766646.449,2026-09-07 15:37:26.449,0.0,1
run_20260907_2026-09-07-15-27-57,1788766696.643,2026-09-07 15:38:16.643,0.0,1
run_20260907_2026-09-07-15-27-57,1788766697.043,2026-09-07 15:38:17.043,0.4,1
run_20260907_2026-09-07-15-27-57,1788766697.243,2026-09-07 15:38:17.243,0.0,1
run_20260907_2026-09-07-15-27-57,1788766697.644,2026-09-07 15:38:17.644,0.401,1
run_20260907_2026-09-07-15-27-57,1788766697.645,2026-09-07 15:38:17.645,0.001,1
run_20260907_2026-09-07-15-27-57,1788766698.246,2026-09-07 15:38:18.246,0.401,1
run_20260907_2026-09-07-15-27-57,1788766698.246,2026-09-07 15:38:18.246,0.0,1
run_20260907_2026-09-07-15-27-57,1788766749.843,2026-09-07 15:39:09.843,0.001,1
run_20260907_2026-09-07-15-27-57,1788766750.243,2026-09-07 15:39:10.243,0.4,1
run_20260907_2026-09-07-15-27-57,1788766750.444,2026-09-07 15:39:10.444,0.0,1
run_20260907_2026-09-07-15-27-57,1788766751.246,2026-09-07 15:39:11.246,0.401,1
run_20260907_2026-09-07-15-27-57,1788766751.246,2026-09-07 15:39:11.246,0.0,1
run_20260907_2026-09-07-15-27-57,1788766756.263,2026-09-07 15:39:16.263,0.401,1
run_20260907_2026-09-07-15-27-57,1788766756.264,2026-09-07 15:39:16.264,0.0,1
run_20260907_2026-09-07-15-27-57,1788766801.24,2026-09-07 15:40:01.240,0.001,1
run_20260907_2026-09-07-15-27-57,1788766801.641,2026-09-07 15:40:01.641,0.401,1
run_20260907_2026-09-07-15-27-57,1788766802.246,2026-09-07 15:40:02.246,0.0,1
run_20260907_2026-09-07-15-27-57,1788766803.85,2026-09-07 15:40:03.850,0.4,1
run_20260907_2026-09-07-15-27-57,1788766803.85,2026-09-07 15:40:03.850,0.0,1
run_20260907_2026-09-07-15-27-57,1788766851.842,2026-09-07 15:40:51.842,0.0,1
run_20260907_2026-09-07-15-27-57,1788766852.243,2026-09-07 15:40:52.243,0.401,1
run_20260907_2026-09-07-15-27-57,1788766852.245,2026-09-07 15:40:52.245,0.002,1
run_20260907_2026-09-07-15-27-57,1788766901.642,2026-09-07 15:41:41.642,0.0,1
run_20260907_2026-09-07-15-27-57,1788766902.043,2026-09-07 15:41:42.043,0.401,1
run_20260907_2026-09-07-15-27-57,1788766902.647,2026-09-07 15:41:42.647,0.0,1
run_20260907_2026-09-07-15-27-57,1788766903.249,2026-09-07 15:41:43.249,0.401,1
run_20260907_2026-09-07-15-27-57,1788766903.249,2026-09-07 15:41:43.249,0.0,1
run_20260907_2026-09-07-15-27-57,1788766951.241,2026-09-07 15:42:31.241,0.0,1
run_20260907_2026-09-07-15-27-57,1788766951.642,2026-09-07 15:42:31.642,0.4,1
run_20260907_2026-09-07-15-27-57,1788766951.642,2026-09-07 15:42:31.642,0.001,1
run_20260907_2026-09-07-15-27-57,1788766952.243,2026-09-07 15:42:32.243,0.4,1
run_20260907_2026-09-07-15-27-57,1788766952.243,2026-09-07 15:42:32.243,0.0,1
run_20260907_2026-09-07-15-27-57,1788766954.252,2026-09-07 15:42:34.252,0.401,1
run_20260907_2026-09-07-15-27-57,1788766954.253,2026-09-07 15:42:34.253,0.001,1
run_20260907_2026-09-07-15-27-57,1788767002.439,2026-09-07 15:43:22.439,0.0,1
run_20260907_2026-09-07-15-27-57,1788767002.84,2026-09-07 15:43:22.840,0.4,1
run_20260907_2026-09-07-15-27-57,1788767003.244,2026-09-07 15:43:23.244,0.0,1
run_20260907_2026-09-07-15-27-57,1788767054.641,2026-09-07 15:44:14.641,0.0,1
run_20260907_2026-09-07-15-27-57,1788767055.042,2026-09-07 15:44:15.042,0.4,1
run_20260907_2026-09-07-15-27-57,1788767055.643,2026-09-07 15:44:15.643,0.0,1
run_20260907_2026-09-07-15-27-57,1788767056.245,2026-09-07 15:44:16.245,0.401,1
run_20260907_2026-09-07-15-27-57,1788767056.647,2026-09-07 15:44:16.647,0.0,1
run_20260907_2026-09-07-15-27-57,1788767107.239,2026-09-07 15:45:07.239,0.0,1
run_20260907_2026-09-07-15-27-57,1788767107.639,2026-09-07 15:45:07.639,0.401,1
run_20260907_2026-09-07-15-27-57,1788767107.641,2026-09-07 15:45:07.641,0.001,1
run_20260907_2026-09-07-15-27-57,1788767108.041,2026-09-07 15:45:08.041,0.401,1
run_20260907_2026-09-07-15-27-57,1788767108.442,2026-09-07 15:45:08.442,0.0,1
run_20260907_2026-09-07-15-27-57,1788767159.243,2026-09-07 15:45:59.243,0.0,1
run_20260907_2026-09-07-15-27-57,1788767159.644,2026-09-07 15:45:59.644,0.4,1
run_20260907_2026-09-07-15-27-57,1788767159.845,2026-09-07 15:45:59.845,0.001,1
run_20260907_2026-09-07-15-27-57,1788767160.246,2026-09-07 15:46:00.246,0.401,1
run_20260907_2026-09-07-15-27-57,1788767160.246,2026-09-07 15:46:00.246,0.0,1
run_20260907_2026-09-07-15-27-57,1788767211.641,2026-09-07 15:46:51.641,0.0,1
run_20260907_2026-09-07-15-27-57,1788767212.241,2026-09-07 15:46:52.241,0.4,1
run_20260907_2026-09-07-15-27-57,1788767212.242,2026-09-07 15:46:52.242,0.001,1
run_20260907_2026-09-07-15-27-57,1788767213.244,2026-09-07 15:46:53.244,0.401,1
run_20260907_2026-09-07-15-27-57,1788767213.245,2026-09-07 15:46:53.245,0.001,1
run_20260907_2026-09-07-15-27-57,1788767263.639,2026-09-07 15:47:43.639,0.0,1
run_20260907_2026-09-07-15-27-57,1788767264.24,2026-09-07 15:47:44.240,0.4,1
run_20260907_2026-09-07-15-27-57,1788767264.24,2026-09-07 15:47:44.240,0.0,1
run_20260907_2026-09-07-15-27-57,1788767264.641,2026-09-07 15:47:44.641,0.401,1
run_20260907_2026-09-07-15-27-57,1788767264.644,2026-09-07 15:47:44.644,0.003,1
run_20260907_2026-09-07-15-27-57,1788767265.245,2026-09-07 15:47:45.245,0.401,1
run_20260907_2026-09-07-15-27-57,1788767265.245,2026-09-07 15:47:45.245,0.0,1
run_20260907_2026-09-07-15-27-57,1788767266.248,2026-09-07 15:47:46.248,0.401,1
run_20260907_2026-09-07-15-27-57,1788767266.248,2026-09-07 15:47:46.248,0.0,1
run_20260907_2026-09-07-15-27-57,1788767316.641,2026-09-07 15:48:36.641,0.0,1
run_20260907_2026-09-07-15-27-57,1788767317.243,2026-09-07 15:48:37.243,0.401,1
run_20260907_2026-09-07-15-27-57,1788767317.243,2026-09-07 15:48:37.243,0.0,1
run_20260907_2026-09-07-15-27-57,1788767317.643,2026-09-07 15:48:37.643,0.401,1
run_20260907_2026-09-07-15-27-57,1788767317.644,2026-09-07 15:48:37.644,0.0,1
run_20260907_2026-09-07-15-27-57,1788767368.638,2026-09-07 15:49:28.638,0.0,1
run_20260907_2026-09-07-15-27-57,1788767369.039,2026-09-07 15:49:29.039,0.401,1
run_20260907_2026-09-07-15-27-57,1788767369.441,2026-09-07 15:49:29.441,0.0,1
run_20260907_2026-09-07-15-27-57,1788767370.243,2026-09-07 15:49:30.243,0.401,1
run_20260907_2026-09-07-15-27-57,1788767370.244,2026-09-07 15:49:30.244,0.002,1
run_20260907_2026-09-07-15-27-57,1788767419.236,2026-09-07 15:50:19.236,0.0,1
run_20260907_2026-09-07-15-27-57,1788767419.637,2026-09-07 15:50:19.637,0.401,1
run_20260907_2026-09-07-15-27-57,1788767420.643,2026-09-07 15:50:20.643,0.002,1
run_20260907_2026-09-07-15-27-57,1788767421.244,2026-09-07 15:50:21.244,0.401,1
run_20260907_2026-09-07-15-27-57,1788767421.244,2026-09-07 15:50:21.244,0.0,1
run_20260907_2026-09-07-15-27-57,1788767422.447,2026-09-07 15:50:22.447,0.4,1
run_20260907_2026-09-07-15-27-57,1788767422.448,2026-09-07 15:50:22.448,0.0,1
run_20260907_2026-09-07-15-27-57,1788767471.241,2026-09-07 15:51:11.241,0.0,1
run_20260907_2026-09-07-15-27-57,1788767472.244,2026-09-07 15:51:12.244,0.401,1
run_20260907_2026-09-07-15-27-57,1788767472.244,2026-09-07 15:51:12.244,0.0,1
run_20260907_2026-09-07-15-27-57,1788767524.639,2026-09-07 15:52:04.639,0.001,1
run_20260907_2026-09-07-15-27-57,1788767525.239,2026-09-07 15:52:05.239,0.4,1
run_20260907_2026-09-07-15-27-57,1788767525.24,2026-09-07 15:52:05.240,0.001,1
run_20260907_2026-09-07-15-27-57,1788767526.242,2026-09-07 15:52:06.242,0.4,1
run_20260907_2026-09-07-15-27-57,1788767526.244,2026-09-07 15:52:06.244,0.002,1
run_20260907_2026-09-07-15-27-57,1788767576.642,2026-09-07 15:52:56.642,0.0,1
run_20260907_2026-09-07-15-27-57,1788767577.243,2026-09-07 15:52:57.243,0.4,1
run_20260907_2026-09-07-15-27-57,1788767577.444,2026-09-07 15:52:57.444,0.001,1
run_20260907_2026-09-07-15-27-57,1788767578.246,2026-09-07 15:52:58.246,0.401,1
run_20260907_2026-09-07-15-27-57,1788767578.246,2026-09-07 15:52:58.246,0.0,1
run_20260907_2026-09-07-15-27-57,1788767627.838,2026-09-07 15:53:47.838,0.0,1
run_20260907_2026-09-07-15-27-57,1788767628.238,2026-09-07 15:53:48.238,0.401,1
run_20260907_2026-09-07-15-27-57,1788767628.238,2026-09-07 15:53:48.238,0.0,1
run_20260907_2026-09-07-15-27-57,1788767628.639,2026-09-07 15:53:48.639,0.401,1
run_20260907_2026-09-07-15-27-57,1788767628.84,2026-09-07 15:53:48.840,0.0,1
run_20260907_2026-09-07-15-27-57,1788767629.241,2026-09-07 15:53:49.241,0.4,1
run_20260907_2026-09-07-15-27-57,1788767629.241,2026-09-07 15:53:49.241,0.0,1
run_20260907_2026-09-07-15-27-57,1788767630.244,2026-09-07 15:53:50.244,0.401,1
run_20260907_2026-09-07-15-27-57,1788767630.244,2026-09-07 15:53:50.244,0.0,1
run_20260907_2026-09-07-15-27-57,1788767681.639,2026-09-07 15:54:41.639,0.0,1
run_20260907_2026-09-07-15-27-57,1788767682.243,2026-09-07 15:54:42.243,0.403,1
run_20260907_2026-09-07-15-27-57,1788767682.243,2026-09-07 15:54:42.243,0.0,1
run_20260907_2026-09-07-15-27-57,1788767683.246,2026-09-07 15:54:43.246,0.401,1
run_20260907_2026-09-07-15-27-57,1788767683.246,2026-09-07 15:54:43.246,0.0,1
run_20260907_2026-09-07-15-27-57,1788767732.241,2026-09-07 15:55:32.241,0.0,1
run_20260907_2026-09-07-15-27-57,1788767733.243,2026-09-07 15:55:33.243,0.401,1
run_20260907_2026-09-07-15-27-57,1788767733.244,2026-09-07 15:55:33.244,0.0,1
run_20260907_2026-09-07-15-27-57,1788767784.641,2026-09-07 15:56:24.641,0.0,1
run_20260907_2026-09-07-15-27-57,1788767785.041,2026-09-07 15:56:25.041,0.4,1
run_20260907_2026-09-07-15-27-57,1788767785.241,2026-09-07 15:56:25.241,0.0,1
run_20260907_2026-09-07-15-27-57,1788767786.244,2026-09-07 15:56:26.244,0.401,1
run_20260907_2026-09-07-15-27-57,1788767786.244,2026-09-07 15:56:26.244,0.0,1
run_20260907_2026-09-07-15-27-57,1788767836.84,2026-09-07 15:57:16.840,0.0,1
run_20260907_2026-09-07-15-27-57,1788767837.241,2026-09-07 15:57:17.241,0.4,1
run_20260907_2026-09-07-15-27-57,1788767837.241,2026-09-07 15:57:17.241,0.0,1
run_20260907_2026-09-07-15-27-57,1788767837.641,2026-09-07 15:57:17.641,0.401,1
run_20260907_2026-09-07-15-27-57,1788767837.645,2026-09-07 15:57:17.645,0.003,1
run_20260907_2026-09-07-15-27-57,1788767838.246,2026-09-07 15:57:18.246,0.401,1
run_20260907_2026-09-07-15-27-57,1788767838.246,2026-09-07 15:57:18.246,0.0,1
run_20260907_2026-09-07-15-27-57,1788767890.442,2026-09-07 15:58:10.442,0.0,1
run_20260907_2026-09-07-15-27-57,1788767891.244,2026-09-07 15:58:11.244,0.401,1
run_20260907_2026-09-07-15-27-57,1788767891.244,2026-09-07 15:58:11.244,0.0,1
run_20260907_2026-09-07-15-27-57,1788767892.247,2026-09-07 15:58:12.247,0.402,1
run_20260907_2026-09-07-15-27-57,1788767892.247,2026-09-07 15:58:12.247,0.0,1
run_20260907_2026-09-07-15-27-57,1788767896.262,2026-09-07 15:58:16.262,0.401,1
run_20260907_2026-09-07-15-27-57,1788767896.262,2026-09-07 15:58:16.262,0.0,1
run_20260907_2026-09-07-15-27-57,1788767943.243,2026-09-07 15:59:03.243,0.0,1
run_20260907_2026-09-07-15-27-57,1788767943.643,2026-09-07 15:59:03.643,0.4,1
run_20260907_2026-09-07-15-27-57,1788767943.643,2026-09-07 15:59:03.643,0.0,1
run_20260907_2026-09-07-15-27-57,1788767944.244,2026-09-07 15:59:04.244,0.4,1
run_20260907_2026-09-07-15-27-57,1788767944.245,2026-09-07 15:59:04.245,0.001,1
run_20260907_2026-09-07-15-27-57,1788767945.247,2026-09-07 15:59:05.247,0.401,1
run_20260907_2026-09-07-15-27-57,1788767945.248,2026-09-07 15:59:05.248,0.001,1
run_20260907_2026-09-07-15-27-57,1788767947.455,2026-09-07 15:59:07.455,0.401,1
run_20260907_2026-09-07-15-27-57,1788767947.456,2026-09-07 15:59:07.456,0.001,1
run_20260907_2026-09-07-15-27-57,1788767996.642,2026-09-07 15:59:56.642,0.0,1
run_20260907_2026-09-07-15-27-57,1788767997.243,2026-09-07 15:59:57.243,0.401,1
run_20260907_2026-09-07-15-27-57,1788767997.444,2026-09-07 15:59:57.444,0.0,1
run_20260907_2026-09-07-15-27-57,1788767997.845,2026-09-07 15:59:57.845,0.401,1
run_20260907_2026-09-07-15-27-57,1788767997.845,2026-09-07 15:59:57.845,0.0,1
run_20260907_2026-09-07-15-27-57,1788767998.247,2026-09-07 15:59:58.247,0.401,1
run_20260907_2026-09-07-15-27-57,1788767998.247,2026-09-07 15:59:58.247,0.0,1
run_20260907_2026-09-07-15-27-57,1788768048.24,2026-09-07 16:00:48.240,0.0,1
run_20260907_2026-09-07-15-27-57,1788768048.641,2026-09-07 16:00:48.641,0.401,1
run_20260907_2026-09-07-15-27-57,1788768048.641,2026-09-07 16:00:48.641,0.0,1
run_20260907_2026-09-07-15-27-57,1788768049.041,2026-09-07 16:00:49.041,0.401,1
run_20260907_2026-09-07-15-27-57,1788768049.245,2026-09-07 16:00:49.245,0.0,1
run_20260907_2026-09-07-15-27-57,1788768050.247,2026-09-07 16:00:50.247,0.401,1
run_20260907_2026-09-07-15-27-57,1788768050.248,2026-09-07 16:00:50.248,0.001,1
run_20260907_2026-09-07-15-27-57,1788768099.843,2026-09-07 16:01:39.843,0.001,1
run_20260907_2026-09-07-15-27-57,1788768100.243,2026-09-07 16:01:40.243,0.401,1
run_20260907_2026-09-07-15-27-57,1788768100.243,2026-09-07 16:01:40.243,0.0,1
run_20260907_2026-09-07-15-27-57,1788768100.644,2026-09-07 16:01:40.644,0.401,1
run_20260907_2026-09-07-15-27-57,1788768100.645,2026-09-07 16:01:40.645,0.001,1
run_20260907_2026-09-07-15-27-57,1788768101.247,2026-09-07 16:01:41.247,0.401,1
run_20260907_2026-09-07-15-27-57,1788768101.247,2026-09-07 16:01:41.247,0.0,1
run_20260907_2026-09-07-15-27-57,1788768150.845,2026-09-07 16:02:30.845,0.001,1
run_20260907_2026-09-07-15-27-57,1788768151.246,2026-09-07 16:02:31.246,0.4,1
run_20260907_2026-09-07-15-27-57,1788768151.447,2026-09-07 16:02:31.447,0.0,1
run_20260907_2026-09-07-15-27-57,1788768152.25,2026-09-07 16:02:32.250,0.401,1
run_20260907_2026-09-07-15-27-57,1788768152.25,2026-09-07 16:02:32.250,0.0,1
run_20260909_2026-09-09-07-19-13,1788909564.017,2026-09-09 07:19:24.017,0.198,1
run_20260909_2026-09-09-07-19-13,1788909577.864,2026-09-09 07:19:37.864,0.0,1
run_20260909_2026-09-09-07-19-13,1788909578.265,2026-09-09 07:19:38.265,0.401,1
run_20260909_2026-09-09-07-19-13,1788909578.668,2026-09-09 07:19:38.668,0.0,1
run_20260909_2026-09-09-07-19-13,1788909579.268,2026-09-09 07:19:39.268,0.401,1
run_20260909_2026-09-09-07-19-13,1788909579.268,2026-09-09 07:19:39.268,0.0,1
run_20260909_2026-09-09-07-19-13,1788909580.271,2026-09-09 07:19:40.271,0.401,1
run_20260909_2026-09-09-07-19-13,1788909580.271,2026-09-09 07:19:40.271,0.001,1
run_20260909_2026-09-09-07-19-13,1788909581.273,2026-09-09 07:19:41.273,0.4,1
run_20260909_2026-09-09-07-19-13,1788909581.273,2026-09-09 07:19:41.273,0.0,1
run_20260909_2026-09-09-07-19-13,1788909631.873,2026-09-09 07:20:31.873,0.0,1
run_20260909_2026-09-09-07-19-13,1788909632.274,2026-09-09 07:20:32.274,0.401,1
run_20260909_2026-09-09-07-19-13,1788909632.474,2026-09-09 07:20:32.474,0.0,1
run_20260909_2026-09-09-07-19-13,1788909677.672,2026-09-09 07:21:17.672,0.0,1
run_20260909_2026-09-09-07-19-13,1788909678.073,2026-09-09 07:21:18.073,0.401,1
run_20260909_2026-09-09-07-19-13,1788909678.475,2026-09-09 07:21:18.475,0.001,1
run_20260909_2026-09-09-07-19-13,1788909721.669,2026-09-09 07:22:01.669,0.0,1
run_20260909_2026-09-09-07-19-13,1788909722.271,2026-09-09 07:22:02.271,0.401,1
run_20260909_2026-09-09-07-19-13,1788909722.473,2026-09-09 07:22:02.473,0.0,1
run_20260909_2026-09-09-07-19-13,1788909723.274,2026-09-09 07:22:03.274,0.401,1
run_20260909_2026-09-09-07-19-13,1788909723.275,2026-09-09 07:22:03.275,0.001,1
run_20260909_2026-09-09-07-19-13,1788909771.667,2026-09-09 07:22:51.667,0.0,1
run_20260909_2026-09-09-07-19-13,1788909772.068,2026-09-09 07:22:52.068,0.401,1
run_20260909_2026-09-09-07-19-13,1788909772.47,2026-09-09 07:22:52.470,0.001,1
run_20260909_2026-09-09-07-19-13,1788909823.667,2026-09-09 07:23:43.667,0.001,1
run_20260909_2026-09-09-07-19-13,1788909824.269,2026-09-09 07:23:44.269,0.4,1
run_20260909_2026-09-09-07-19-13,1788909824.47,2026-09-09 07:23:44.470,0.001,1
run_20260909_2026-09-09-07-19-13,1788909872.267,2026-09-09 07:24:32.267,0.001,1
run_20260909_2026-09-09-07-19-13,1788909923.466,2026-09-09 07:25:23.466,0.0,1
run_20260909_2026-09-09-07-19-13,1788909924.268,2026-09-09 07:25:24.268,0.401,1
run_20260909_2026-09-09-07-19-13,1788909924.269,2026-09-09 07:25:24.269,0.001,1
run_20260909_2026-09-09-07-19-13,1788909972.664,2026-09-09 07:26:12.664,0.0,1
run_20260909_2026-09-09-07-19-13,1788909973.266,2026-09-09 07:26:13.266,0.401,1
run_20260909_2026-09-09-07-19-13,1788909973.468,2026-09-09 07:26:13.468,0.001,1
run_20260909_2026-09-09-07-19-13,1788910021.457,2026-09-09 07:27:01.457,0.0,1
run_20260909_2026-09-09-07-19-13,1788910022.262,2026-09-09 07:27:02.262,0.401,1
run_20260909_2026-09-09-07-19-13,1788910022.463,2026-09-09 07:27:02.463,0.0,1
run_20260909_2026-09-09-07-19-13,1788910071.659,2026-09-09 07:27:51.659,0.0,1
run_20260909_2026-09-09-07-19-13,1788910072.262,2026-09-09 07:27:52.262,0.403,1
run_20260909_2026-09-09-07-19-13,1788910072.263,2026-09-09 07:27:52.263,0.001,1
run_20260909_2026-09-09-07-19-13,1788910072.663,2026-09-09 07:27:52.663,0.401,1
run_20260909_2026-09-09-07-19-13,1788910072.664,2026-09-09 07:27:52.664,0.0,1
run_20260909_2026-09-09-07-19-13,1788910121.455,2026-09-09 07:28:41.455,0.0,1
run_20260909_2026-09-09-07-19-13,1788910122.256,2026-09-09 07:28:42.256,0.4,1
run_20260909_2026-09-09-07-19-13,1788910122.459,2026-09-09 07:28:42.459,0.0,1
run_20260909_2026-09-09-07-19-13,1788910123.261,2026-09-09 07:28:43.261,0.401,1
run_20260909_2026-09-09-07-19-13,1788910123.262,2026-09-09 07:28:43.262,0.001,1
run_20260909_2026-09-09-07-19-13,1788910123.663,2026-09-09 07:28:43.663,0.401,1
run_20260909_2026-09-09-07-19-13,1788910123.663,2026-09-09 07:28:43.663,0.0,1
run_20260909_2026-09-09-07-19-13,1788910171.655,2026-09-09 07:29:31.655,0.0,1
run_20260909_2026-09-09-07-19-13,1788910172.256,2026-09-09 07:29:32.256,0.4,1
run_20260909_2026-09-09-07-19-13,1788910172.459,2026-09-09 07:29:32.459,0.003,1
run_20260909_2026-09-09-07-19-13,1788910222.454,2026-09-09 07:30:22.454,0.0,1
run_20260909_2026-09-09-07-19-13,1788910223.258,2026-09-09 07:30:23.258,0.401,1
run_20260909_2026-09-09-07-19-13,1788910223.258,2026-09-09 07:30:23.258,0.0,1
run_20260909_2026-09-09-07-19-13,1788910271.454,2026-09-09 07:31:11.454,0.0,1
run_20260909_2026-09-09-07-19-13,1788910320.453,2026-09-09 07:32:00.453,0.0,1
run_20260909_2026-09-09-07-19-13,1788910321.254,2026-09-09 07:32:01.254,0.4,1
run_20260909_2026-09-09-07-19-13,1788910321.656,2026-09-09 07:32:01.656,0.0,1
run_20260909_2026-09-09-07-19-13,1788910368.647,2026-09-09 07:32:48.647,0.0,1
run_20260909_2026-09-09-07-19-13,1788910369.048,2026-09-09 07:32:49.048,0.401,1
run_20260909_2026-09-09-07-19-13,1788910369.65,2026-09-09 07:32:49.650,0.0,1
run_20260909_2026-09-09-07-19-13,1788910370.252,2026-09-09 07:32:50.252,0.401,1
run_20260909_2026-09-09-07-19-13,1788910370.252,2026-09-09 07:32:50.252,0.0,1
run_20260909_2026-09-09-07-19-13,1788910419.448,2026-09-09 07:33:39.448,0.0,1
run_20260909_2026-09-09-07-19-13,1788910420.25,2026-09-09 07:33:40.250,0.401,1
run_20260909_2026-09-09-07-19-13,1788910420.452,2026-09-09 07:33:40.452,0.0,1
run_20260909_2026-09-09-07-19-13,1788910421.254,2026-09-09 07:33:41.254,0.401,1
run_20260909_2026-09-09-07-19-13,1788910421.254,2026-09-09 07:33:41.254,0.0,1
run_20260909_2026-09-09-07-19-13,1788910468.45,2026-09-09 07:34:28.450,0.0,1
run_20260909_2026-09-09-07-19-13,1788910469.255,2026-09-09 07:34:29.255,0.404,1
run_20260909_2026-09-09-07-19-13,1788910469.255,2026-09-09 07:34:29.255,0.001,1
run_20260909_2026-09-09-07-19-13,1788910515.646,2026-09-09 07:35:15.646,0.0,1
run_20260909_2026-09-09-07-19-13,1788910516.248,2026-09-09 07:35:16.248,0.401,1
run_20260909_2026-09-09-07-19-13,1788910516.449,2026-09-09 07:35:16.449,0.0,1
run_20260909_2026-09-09-07-19-13,1788910517.251,2026-09-09 07:35:17.251,0.401,1
run_20260909_2026-09-09-07-19-13,1788910517.453,2026-09-09 07:35:17.453,0.0,1
run_20260909_2026-09-09-07-19-13,1788910519.257,2026-09-09 07:35:19.257,0.401,1
run_20260909_2026-09-09-07-19-13,1788910519.26,2026-09-09 07:35:19.260,0.003,1
run_20260909_2026-09-09-07-19-13,1788910565.846,2026-09-09 07:36:05.846,0.0,1
run_20260909_2026-09-09-07-19-13,1788910566.247,2026-09-09 07:36:06.247,0.401,1
run_20260909_2026-09-09-07-19-13,1788910567.453,2026-09-09 07:36:07.453,0.001,1
run_20260909_2026-09-09-07-19-13,1788910614.854,2026-09-09 07:36:54.854,0.001,1
run_20260909_2026-09-09-07-19-13,1788910615.255,2026-09-09 07:36:55.255,0.401,1
run_20260909_2026-09-09-07-19-13,1788910615.255,2026-09-09 07:36:55.255,0.0,1
run_20260909_2026-09-09-07-19-13,1788910661.453,2026-09-09 07:37:41.453,0.0,1
run_20260909_2026-09-09-07-19-13,1788910662.255,2026-09-09 07:37:42.255,0.402,1
run_20260909_2026-09-09-07-19-13,1788910662.255,2026-09-09 07:37:42.255,0.0,1
run_20260909_2026-09-09-07-19-13,1788910708.45,2026-09-09 07:38:28.450,0.0,1
run_20260909_2026-09-09-07-19-13,1788910708.85,2026-09-09 07:38:28.850,0.401,1
run_20260909_2026-09-09-07-19-13,1788910709.654,2026-09-09 07:38:29.654,0.0,1
run_20260909_2026-09-09-07-19-13,1788910710.255,2026-09-09 07:38:30.255,0.401,1
run_20260909_2026-09-09-07-19-13,1788910710.258,2026-09-09 07:38:30.258,0.002,1
run_20260909_2026-09-09-07-19-13,1788910711.26,2026-09-09 07:38:31.260,0.401,1
run_20260909_2026-09-09-07-19-13,1788910711.261,2026-09-09 07:38:31.261,0.001,1
run_20260909_2026-09-09-07-19-13,1788910756.654,2026-09-09 07:39:16.654,0.0,1
run_20260909_2026-09-09-07-19-13,1788910757.256,2026-09-09 07:39:17.256,0.4,1
run_20260909_2026-09-09-07-19-13,1788910757.457,2026-09-09 07:39:17.457,0.001,1
run_20260909_2026-09-09-07-19-13,1788910759.664,2026-09-09 07:39:19.664,0.401,1
run_20260909_2026-09-09-07-19-13,1788910759.666,2026-09-09 07:39:19.666,0.002,1
run_20260909_2026-09-09-07-19-13,1788910803.451,2026-09-09 07:40:03.451,0.0,1
run_20260909_2026-09-09-07-19-13,1788910803.851,2026-09-09 07:40:03.851,0.401,1
run_20260909_2026-09-09-07-19-13,1788910804.455,2026-09-09 07:40:04.455,0.0,1
run_20260909_2026-09-09-07-19-13,1788910805.256,2026-09-09 07:40:05.256,0.401,1
run_20260909_2026-09-09-07-19-13,1788910805.256,2026-09-09 07:40:05.256,0.0,1
run_20260909_2026-09-09-07-19-13,1788910851.456,2026-09-09 07:40:51.456,0.001,1
run_20260909_2026-09-09-07-19-13,1788910852.258,2026-09-09 07:40:52.258,0.401,1
run_20260909_2026-09-09-07-19-13,1788910852.259,2026-09-09 07:40:52.259,0.001,1
run_20260909_2026-09-09-07-19-13,1788910898.652,2026-09-09 07:41:38.652,0.0,1
run_20260909_2026-09-09-07-19-13,1788910899.253,2026-09-09 07:41:39.253,0.401,1
run_20260909_2026-09-09-07-19-13,1788910899.254,2026-09-09 07:41:39.254,0.0,1
run_20260909_2026-09-09-07-19-13,1788910900.257,2026-09-09 07:41:40.257,0.401,1
run_20260909_2026-09-09-07-19-13,1788910900.258,2026-09-09 07:41:40.258,0.0,1
run_20260909_2026-09-09-07-19-13,1788910946.855,2026-09-09 07:42:26.855,0.0,1
run_20260909_2026-09-09-07-19-13,1788910947.257,2026-09-09 07:42:27.257,0.401,1
run_20260909_2026-09-09-07-19-13,1788910947.257,2026-09-09 07:42:27.257,0.0,1
run_20260909_2026-09-09-07-19-13,1788910994.858,2026-09-09 07:43:14.858,0.001,1
run_20260909_2026-09-09-07-19-13,1788910995.258,2026-09-09 07:43:15.258,0.4,1
run_20260909_2026-09-09-07-19-13,1788910995.258,2026-09-09 07:43:15.258,0.0,1
run_20260909_2026-09-09-07-19-13,1788911041.456,2026-09-09 07:44:01.456,0.0,1
run_20260909_2026-09-09-07-19-13,1788911042.258,2026-09-09 07:44:02.258,0.401,1
run_20260909_2026-09-09-07-19-13,1788911042.661,2026-09-09 07:44:02.661,0.0,1
run_20260909_2026-09-09-07-19-13,1788911087.652,2026-09-09 07:44:47.652,0.0,1
run_20260909_2026-09-09-07-19-13,1788911088.052,2026-09-09 07:44:48.052,0.401,1
run_20260909_2026-09-09-07-19-13,1788911088.655,2026-09-09 07:44:48.655,0.0,1
run_20260909_2026-09-09-07-19-13,1788911089.256,2026-09-09 07:44:49.256,0.4,1
run_20260909_2026-09-09-07-19-13,1788911089.256,2026-09-09 07:44:49.256,0.0,1
run_20260909_2026-09-09-07-19-13,1788911135.655,2026-09-09 07:45:35.655,0.001,1
run_20260909_2026-09-09-07-19-13,1788911136.256,2026-09-09 07:45:36.256,0.401,1
run_20260909_2026-09-09-07-19-13,1788911136.256,2026-09-09 07:45:36.256,0.0,1
run_20260909_2026-09-09-07-19-13,1788911182.451,2026-09-09 07:46:22.451,0.0,1
run_20260909_2026-09-09-07-19-13,1788911182.852,2026-09-09 07:46:22.852,0.401,1
run_20260909_2026-09-09-07-19-13,1788911183.457,2026-09-09 07:46:23.457,0.0,1
run_20260909_2026-09-09-07-19-13,1788911228.652,2026-09-09 07:47:08.652,0.0,1
run_20260909_2026-09-09-07-19-13,1788911229.253,2026-09-09 07:47:09.253,0.4,1
run_20260909_2026-09-09-07-19-13,1788911229.455,2026-09-09 07:47:09.455,0.0,1
run_20260909_2026-09-09-07-19-13,1788911230.258,2026-09-09 07:47:10.258,0.401,1
run_20260909_2026-09-09-07-19-13,1788911230.259,2026-09-09 07:47:10.259,0.001,1
run_20260909_2026-09-09-07-19-13,1788911278.457,2026-09-09 07:47:58.457,0.003,1
run_20260909_2026-09-09-07-19-13,1788911326.45,2026-09-09 07:48:46.450,0.0,1
run_20260909_2026-09-09-07-19-13,1788911327.253,2026-09-09 07:48:47.253,0.401,1
run_20260909_2026-09-09-07-19-13,1788911327.655,2026-09-09 07:48:47.655,0.001,1
run_20260909_2026-09-09-07-19-13,1788911377.853,2026-09-09 07:49:37.853,0.001,1
run_20260909_2026-09-09-07-19-13,1788911378.253,2026-09-09 07:49:38.253,0.401,1
run_20260909_2026-09-09-07-19-13,1788911378.454,2026-09-09 07:49:38.454,0.0,1
run_20260909_2026-09-09-07-19-13,1788911428.456,2026-09-09 07:50:28.456,0.0,1
run_20260909_2026-09-09-07-19-13,1788911429.257,2026-09-09 07:50:29.257,0.4,1
run_20260909_2026-09-09-07-19-13,1788911429.46,2026-09-09 07:50:29.460,0.0,1
run_20260909_2026-09-09-07-19-13,1788911477.65,2026-09-09 07:51:17.650,0.0,1
run_20260909_2026-09-09-07-19-13,1788911478.051,2026-09-09 07:51:18.051,0.401,1
run_20260909_2026-09-09-07-19-13,1788911478.653,2026-09-09 07:51:18.653,0.0,1
run_20260909_2026-09-09-07-19-13,1788911479.254,2026-09-09 07:51:19.254,0.401,1
run_20260909_2026-09-09-07-19-13,1788911479.255,2026-09-09 07:51:19.255,0.0,1
run_20260909_2026-09-09-07-19-13,1788911528.453,2026-09-09 07:52:08.453,0.0,1
run_20260909_2026-09-09-07-19-13,1788911529.255,2026-09-09 07:52:09.255,0.4,1
run_20260909_2026-09-09-07-19-13,1788911529.456,2026-09-09 07:52:09.456,0.0,1
run_20260909_2026-09-09-07-19-13,1788911578.652,2026-09-09 07:52:58.652,0.0,1
run_20260909_2026-09-09-07-19-13,1788911579.053,2026-09-09 07:52:59.053,0.401,1
run_20260909_2026-09-09-07-19-13,1788911579.455,2026-09-09 07:52:59.455,0.001,1
run_20260909_2026-09-09-07-19-13,1788911580.257,2026-09-09 07:53:00.257,0.401,1
run_20260909_2026-09-09-07-19-13,1788911580.259,2026-09-09 07:53:00.259,0.002,1
run_20260909_2026-09-09-07-19-13,1788911629.458,2026-09-09 07:53:49.458,0.001,1
run_20260909_2026-09-09-07-19-13,1788911630.259,2026-09-09 07:53:50.259,0.401,1
run_20260909_2026-09-09-07-19-13,1788911630.463,2026-09-09 07:53:50.463,0.003,1
run_20260909_2026-09-09-07-19-13,1788911680.259,2026-09-09 07:54:40.259,0.0,1
run_20260909_2026-09-09-07-19-13,1788911680.66,2026-09-09 07:54:40.660,0.401,1
run_20260909_2026-09-09-07-19-13,1788911680.662,2026-09-09 07:54:40.662,0.002,1
run_20260909_2026-09-09-07-56-42,1788911836.663,2026-09-09 07:57:16.663,0.001,1
run_20260909_2026-09-09-07-56-42,1788911837.064,2026-09-09 07:57:17.064,0.401,1
run_20260909_2026-09-09-07-56-42,1788911837.465,2026-09-09 07:57:17.465,0.0,1
run_20260909_2026-09-09-07-56-42,1788911838.269,2026-09-09 07:57:18.269,0.401,1
run_20260909_2026-09-09-07-56-42,1788911838.269,2026-09-09 07:57:18.269,0.0,1
run_20260909_2026-09-09-07-56-42,1788911839.673,2026-09-09 07:57:19.673,0.401,1
run_20260909_2026-09-09-07-56-42,1788911839.674,2026-09-09 07:57:19.674,0.001,1
run_20260909_2026-09-09-07-56-42,1788911890.463,2026-09-09 07:58:10.463,0.0,1
run_20260909_2026-09-09-07-56-42,1788911891.064,2026-09-09 07:58:11.064,0.401,1
run_20260909_2026-09-09-07-56-42,1788911891.666,2026-09-09 07:58:11.666,0.0,1
run_20260909_2026-09-09-07-56-42,1788911892.268,2026-09-09 07:58:12.268,0.401,1
run_20260909_2026-09-09-07-56-42,1788911892.268,2026-09-09 07:58:12.268,0.0,1
run_20260909_2026-09-09-07-56-42,1788911893.271,2026-09-09 07:58:13.271,0.401,1
run_20260909_2026-09-09-07-56-42,1788911893.274,2026-09-09 07:58:13.274,0.003,1
run_20260909_2026-09-09-07-56-42,1788911948.669,2026-09-09 07:59:08.669,0.001,1
run_20260909_2026-09-09-07-56-42,1788912002.867,2026-09-09 08:00:02.867,0.0,1
run_20260909_2026-09-09-07-56-42,1788912003.268,2026-09-09 08:00:03.268,0.401,1
run_20260909_2026-09-09-07-56-42,1788912003.672,2026-09-09 08:00:03.672,0.003,1
run_20260909_2026-09-09-07-56-42,1788912058.469,2026-09-09 08:00:58.469,0.0,1
run_20260909_2026-09-09-07-56-42,1788912059.273,2026-09-09 08:00:59.273,0.403,1
run_20260909_2026-09-09-07-56-42,1788912059.273,2026-09-09 08:00:59.273,0.0,1
run_20260909_2026-09-09-07-56-42,1788912109.667,2026-09-09 08:01:49.667,0.0,1
run_20260909_2026-09-09-07-56-42,1788912110.068,2026-09-09 08:01:50.068,0.401,1
run_20260909_2026-09-09-07-56-42,1788912110.67,2026-09-09 08:01:50.670,0.0,1
run_20260909_2026-09-09-07-56-42,1788912111.271,2026-09-09 08:01:51.271,0.401,1
run_20260909_2026-09-09-07-56-42,1788912111.272,2026-09-09 08:01:51.272,0.001,1
run_20260909_2026-09-09-07-56-42,1788912112.275,2026-09-09 08:01:52.275,0.401,1
run_20260909_2026-09-09-07-56-42,1788912112.276,2026-09-09 08:01:52.276,0.001,1
run_20260909_2026-09-09-07-56-42,1788912161.669,2026-09-09 08:02:41.669,0.0,1
run_20260909_2026-09-09-07-56-42,1788912162.07,2026-09-09 08:02:42.070,0.401,1
run_20260909_2026-09-09-07-56-42,1788912162.672,2026-09-09 08:02:42.672,0.0,1
run_20260909_2026-09-09-07-56-42,1788912163.273,2026-09-09 08:02:43.273,0.401,1
run_20260909_2026-09-09-07-56-42,1788912163.273,2026-09-09 08:02:43.273,0.0,1
run_20260909_2026-09-09-07-56-42,1788912215.473,2026-09-09 08:03:35.473,0.0,1
run_20260909_2026-09-09-07-56-42,1788912220.292,2026-09-09 08:03:40.292,0.401,1
run_20260909_2026-09-09-07-56-42,1788912220.292,2026-09-09 08:03:40.292,0.0,1
run_20260909_2026-09-09-07-56-42,1788912265.672,2026-09-09 08:04:25.672,0.0,1
run_20260909_2026-09-09-07-56-42,1788912266.274,2026-09-09 08:04:26.274,0.401,1
run_20260909_2026-09-09-07-56-42,1788912266.274,2026-09-09 08:04:26.274,0.0,1
run_20260909_2026-09-09-07-56-42,1788912317.269,2026-09-09 08:05:17.269,0.0,1
run_20260909_2026-09-09-07-56-42,1788912317.67,2026-09-09 08:05:17.670,0.4,1
run_20260909_2026-09-09-07-56-42,1788912317.67,2026-09-09 08:05:17.670,0.0,1
run_20260909_2026-09-09-07-56-42,1788912318.071,2026-09-09 08:05:18.071,0.401,1
run_20260909_2026-09-09-07-56-42,1788912318.673,2026-09-09 08:05:18.673,0.0,1
run_20260909_2026-09-09-07-56-42,1788912319.275,2026-09-09 08:05:19.275,0.401,1
run_20260909_2026-09-09-07-56-42,1788912319.275,2026-09-09 08:05:19.275,0.001,1
run_20260909_2026-09-09-07-56-42,1788912369.872,2026-09-09 08:06:09.872,0.0,1
run_20260909_2026-09-09-07-56-42,1788912370.273,2026-09-09 08:06:10.273,0.401,1
run_20260909_2026-09-09-07-56-42,1788912370.273,2026-09-09 08:06:10.273,0.0,1
run_20260909_2026-09-09-07-56-42,1788912420.674,2026-09-09 08:07:00.674,0.003,1
run_20260909_2026-09-09-07-56-42,1788912421.276,2026-09-09 08:07:01.276,0.401,1
run_20260909_2026-09-09-07-56-42,1788912421.276,2026-09-09 08:07:01.276,0.0,1
run_20260909_2026-09-09-07-56-42,1788912471.673,2026-09-09 08:07:51.673,0.0,1
run_20260909_2026-09-09-07-56-42,1788912472.275,2026-09-09 08:07:52.275,0.402,1
run_20260909_2026-09-09-07-56-42,1788912472.275,2026-09-09 08:07:52.275,0.0,1
run_20260909_2026-09-09-07-56-42,1788912473.278,2026-09-09 08:07:53.278,0.401,1
run_20260909_2026-09-09-07-56-42,1788912473.279,2026-09-09 08:07:53.279,0.001,1
run_20260909_2026-09-09-07-56-42,1788912521.672,2026-09-09 08:08:41.672,0.0,1
run_20260909_2026-09-09-07-56-42,1788912522.072,2026-09-09 08:08:42.072,0.4,1
run_20260909_2026-09-09-07-56-42,1788912522.674,2026-09-09 08:08:42.674,0.0,1
run_20260909_2026-09-09-07-56-42,1788912523.275,2026-09-09 08:08:43.275,0.401,1
run_20260909_2026-09-09-07-56-42,1788912523.276,2026-09-09 08:08:43.276,0.001,1
run_20260909_2026-09-09-07-56-42,1788912574.474,2026-09-09 08:09:34.474,0.001,1
run_20260909_2026-09-09-07-56-42,1788912575.275,2026-09-09 08:09:35.275,0.401,1
run_20260909_2026-09-09-07-56-42,1788912575.275,2026-09-09 08:09:35.275,0.0,1
run_20260909_2026-09-09-07-56-42,1788912576.278,2026-09-09 08:09:36.278,0.401,1
run_20260909_2026-09-09-07-56-42,1788912576.279,2026-09-09 08:09:36.279,0.0,1
run_20260909_2026-09-09-07-56-42,1788912627.879,2026-09-09 08:10:27.879,0.001,1
run_20260909_2026-09-09-07-56-42,1788912628.28,2026-09-09 08:10:28.280,0.401,1
run_20260909_2026-09-09-07-56-42,1788912628.28,2026-09-09 08:10:28.280,0.0,1
run_20260909_2026-09-09-07-56-42,1788912631.491,2026-09-09 08:10:31.491,0.401,1
run_20260909_2026-09-09-07-56-42,1788912631.491,2026-09-09 08:10:31.491,0.0,1
run_20260909_2026-09-09-07-56-42,1788912677.674,2026-09-09 08:11:17.674,0.0,1
run_20260909_2026-09-09-07-56-42,1788912678.276,2026-09-09 08:11:18.276,0.402,1
run_20260909_2026-09-09-07-56-42,1788912678.276,2026-09-09 08:11:18.276,0.0,1
run_20260909_2026-09-09-07-56-42,1788912679.279,2026-09-09 08:11:19.279,0.402,1
run_20260909_2026-09-09-07-56-42,1788912679.279,2026-09-09 08:11:19.279,0.0,1
run_20260909_2026-09-09-07-56-42,1788912727.474,2026-09-09 08:12:07.474,0.0,1
run_20260909_2026-09-09-07-56-42,1788912727.875,2026-09-09 08:12:07.875,0.401,1
run_20260909_2026-09-09-07-56-42,1788912728.477,2026-09-09 08:12:08.477,0.0,1
run_20260909_2026-09-09-07-56-42,1788912729.279,2026-09-09 08:12:09.279,0.401,1
run_20260909_2026-09-09-07-56-42,1788912729.28,2026-09-09 08:12:09.280,0.002,1
run_20260909_2026-09-09-07-56-42,1788912778.474,2026-09-09 08:12:58.474,0.001,1
run_20260909_2026-09-09-07-56-42,1788912779.075,2026-09-09 08:12:59.075,0.401,1
run_20260909_2026-09-09-07-56-42,1788912779.678,2026-09-09 08:12:59.678,0.0,1
run_20260909_2026-09-09-07-56-42,1788912780.279,2026-09-09 08:13:00.279,0.401,1
run_20260909_2026-09-09-07-56-42,1788912780.279,2026-09-09 08:13:00.279,0.0,1
run_20260909_2026-09-09-07-56-42,1788912829.48,2026-09-09 08:13:49.480,0.0,1
run_20260909_2026-09-09-07-56-42,1788912830.283,2026-09-09 08:13:50.283,0.401,1
run_20260909_2026-09-09-07-56-42,1788912830.283,2026-09-09 08:13:50.283,0.0,1
run_20260909_2026-09-09-07-56-42,1788912878.876,2026-09-09 08:14:38.876,0.0,1
run_20260909_2026-09-09-07-56-42,1788912879.277,2026-09-09 08:14:39.277,0.401,1
run_20260909_2026-09-09-07-56-42,1788912879.678,2026-09-09 08:14:39.678,0.0,1
run_20260909_2026-09-09-07-56-42,1788912880.28,2026-09-09 08:14:40.280,0.402,1
run_20260909_2026-09-09-07-56-42,1788912880.681,2026-09-09 08:14:40.681,0.0,1
run_20260909_2026-09-09-07-56-42,1788912930.673,2026-09-09 08:15:30.673,0.0,1
run_20260909_2026-09-09-07-56-42,1788912931.074,2026-09-09 08:15:31.074,0.401,1
run_20260909_2026-09-09-07-56-42,1788912931.677,2026-09-09 08:15:31.677,0.0,1
run_20260909_2026-09-09-07-56-42,1788912932.278,2026-09-09 08:15:32.278,0.401,1
run_20260909_2026-09-09-07-56-42,1788912932.68,2026-09-09 08:15:32.680,0.0,1
run_20260909_2026-09-09-07-56-42,1788912982.477,2026-09-09 08:16:22.477,0.001,1
run_20260909_2026-09-09-07-56-42,1788912982.878,2026-09-09 08:16:22.878,0.401,1
run_20260909_2026-09-09-07-56-42,1788912983.482,2026-09-09 08:16:23.482,0.003,1
run_20260909_2026-09-09-07-56-42,1788913033.475,2026-09-09 08:17:13.475,0.0,1
run_20260909_2026-09-09-07-56-42,1788913033.876,2026-09-09 08:17:13.876,0.401,1
run_20260909_2026-09-09-07-56-42,1788913034.28,2026-09-09 08:17:14.280,0.0,1
run_20260909_2026-09-09-07-56-42,1788913085.276,2026-09-09 08:18:05.276,0.0,1
run_20260909_2026-09-09-07-56-42,1788913120.804,2026-09-09 08:18:40.804,6.009,0
run_20260909_2026-09-09-07-56-42,1788913135.673,2026-09-09 08:18:55.673,0.0,1
run_20260909_2026-09-09-07-56-42,1788913136.277,2026-09-09 08:18:56.277,0.403,1
run_20260909_2026-09-09-07-56-42,1788913136.278,2026-09-09 08:18:56.278,0.0,1
run_20260909_2026-09-09-07-56-42,1788913186.473,2026-09-09 08:19:46.473,0.0,1
run_20260909_2026-09-09-07-56-42,1788913186.874,2026-09-09 08:19:46.874,0.401,1
run_20260909_2026-09-09-07-56-42,1788913187.477,2026-09-09 08:19:47.477,0.0,1
run_20260909_2026-09-09-07-56-42,1788913188.279,2026-09-09 08:19:48.279,0.401,1
run_20260909_2026-09-09-07-56-42,1788913188.681,2026-09-09 08:19:48.681,0.0,1
run_20260909_2026-09-09-07-56-42,1788913236.874,2026-09-09 08:20:36.874,0.0,1
run_20260909_2026-09-09-07-56-42,1788913237.275,2026-09-09 08:20:37.275,0.401,1
run_20260909_2026-09-09-07-56-42,1788913237.275,2026-09-09 08:20:37.275,0.0,1
run_20260909_2026-09-09-07-56-42,1788913238.277,2026-09-09 08:20:38.277,0.4,0
run_20260909_2026-09-09-07-56-42,1788913238.278,2026-09-09 08:20:38.278,0.001,0
run_20260909_2026-09-09-07-56-42,1788913287.678,2026-09-09 08:21:27.678,0.001,1
run_20260909_2026-09-09-07-56-42,1788913288.28,2026-09-09 08:21:28.280,0.401,1
run_20260909_2026-09-09-07-56-42,1788913288.28,2026-09-09 08:21:28.280,0.0,1
run_20260909_2026-09-09-07-56-42,1788913337.479,2026-09-09 08:22:17.479,0.0,1
run_20260909_2026-09-09-07-56-42,1788913338.283,2026-09-09 08:22:18.283,0.402,1
run_20260909_2026-09-09-07-56-42,1788913338.283,2026-09-09 08:22:18.283,0.0,1
run_20260909_2026-09-09-07-56-42,1788913387.877,2026-09-09 08:23:07.877,0.0,1
run_20260909_2026-09-09-07-56-42,1788913388.279,2026-09-09 08:23:08.279,0.402,1
run_20260909_2026-09-09-07-56-42,1788913388.48,2026-09-09 08:23:08.480,0.0,1
run_20260909_2026-09-09-07-56-42,1788913433.673,2026-09-09 08:23:53.673,0.0,1
run_20260909_2026-09-09-07-56-42,1788913434.074,2026-09-09 08:23:54.074,0.401,1
run_20260909_2026-09-09-07-56-42,1788913434.676,2026-09-09 08:23:54.676,0.0,1
run_20260909_2026-09-09-07-56-42,1788913435.278,2026-09-09 08:23:55.278,0.401,1
run_20260909_2026-09-09-07-56-42,1788913435.278,2026-09-09 08:23:55.278,0.0,1
run_20260909_2026-09-09-07-56-42,1788913436.281,2026-09-09 08:23:56.281,0.401,1
run_20260909_2026-09-09-07-56-42,1788913436.281,2026-09-09 08:23:56.281,0.0,1
run_20260909_2026-09-09-07-56-42,1788913481.677,2026-09-09 08:24:41.677,0.001,1
run_20260909_2026-09-09-07-56-42,1788913483.284,2026-09-09 08:24:43.284,0.401,1
run_20260909_2026-09-09-07-56-42,1788913483.284,2026-09-09 08:24:43.284,0.0,1
run_20260909_2026-09-09-07-56-42,1788913528.278,2026-09-09 08:25:28.278,0.0,1
run_20260909_2026-09-09-07-56-42,1788913531.489,2026-09-09 08:25:31.489,0.401,1
run_20260909_2026-09-09-07-56-42,1788913531.489,2026-09-09 08:25:31.489,0.0,1
run_20260909_2026-09-09-07-56-42,1788913573.676,2026-09-09 08:26:13.676,0.0,1
run_20260909_2026-09-09-07-56-42,1788913574.277,2026-09-09 08:26:14.277,0.401,1
run_20260909_2026-09-09-07-56-42,1788913574.278,2026-09-09 08:26:14.278,0.001,1
run_20260909_2026-09-09-07-56-42,1788913575.281,2026-09-09 08:26:15.281,0.401,1
run_20260909_2026-09-09-07-56-42,1788913575.282,2026-09-09 08:26:15.282,0.001,1
run_20260909_2026-09-09-07-56-42,1788913576.285,2026-09-09 08:26:16.285,0.401,1
run_20260909_2026-09-09-07-56-42,1788913576.286,2026-09-09 08:26:16.286,0.001,1
run_20260909_2026-09-09-07-56-42,1788913619.875,2026-09-09 08:26:59.875,0.001,1
run_20260909_2026-09-09-07-56-42,1788913620.276,2026-09-09 08:27:00.276,0.401,1
run_20260909_2026-09-09-07-56-42,1788913620.678,2026-09-09 08:27:00.678,0.0,1
run_20260909_2026-09-09-07-56-42,1788913667.675,2026-09-09 08:27:47.675,0.001,1
run_20260909_2026-09-09-07-56-42,1788913668.277,2026-09-09 08:27:48.277,0.401,1
run_20260909_2026-09-09-07-56-42,1788913668.277,2026-09-09 08:27:48.277,0.0,1
run_20260909_2026-09-09-07-56-42,1788913714.673,2026-09-09 08:28:34.673,0.0,1
run_20260909_2026-09-09-07-56-42,1788913715.276,2026-09-09 08:28:35.276,0.402,1
run_20260909_2026-09-09-07-56-42,1788913715.276,2026-09-09 08:28:35.276,0.001,1
run_20260909_2026-09-09-07-56-42,1788913760.671,2026-09-09 08:29:20.671,0.0,1
run_20260909_2026-09-09-07-56-42,1788913761.273,2026-09-09 08:29:21.273,0.401,1
run_20260909_2026-09-09-07-56-42,1788913761.474,2026-09-09 08:29:21.474,0.0,1
run_20260910_2026-09-10-16-42-10,1789029731.64,2026-09-10 16:42:11.640,0.0,1
run_20260910_2026-09-10-16-42-10,1789029732.241,2026-09-10 16:42:12.241,0.401,1
run_20260910_2026-09-10-16-42-10,1789029732.242,2026-09-10 16:42:12.242,0.001,1
run_20260910_2026-09-10-16-42-10,1789029775.417,2026-09-10 16:42:55.417,0.0,1
run_20260910_2026-09-10-16-42-10,1789029776.219,2026-09-10 16:42:56.219,0.401,1
run_20260910_2026-09-10-16-42-10,1789029776.219,2026-09-10 16:42:56.219,0.0,1
run_20260910_2026-09-10-16-42-10,1789029819.613,2026-09-10 16:43:39.613,0.001,1
run_20260910_2026-09-10-16-42-10,1789029820.214,2026-09-10 16:43:40.214,0.401,1
run_20260910_2026-09-10-16-42-10,1789029820.214,2026-09-10 16:43:40.214,0.0,1
run_20260910_2026-09-10-16-42-10,1789029823.225,2026-09-10 16:43:43.225,0.401,1
run_20260910_2026-09-10-16-42-10,1789029823.225,2026-09-10 16:43:43.225,0.0,1
run_20260910_2026-09-10-16-42-10,1789029864.605,2026-09-10 16:44:24.605,0.0,1
run_20260910_2026-09-10-16-42-10,1789029865.208,2026-09-10 16:44:25.208,0.402,1
run_20260910_2026-09-10-16-42-10,1789029865.208,2026-09-10 16:44:25.208,0.0,1
run_20260910_2026-09-10-16-42-10,1789029912.604,2026-09-10 16:45:12.604,0.0,1
run_20260910_2026-09-10-16-42-10,1789029913.206,2026-09-10 16:45:13.206,0.401,1
run_20260910_2026-09-10-16-42-10,1789029913.207,2026-09-10 16:45:13.207,0.001,1
run_20260910_2026-09-10-16-42-10,1789029963.818,2026-09-10 16:46:03.818,0.0,1
run_20260910_2026-09-10-16-42-10,1789029964.219,2026-09-10 16:46:04.219,0.401,1
run_20260910_2026-09-10-16-42-10,1789029964.422,2026-09-10 16:46:04.422,0.003,1
run_20260910_2026-09-10-16-42-10,1789029965.425,2026-09-10 16:46:05.425,0.401,1
run_20260910_2026-09-10-16-42-10,1789029965.426,2026-09-10 16:46:05.426,0.001,1
run_20260910_2026-09-10-16-42-10,1789030011.822,2026-09-10 16:46:51.822,0.0,1
run_20260910_2026-09-10-16-42-10,1789030012.223,2026-09-10 16:46:52.223,0.401,1
run_20260910_2026-09-10-16-42-10,1789030012.223,2026-09-10 16:46:52.223,0.0,1
run_20260910_2026-09-10-16-42-10,1789030013.226,2026-09-10 16:46:53.226,0.401,1
run_20260910_2026-09-10-16-42-10,1789030013.227,2026-09-10 16:46:53.227,0.0,1
run_20260910_2026-09-10-16-42-10,1789030057.22,2026-09-10 16:47:37.220,0.0,1
run_20260910_2026-09-10-16-42-10,1789030057.621,2026-09-10 16:47:37.621,0.401,1
run_20260910_2026-09-10-16-42-10,1789030057.621,2026-09-10 16:47:37.621,0.0,1
run_20260910_2026-09-10-16-42-10,1789030058.222,2026-09-10 16:47:38.222,0.4,1
run_20260910_2026-09-10-16-42-10,1789030058.424,2026-09-10 16:47:38.424,0.0,1
run_20260910_2026-09-10-16-42-10,1789030059.227,2026-09-10 16:47:39.227,0.402,1
run_20260910_2026-09-10-16-42-10,1789030059.227,2026-09-10 16:47:39.227,0.001,1
run_20260910_2026-09-10-16-42-10,1789030104.819,2026-09-10 16:48:24.819,0.0,1
run_20260910_2026-09-10-16-42-10,1789030105.22,2026-09-10 16:48:25.220,0.401,1
run_20260910_2026-09-10-16-42-10,1789030105.424,2026-09-10 16:48:25.424,0.0,1
run_20260910_2026-09-10-16-42-10,1789030150.418,2026-09-10 16:49:10.418,0.002,1
run_20260910_2026-09-10-16-42-10,1789030151.219,2026-09-10 16:49:11.219,0.401,1
run_20260910_2026-09-10-16-42-10,1789030151.219,2026-09-10 16:49:11.219,0.0,1
run_20260910_2026-09-10-16-42-10,1789030153.227,2026-09-10 16:49:13.227,0.401,1
run_20260910_2026-09-10-16-42-10,1789030153.227,2026-09-10 16:49:13.227,0.0,1
run_20260910_2026-09-10-16-42-10,1789030196.616,2026-09-10 16:49:56.616,0.001,1
run_20260910_2026-09-10-16-42-10,1789030197.217,2026-09-10 16:49:57.217,0.401,1
run_20260910_2026-09-10-16-42-10,1789030197.619,2026-09-10 16:49:57.619,0.0,1
run_20260910_2026-09-10-16-42-10,1789030198.221,2026-09-10 16:49:58.221,0.401,1
run_20260910_2026-09-10-16-42-10,1789030198.221,2026-09-10 16:49:58.221,0.0,1
run_20260910_2026-09-10-16-42-10,1789030243.815,2026-09-10 16:50:43.815,0.001,1
run_20260910_2026-09-10-16-42-10,1789030244.216,2026-09-10 16:50:44.216,0.4,1
run_20260910_2026-09-10-16-42-10,1789030244.416,2026-09-10 16:50:44.416,0.0,1
run_20260910_2026-09-10-16-42-10,1789030245.219,2026-09-10 16:50:45.219,0.402,1
run_20260910_2026-09-10-16-42-10,1789030245.219,2026-09-10 16:50:45.219,0.0,1
run_20260910_2026-09-10-16-42-10,1789030291.614,2026-09-10 16:51:31.614,0.0,1
run_20260910_2026-09-10-16-42-10,1789030292.015,2026-09-10 16:51:32.015,0.4,1
run_20260910_2026-09-10-16-42-10,1789030292.417,2026-09-10 16:51:32.417,0.001,1
run_20260910_2026-09-10-16-42-10,1789030293.218,2026-09-10 16:51:33.218,0.401,1
run_20260910_2026-09-10-16-42-10,1789030293.219,2026-09-10 16:51:33.219,0.001,1
run_20260910_2026-09-10-16-42-10,1789030338.813,2026-09-10 16:52:18.813,0.0,1
run_20260910_2026-09-10-16-42-10,1789030339.214,2026-09-10 16:52:19.214,0.401,1
run_20260910_2026-09-10-16-42-10,1789030339.415,2026-09-10 16:52:19.415,0.001,1
run_20260910_2026-09-10-16-42-10,1789030340.217,2026-09-10 16:52:20.217,0.401,1
run_20260910_2026-09-10-16-42-10,1789030340.418,2026-09-10 16:52:20.418,0.001,1
run_20260910_2026-09-10-16-42-10,1789030341.22,2026-09-10 16:52:21.220,0.4,1
run_20260910_2026-09-10-16-42-10,1789030341.221,2026-09-10 16:52:21.221,0.0,1
run_20260910_2026-09-10-16-42-10,1789030385.812,2026-09-10 16:53:05.812,0.0,1
run_20260910_2026-09-10-16-42-10,1789030386.212,2026-09-10 16:53:06.212,0.401,1
run_20260910_2026-09-10-16-42-10,1789030386.212,2026-09-10 16:53:06.212,0.0,1
run_20260910_2026-09-10-16-42-10,1789030387.218,2026-09-10 16:53:07.218,0.401,1
run_20260910_2026-09-10-16-42-10,1789030387.218,2026-09-10 16:53:07.218,0.0,1
run_20260910_2026-09-10-16-42-10,1789030431.81,2026-09-10 16:53:51.810,0.003,1
run_20260910_2026-09-10-16-42-10,1789030432.21,2026-09-10 16:53:52.210,0.401,1
run_20260910_2026-09-10-16-42-10,1789030432.211,2026-09-10 16:53:52.211,0.001,1
run_20260910_2026-09-10-16-42-10,1789030433.215,2026-09-10 16:53:53.215,0.402,1
run_20260910_2026-09-10-16-42-10,1789030433.215,2026-09-10 16:53:53.215,0.0,1
run_20260910_2026-09-10-16-42-10,1789030478.605,2026-09-10 16:54:38.605,0.0,1
run_20260910_2026-09-10-16-42-10,1789030479.207,2026-09-10 16:54:39.207,0.401,1
run_20260910_2026-09-10-16-42-10,1789030479.207,2026-09-10 16:54:39.207,0.001,1
run_20260910_2026-09-10-16-42-10,1789030480.21,2026-09-10 16:54:40.210,0.401,1
run_20260910_2026-09-10-16-42-10,1789030480.211,2026-09-10 16:54:40.211,0.001,1
run_20260910_2026-09-10-16-42-10,1789030526.802,2026-09-10 16:55:26.802,0.0,1
run_20260910_2026-09-10-16-42-10,1789030527.203,2026-09-10 16:55:27.203,0.401,1
run_20260910_2026-09-10-16-42-10,1789030527.203,2026-09-10 16:55:27.203,0.001,1
run_20260910_2026-09-10-16-42-10,1789030572.798,2026-09-10 16:56:12.798,0.0,1
run_20260910_2026-09-10-16-42-10,1789030573.199,2026-09-10 16:56:13.199,0.4,1
run_20260910_2026-09-10-16-42-10,1789030573.4,2026-09-10 16:56:13.400,0.0,1
run_20260910_2026-09-10-16-42-10,1789030574.203,2026-09-10 16:56:14.203,0.401,1
run_20260910_2026-09-10-16-42-10,1789030574.203,2026-09-10 16:56:14.203,0.0,1
run_20260910_2026-09-10-16-42-10,1789030619.792,2026-09-10 16:56:59.792,0.001,1
run_20260910_2026-09-10-16-42-10,1789030620.193,2026-09-10 16:57:00.193,0.401,1
run_20260910_2026-09-10-16-42-10,1789030620.595,2026-09-10 16:57:00.595,0.0,1
run_20260910_2026-09-10-16-42-10,1789030621.196,2026-09-10 16:57:01.196,0.401,1
run_20260910_2026-09-10-16-42-10,1789030621.397,2026-09-10 16:57:01.397,0.0,1
run_20260910_2026-09-10-16-42-10,1789030666.386,2026-09-10 16:57:46.386,0.0,1
run_20260910_2026-09-10-16-42-10,1789030666.787,2026-09-10 16:57:46.787,0.401,1
run_20260910_2026-09-10-16-42-10,1789030666.787,2026-09-10 16:57:46.787,0.0,1
run_20260910_2026-09-10-16-42-10,1789030667.187,2026-09-10 16:57:47.187,0.401,1
run_20260910_2026-09-10-16-42-10,1789030667.589,2026-09-10 16:57:47.589,0.0,1
run_20260910_2026-09-10-16-42-10,1789030668.191,2026-09-10 16:57:48.191,0.4,1
run_20260910_2026-09-10-16-42-10,1789030668.395,2026-09-10 16:57:48.395,0.001,1
run_20260910_2026-09-10-16-42-10,1789030669.197,2026-09-10 16:57:49.197,0.401,1
run_20260910_2026-09-10-16-42-10,1789030669.198,2026-09-10 16:57:49.198,0.001,1
run_20260910_2026-09-10-16-42-10,1789030714.791,2026-09-10 16:58:34.791,0.0,1
run_20260910_2026-09-10-16-42-10,1789030715.192,2026-09-10 16:58:35.192,0.401,1
run_20260910_2026-09-10-16-42-10,1789030715.594,2026-09-10 16:58:35.594,0.0,1
run_20260910_2026-09-10-16-42-10,1789030716.195,2026-09-10 16:58:36.195,0.401,1
run_20260910_2026-09-10-16-42-10,1789030716.196,2026-09-10 16:58:36.196,0.0,1
run_20260910_2026-09-10-16-42-10,1789030717.198,2026-09-10 16:58:37.198,0.401,1
run_20260910_2026-09-10-16-42-10,1789030717.198,2026-09-10 16:58:37.198,0.0,1
run_20260910_2026-09-10-16-42-10,1789030763.797,2026-09-10 16:59:23.797,0.001,1
run_20260910_2026-09-10-16-42-10,1789030764.197,2026-09-10 16:59:24.197,0.401,1
run_20260910_2026-09-10-16-42-10,1789030764.198,2026-09-10 16:59:24.198,0.0,1
run_20260910_2026-09-10-16-42-10,1789030765.201,2026-09-10 16:59:25.201,0.401,1
run_20260910_2026-09-10-16-42-10,1789030765.202,2026-09-10 16:59:25.202,0.001,1
run_20260910_2026-09-10-16-42-10,1789030811.399,2026-09-10 17:00:11.399,0.0,1
run_20260910_2026-09-10-16-42-10,1789030812.202,2026-09-10 17:00:12.202,0.402,1
run_20260910_2026-09-10-16-42-10,1789030812.202,2026-09-10 17:00:12.202,0.0,1
run_20260910_2026-09-10-16-42-10,1789030858.6,2026-09-10 17:00:58.600,0.0,1
run_20260910_2026-09-10-16-42-10,1789030859.201,2026-09-10 17:00:59.201,0.401,1
run_20260910_2026-09-10-16-42-10,1789030859.404,2026-09-10 17:00:59.404,0.0,1
run_20260910_2026-09-10-16-42-10,1789030860.206,2026-09-10 17:01:00.206,0.401,1
run_20260910_2026-09-10-16-42-10,1789030860.208,2026-09-10 17:01:00.208,0.001,1
run_20260910_2026-09-10-16-42-10,1789030861.211,2026-09-10 17:01:01.211,0.401,1
run_20260910_2026-09-10-16-42-10,1789030861.212,2026-09-10 17:01:01.212,0.001,1
run_20260910_2026-09-10-16-42-10,1789030905.6,2026-09-10 17:01:45.600,0.0,1
run_20260910_2026-09-10-16-42-10,1789030906.0,2026-09-10 17:01:46.000,0.4,1
run_20260910_2026-09-10-16-42-10,1789030906.603,2026-09-10 17:01:46.603,0.0,1
run_20260910_2026-09-10-16-42-10,1789030907.205,2026-09-10 17:01:47.205,0.401,1
run_20260910_2026-09-10-16-42-10,1789030907.206,2026-09-10 17:01:47.206,0.001,1
run_20260910_2026-09-10-16-42-10,1789030909.413,2026-09-10 17:01:49.413,0.401,1
run_20260910_2026-09-10-16-42-10,1789030909.417,2026-09-10 17:01:49.417,0.004,1
run_20260910_2026-09-10-16-42-10,1789030954.604,2026-09-10 17:02:34.604,0.003,1
run_20260910_2026-09-10-16-42-10,1789030955.205,2026-09-10 17:02:35.205,0.401,1
run_20260910_2026-09-10-16-42-10,1789030955.406,2026-09-10 17:02:35.406,0.001,1
run_20260910_2026-09-10-16-42-10,1789031003.6,2026-09-10 17:03:23.600,0.0,1
run_20260910_2026-09-10-16-42-10,1789031004.0,2026-09-10 17:03:24.000,0.401,1
run_20260910_2026-09-10-16-42-10,1789031004.603,2026-09-10 17:03:24.603,0.0,1
run_20260910_2026-09-10-16-42-10,1789031005.204,2026-09-10 17:03:25.204,0.401,1
run_20260910_2026-09-10-16-42-10,1789031005.208,2026-09-10 17:03:25.208,0.004,1
run_20260910_2026-09-10-16-42-10,1789031050.6,2026-09-10 17:04:10.600,0.0,1
run_20260910_2026-09-10-16-42-10,1789031051.201,2026-09-10 17:04:11.201,0.401,1
run_20260910_2026-09-10-16-42-10,1789031051.604,2026-09-10 17:04:11.604,0.0,1
run_20260910_2026-09-10-16-42-10,1789031052.205,2026-09-10 17:04:12.205,0.401,1
run_20260910_2026-09-10-16-42-10,1789031052.206,2026-09-10 17:04:12.206,0.0,1
run_20260910_2026-09-10-16-42-10,1789031053.209,2026-09-10 17:04:13.209,0.401,1
run_20260910_2026-09-10-16-42-10,1789031053.21,2026-09-10 17:04:13.210,0.0,1
run_20260910_2026-09-10-16-42-10,1789031097.796,2026-09-10 17:04:57.796,0.0,1
run_20260910_2026-09-10-16-42-10,1789031098.197,2026-09-10 17:04:58.197,0.4,1
run_20260910_2026-09-10-16-42-10,1789031098.397,2026-09-10 17:04:58.397,0.0,1
run_20260910_2026-09-10-16-42-10,1789031098.798,2026-09-10 17:04:58.798,0.401,1
run_20260910_2026-09-10-16-42-10,1789031099.601,2026-09-10 17:04:59.601,0.0,1
run_20260910_2026-09-10-16-42-10,1789031100.203,2026-09-10 17:05:00.203,0.401,1
run_20260910_2026-09-10-16-42-10,1789031100.404,2026-09-10 17:05:00.404,0.0,1
run_20260910_2026-09-10-16-42-10,1789031145.797,2026-09-10 17:05:45.797,0.0,1
run_20260910_2026-09-10-16-42-10,1789031146.198,2026-09-10 17:05:46.198,0.401,1
run_20260910_2026-09-10-16-42-10,1789031146.401,2026-09-10 17:05:46.401,0.0,1
run_20260910_2026-09-10-16-42-10,1789031147.203,2026-09-10 17:05:47.203,0.401,1
run_20260910_2026-09-10-16-42-10,1789031147.204,2026-09-10 17:05:47.204,0.002,1
run_20260910_2026-09-10-16-42-10,1789031193.796,2026-09-10 17:06:33.796,0.0,1
run_20260910_2026-09-10-16-42-10,1789031194.197,2026-09-10 17:06:34.197,0.4,1
run_20260910_2026-09-10-16-42-10,1789031194.398,2026-09-10 17:06:34.398,0.001,1
run_20260910_2026-09-10-16-42-10,1789031195.2,2026-09-10 17:06:35.200,0.401,1
run_20260910_2026-09-10-16-42-10,1789031195.2,2026-09-10 17:06:35.200,0.0,1
run_20260910_2026-09-10-16-42-10,1789031240.595,2026-09-10 17:07:20.595,0.001,1
run_20260910_2026-09-10-16-42-10,1789031241.197,2026-09-10 17:07:21.197,0.401,1
run_20260910_2026-09-10-16-42-10,1789031241.197,2026-09-10 17:07:21.197,0.0,1
run_20260910_2026-09-10-16-42-10,1789031242.202,2026-09-10 17:07:22.202,0.401,1
run_20260910_2026-09-10-16-42-10,1789031242.202,2026-09-10 17:07:22.202,0.0,1
run_20260910_2026-09-10-16-42-10,1789031286.796,2026-09-10 17:08:06.796,0.003,1
run_20260910_2026-09-10-16-42-10,1789031287.197,2026-09-10 17:08:07.197,0.4,1
run_20260910_2026-09-10-16-42-10,1789031287.197,2026-09-10 17:08:07.197,0.0,1
run_20260910_2026-09-10-16-42-10,1789031288.2,2026-09-10 17:08:08.200,0.401,1
run_20260910_2026-09-10-16-42-10,1789031288.2,2026-09-10 17:08:08.200,0.0,1
run_20260910_2026-09-10-16-42-10,1789031332.79,2026-09-10 17:08:52.790,0.0,1
run_20260910_2026-09-10-16-42-10,1789031333.191,2026-09-10 17:08:53.191,0.401,1
run_20260910_2026-09-10-16-42-10,1789031333.393,2026-09-10 17:08:53.393,0.0,1
run_20260910_2026-09-10-16-42-10,1789031334.195,2026-09-10 17:08:54.195,0.401,1
run_20260910_2026-09-10-16-42-10,1789031334.196,2026-09-10 17:08:54.196,0.001,1
run_20260910_2026-09-10-16-42-10,1789031335.197,2026-09-10 17:08:55.197,0.401,1
run_20260910_2026-09-10-16-42-10,1789031335.198,2026-09-10 17:08:55.198,0.001,1
run_20260910_2026-09-10-16-42-10,1789031378.787,2026-09-10 17:09:38.787,0.0,1
run_20260910_2026-09-10-16-42-10,1789031379.188,2026-09-10 17:09:39.188,0.401,1
run_20260910_2026-09-10-16-42-10,1789031379.188,2026-09-10 17:09:39.188,0.0,1
run_20260910_2026-09-10-16-42-10,1789031379.589,2026-09-10 17:09:39.589,0.401,1
run_20260910_2026-09-10-16-42-10,1789031379.59,2026-09-10 17:09:39.590,0.002,1
run_20260910_2026-09-10-16-42-10,1789031380.192,2026-09-10 17:09:40.192,0.401,1
run_20260910_2026-09-10-16-42-10,1789031380.192,2026-09-10 17:09:40.192,0.001,1
run_20260910_2026-09-10-16-42-10,1789031426.586,2026-09-10 17:10:26.586,0.0,1
run_20260910_2026-09-10-16-42-10,1789031426.987,2026-09-10 17:10:26.987,0.401,1
run_20260910_2026-09-10-16-42-10,1789031427.189,2026-09-10 17:10:27.189,0.0,1
run_20260910_2026-09-10-16-42-10,1789031428.191,2026-09-10 17:10:28.191,0.401,1
run_20260910_2026-09-10-16-42-10,1789031428.194,2026-09-10 17:10:28.194,0.003,1
run_20260910_2026-09-10-16-42-10,1789031473.584,2026-09-10 17:11:13.584,0.0,1
run_20260910_2026-09-10-16-42-10,1789031474.185,2026-09-10 17:11:14.185,0.401,1
run_20260910_2026-09-10-16-42-10,1789031474.588,2026-09-10 17:11:14.588,0.0,1
run_20260910_2026-09-10-16-42-10,1789031520.779,2026-09-10 17:12:00.779,0.0,1
run_20260910_2026-09-10-16-42-10,1789031521.18,2026-09-10 17:12:01.180,0.401,1
run_20260910_2026-09-10-16-42-10,1789031521.18,2026-09-10 17:12:01.180,0.0,1
run_20260910_2026-09-10-16-42-10,1789031521.581,2026-09-10 17:12:01.581,0.401,1
run_20260910_2026-09-10-16-42-10,1789031521.582,2026-09-10 17:12:01.582,0.001,1
run_20260910_2026-09-10-16-42-10,1789031522.184,2026-09-10 17:12:02.184,0.401,1
run_20260910_2026-09-10-16-42-10,1789031522.184,2026-09-10 17:12:02.184,0.001,1
run_20260910_2026-09-10-16-42-10,1789031524.194,2026-09-10 17:12:04.194,0.401,1
run_20260910_2026-09-10-16-42-10,1789031524.194,2026-09-10 17:12:04.194,0.0,1
run_20260910_2026-09-10-16-42-10,1789031567.578,2026-09-10 17:12:47.578,0.0,1
run_20260910_2026-09-10-16-42-10,1789031568.181,2026-09-10 17:12:48.181,0.402,1
run_20260910_2026-09-10-16-42-10,1789031568.382,2026-09-10 17:12:48.382,0.0,1
run_20260910_2026-09-10-16-42-10,1789031614.578,2026-09-10 17:13:34.578,0.0,1
run_20260910_2026-09-10-16-42-10,1789031615.179,2026-09-10 17:13:35.179,0.401,1
run_20260910_2026-09-10-16-42-10,1789031615.18,2026-09-10 17:13:35.180,0.001,1
run_20260910_2026-09-10-16-42-10,1789031616.183,2026-09-10 17:13:36.183,0.401,1
run_20260910_2026-09-10-16-42-10,1789031616.184,2026-09-10 17:13:36.184,0.001,1
run_20260910_2026-09-10-16-42-10,1789031659.577,2026-09-10 17:14:19.577,0.0,1
run_20260910_2026-09-10-16-42-10,1789031706.772,2026-09-10 17:15:06.772,0.0,1
run_20260910_2026-09-10-16-42-10,1789031707.173,2026-09-10 17:15:07.173,0.401,1
run_20260910_2026-09-10-16-42-10,1789031707.576,2026-09-10 17:15:07.576,0.001,1
run_20260910_2026-09-10-16-42-10,1789031708.177,2026-09-10 17:15:08.177,0.401,1
run_20260910_2026-09-10-16-42-10,1789031708.579,2026-09-10 17:15:08.579,0.001,1
run_20260910_2026-09-10-16-42-10,1789031758.586,2026-09-10 17:15:58.586,0.0,1
run_20260910_2026-09-10-16-42-10,1789031759.188,2026-09-10 17:15:59.188,0.402,1
run_20260910_2026-09-10-16-42-10,1789031759.59,2026-09-10 17:15:59.590,0.0,1
run_20260910_2026-09-10-16-42-10,1789031808.194,2026-09-10 17:16:48.194,0.0,1
run_20260910_2026-09-10-16-42-10,1789031808.595,2026-09-10 17:16:48.595,0.401,1
run_20260910_2026-09-10-16-42-10,1789031808.595,2026-09-10 17:16:48.595,0.0,1
run_20260910_2026-09-10-16-42-10,1789031808.996,2026-09-10 17:16:48.996,0.401,1
run_20260910_2026-09-10-16-42-10,1789031809.197,2026-09-10 17:16:49.197,0.0,1
run_20260910_2026-09-10-16-42-10,1789031810.199,2026-09-10 17:16:50.199,0.401,1
run_20260910_2026-09-10-16-42-10,1789031810.202,2026-09-10 17:16:50.202,0.003,1
run_20260910_2026-09-10-16-42-10,1789031857.604,2026-09-10 17:17:37.604,0.0,1
run_20260910_2026-09-10-16-42-10,1789031858.206,2026-09-10 17:17:38.206,0.401,1
run_20260910_2026-09-10-16-42-10,1789031858.408,2026-09-10 17:17:38.408,0.001,1
run_20260910_2026-09-10-16-42-10,1789031905.81,2026-09-10 17:18:25.810,0.0,1
run_20260910_2026-09-10-16-42-10,1789031906.211,2026-09-10 17:18:26.211,0.401,1
run_20260910_2026-09-10-16-42-10,1789031906.412,2026-09-10 17:18:26.412,0.0,1
run_20260910_2026-09-10-16-42-10,1789031907.214,2026-09-10 17:18:27.214,0.401,1
run_20260910_2026-09-10-16-42-10,1789031907.214,2026-09-10 17:18:27.214,0.0,1
run_20260910_2026-09-10-16-42-10,1789031954.612,2026-09-10 17:19:14.612,0.001,1
run_20260910_2026-09-10-16-42-10,1789031955.215,2026-09-10 17:19:15.215,0.402,1
run_20260910_2026-09-10-16-42-10,1789031955.416,2026-09-10 17:19:15.416,0.0,1
run_20260910_2026-09-10-16-42-10,1789031956.621,2026-09-10 17:19:16.621,0.401,1
run_20260910_2026-09-10-16-42-10,1789031956.621,2026-09-10 17:19:16.621,0.0,1
run_20260910_2026-09-10-16-42-10,1789032004.42,2026-09-10 17:20:04.420,0.0,1
run_20260910_2026-09-10-16-42-10,1789032005.221,2026-09-10 17:20:05.221,0.401,1
run_20260910_2026-09-10-16-42-10,1789032005.223,2026-09-10 17:20:05.223,0.001,1
run_20260910_2026-09-10-16-42-10,1789032051.62,2026-09-10 17:20:51.620,0.0,1
run_20260910_2026-09-10-16-42-10,1789032052.22,2026-09-10 17:20:52.220,0.401,1
run_20260910_2026-09-10-16-42-10,1789032052.221,2026-09-10 17:20:52.221,0.0,1
run_20260910_2026-09-10-16-42-10,1789032053.224,2026-09-10 17:20:53.224,0.401,1
run_20260910_2026-09-10-16-42-10,1789032053.224,2026-09-10 17:20:53.224,0.0,1
run_20260910_2026-09-10-16-42-10,1789032098.824,2026-09-10 17:21:38.824,0.0,1
run_20260910_2026-09-10-16-42-10,1789032099.225,2026-09-10 17:21:39.225,0.401,1
run_20260910_2026-09-10-16-42-10,1789032099.627,2026-09-10 17:21:39.627,0.001,1
run_20260910_2026-09-10-16-42-10,1789032100.228,2026-09-10 17:21:40.228,0.401,1
run_20260910_2026-09-10-16-42-10,1789032100.229,2026-09-10 17:21:40.229,0.001,1
run_20260910_2026-09-10-16-42-10,1789032145.823,2026-09-10 17:22:25.823,0.001,1
run_20260910_2026-09-10-16-42-10,1789032146.224,2026-09-10 17:22:26.224,0.401,1
run_20260910_2026-09-10-16-42-10,1789032146.625,2026-09-10 17:22:26.625,0.0,1
run_20260910_2026-09-10-16-42-10,1789032194.626,2026-09-10 17:23:14.626,0.0,1
run_20260910_2026-09-10-16-42-10,1789032195.229,2026-09-10 17:23:15.229,0.402,1
run_20260910_2026-09-10-16-42-10,1789032195.229,2026-09-10 17:23:15.229,0.0,1
run_20260910_2026-09-10-16-42-10,1789032196.231,2026-09-10 17:23:16.231,0.401,1
run_20260910_2026-09-10-16-42-10,1789032196.232,2026-09-10 17:23:16.232,0.001,1
run_20260910_2026-09-10-17-55-11,1789034155.305,2026-09-10 17:55:55.305,0.0,1
run_20260910_2026-09-10-17-55-11,1789034155.706,2026-09-10 17:55:55.706,0.401,1
run_20260910_2026-09-10-17-55-11,1789034155.707,2026-09-10 17:55:55.707,0.0,1
run_20260910_2026-09-10-17-55-11,1789034156.309,2026-09-10 17:55:56.309,0.401,1
run_20260910_2026-09-10-17-55-11,1789034156.309,2026-09-10 17:55:56.309,0.0,1
run_20260910_2026-09-10-17-55-11,1789034158.317,2026-09-10 17:55:58.317,0.401,1
run_20260910_2026-09-10-17-55-11,1789034158.317,2026-09-10 17:55:58.317,0.0,1
run_20260910_2026-09-10-17-55-11,1789034203.907,2026-09-10 17:56:43.907,0.001,1
run_20260910_2026-09-10-17-55-11,1789034204.308,2026-09-10 17:56:44.308,0.401,1
run_20260910_2026-09-10-17-55-11,1789034204.509,2026-09-10 17:56:44.509,0.0,1
run_20260910_2026-09-10-17-55-11,1789034205.312,2026-09-10 17:56:45.312,0.402,1
run_20260910_2026-09-10-17-55-11,1789034205.312,2026-09-10 17:56:45.312,0.0,1
run_20260910_2026-09-10-17-55-11,1789034248.906,2026-09-10 17:57:28.906,0.0,1
run_20260910_2026-09-10-17-55-11,1789034249.307,2026-09-10 17:57:29.307,0.401,1
run_20260910_2026-09-10-17-55-11,1789034249.709,2026-09-10 17:57:29.709,0.001,1
run_20260910_2026-09-10-17-55-11,1789034250.311,2026-09-10 17:57:30.311,0.401,1
run_20260910_2026-09-10-17-55-11,1789034250.512,2026-09-10 17:57:30.512,0.0,1
run_20260910_2026-09-10-17-55-11,1789034251.916,2026-09-10 17:57:31.916,0.401,1
run_20260910_2026-09-10-17-55-11,1789034251.917,2026-09-10 17:57:31.917,0.0,1
run_20260910_2026-09-10-17-55-11,1789034292.888,2026-09-10 17:58:12.888,0.001,1
run_20260910_2026-09-10-17-55-11,1789034293.289,2026-09-10 17:58:13.289,0.401,1
run_20260910_2026-09-10-17-55-11,1789034293.692,2026-09-10 17:58:13.692,0.0,1
run_20260910_2026-09-10-17-55-11,1789034294.293,2026-09-10 17:58:14.293,0.401,1
run_20260910_2026-09-10-17-55-11,1789034294.293,2026-09-10 17:58:14.293,0.0,1
run_20260910_2026-09-10-17-55-11,1789034324.418,2026-09-10 17:58:44.418,0.198,1
run_20260910_2026-09-10-17-55-11,1789034336.671,2026-09-10 17:58:56.671,0.001,1
run_20260910_2026-09-10-17-55-11,1789034337.072,2026-09-10 17:58:57.072,0.401,1
run_20260910_2026-09-10-17-55-11,1789034337.272,2026-09-10 17:58:57.272,0.0,1
run_20260910_2026-09-10-17-55-11,1789034381.455,2026-09-10 17:59:41.455,0.0,1
run_20260910_2026-09-10-17-55-11,1789034382.055,2026-09-10 17:59:42.055,0.4,1
run_20260910_2026-09-10-17-55-11,1789034382.657,2026-09-10 17:59:42.657,0.0,1
run_20260910_2026-09-10-17-55-11,1789034383.259,2026-09-10 17:59:43.259,0.401,1
run_20260910_2026-09-10-17-55-11,1789034383.261,2026-09-10 17:59:43.261,0.003,1
run_20260910_2026-09-10-17-55-11,1789034428.445,2026-09-10 18:00:28.445,0.003,1
run_20260910_2026-09-10-17-55-11,1789034429.247,2026-09-10 18:00:29.247,0.401,1
run_20260910_2026-09-10-17-55-11,1789034429.248,2026-09-10 18:00:29.248,0.001,1
run_20260910_2026-09-10-17-55-11,1789034473.637,2026-09-10 18:01:13.637,0.004,1
run_20260910_2026-09-10-17-55-11,1789034519.63,2026-09-10 18:01:59.630,0.0,1
run_20260910_2026-09-10-17-55-11,1789034520.232,2026-09-10 18:02:00.232,0.401,1
run_20260910_2026-09-10-17-55-11,1789034520.232,2026-09-10 18:02:00.232,0.001,1
run_20260910_2026-09-10-17-55-11,1789034521.436,2026-09-10 18:02:01.436,0.401,1
run_20260910_2026-09-10-17-55-11,1789034521.436,2026-09-10 18:02:01.436,0.0,1
run_20260910_2026-09-10-17-55-11,1789034565.221,2026-09-10 18:02:45.221,0.0,1
run_20260910_2026-09-10-17-55-11,1789034565.621,2026-09-10 18:02:45.621,0.401,1
run_20260910_2026-09-10-17-55-11,1789034565.622,2026-09-10 18:02:45.622,0.0,1
run_20260910_2026-09-10-17-55-11,1789034566.222,2026-09-10 18:02:46.222,0.401,1
run_20260910_2026-09-10-17-55-11,1789034566.224,2026-09-10 18:02:46.224,0.001,1
run_20260910_2026-09-10-17-55-11,1789034611.615,2026-09-10 18:03:31.615,0.0,1
run_20260910_2026-09-10-17-55-11,1789034612.015,2026-09-10 18:03:32.015,0.401,1
run_20260910_2026-09-10-17-55-11,1789034612.618,2026-09-10 18:03:32.618,0.0,1
run_20260910_2026-09-10-17-55-11,1789034613.219,2026-09-10 18:03:33.219,0.401,1
run_20260910_2026-09-10-17-55-11,1789034613.219,2026-09-10 18:03:33.219,0.0,1
run_20260910_2026-09-10-17-55-11,1789034614.222,2026-09-10 18:03:34.222,0.401,1
run_20260910_2026-09-10-17-55-11,1789034614.223,2026-09-10 18:03:34.223,0.0,1
run_20260910_2026-09-10-17-55-11,1789034657.613,2026-09-10 18:04:17.613,0.001,1
run_20260910_2026-09-10-17-55-11,1789034658.214,2026-09-10 18:04:18.214,0.4,1
run_20260910_2026-09-10-17-55-11,1789034658.616,2026-09-10 18:04:18.616,0.001,1
run_20260910_2026-09-10-17-55-11,1789034659.418,2026-09-10 18:04:19.418,0.401,1
run_20260910_2026-09-10-17-55-11,1789034659.418,2026-09-10 18:04:19.418,0.0,1
run_20260910_2026-09-10-17-55-11,1789034705.61,2026-09-10 18:05:05.610,0.0,1
run_20260910_2026-09-10-17-55-11,1789034706.212,2026-09-10 18:05:06.212,0.401,1
run_20260910_2026-09-10-17-55-11,1789034706.212,2026-09-10 18:05:06.212,0.0,1
run_20260910_2026-09-10-17-55-11,1789034752.406,2026-09-10 18:05:52.406,0.0,1
run_20260910_2026-09-10-17-55-11,1789034753.208,2026-09-10 18:05:53.208,0.401,1
run_20260910_2026-09-10-17-55-11,1789034753.209,2026-09-10 18:05:53.209,0.001,1
run_20260910_2026-09-10-17-55-11,1789034800.609,2026-09-10 18:06:40.609,0.0,1
run_20260910_2026-09-10-17-55-11,1789034801.01,2026-09-10 18:06:41.010,0.4,1
run_20260910_2026-09-10-17-55-11,1789034801.613,2026-09-10 18:06:41.613,0.0,1
run_20260910_2026-09-10-17-55-11,1789034802.014,2026-09-10 18:06:42.014,0.401,1
run_20260910_2026-09-10-17-55-11,1789034802.215,2026-09-10 18:06:42.215,0.0,1
run_20260910_2026-09-10-17-55-11,1789034802.615,2026-09-10 18:06:42.615,0.401,1
run_20260910_2026-09-10-17-55-11,1789034802.616,2026-09-10 18:06:42.616,0.001,1
run_20260910_2026-09-10-17-55-11,1789034803.217,2026-09-10 18:06:43.217,0.401,1
run_20260910_2026-09-10-17-55-11,1789034803.217,2026-09-10 18:06:43.217,0.0,1
run_20260910_2026-09-10-17-55-11,1789034851.626,2026-09-10 18:07:31.626,0.0,1
run_20260910_2026-09-10-17-55-11,1789034852.027,2026-09-10 18:07:32.027,0.401,1
run_20260910_2026-09-10-17-55-11,1789034852.63,2026-09-10 18:07:32.630,0.0,1
run_20260910_2026-09-10-17-55-11,1789034853.231,2026-09-10 18:07:33.231,0.401,1
run_20260910_2026-09-10-17-55-11,1789034853.233,2026-09-10 18:07:33.233,0.001,1
run_20260910_2026-09-10-17-55-11,1789034854.235,2026-09-10 18:07:34.235,0.401,1
run_20260910_2026-09-10-17-55-11,1789034854.235,2026-09-10 18:07:34.235,0.0,1
run_20260910_2026-09-10-17-55-11,1789034901.838,2026-09-10 18:08:21.838,0.0,1
run_20260910_2026-09-10-17-55-11,1789034902.238,2026-09-10 18:08:22.238,0.4,1
run_20260910_2026-09-10-17-55-11,1789034902.64,2026-09-10 18:08:22.640,0.0,1
run_20260910_2026-09-10-17-55-11,1789034903.242,2026-09-10 18:08:23.242,0.401,1
run_20260910_2026-09-10-17-55-11,1789034903.242,2026-09-10 18:08:23.242,0.0,1
run_20260910_2026-09-10-17-55-11,1789034950.842,2026-09-10 18:09:10.842,0.0,1
run_20260910_2026-09-10-17-55-11,1789034951.243,2026-09-10 18:09:11.243,0.401,1
run_20260910_2026-09-10-17-55-11,1789034951.243,2026-09-10 18:09:11.243,0.001,1
run_20260910_2026-09-10-17-55-11,1789034951.644,2026-09-10 18:09:11.644,0.401,1
run_20260910_2026-09-10-17-55-11,1789034951.648,2026-09-10 18:09:11.648,0.003,1
run_20260910_2026-09-10-17-55-11,1789034998.241,2026-09-10 18:09:58.241,0.0,1
run_20260910_2026-09-10-17-55-11,1789034998.642,2026-09-10 18:09:58.642,0.401,1
run_20260910_2026-09-10-17-55-11,1789034998.844,2026-09-10 18:09:58.844,0.001,1
run_20260910_2026-09-10-17-55-11,1789034999.245,2026-09-10 18:09:59.245,0.401,1
run_20260910_2026-09-10-17-55-11,1789034999.245,2026-09-10 18:09:59.245,0.0,1
run_20260910_2026-09-10-17-55-11,1789034999.646,2026-09-10 18:09:59.646,0.401,1
run_20260910_2026-09-10-17-55-11,1789034999.646,2026-09-10 18:09:59.646,0.0,1
run_20260910_2026-09-10-17-55-11,1789035000.248,2026-09-10 18:10:00.248,0.401,1
run_20260910_2026-09-10-17-55-11,1789035000.248,2026-09-10 18:10:00.248,0.0,1
run_20260910_2026-09-10-17-55-11,1789035001.251,2026-09-10 18:10:01.251,0.402,1
run_20260910_2026-09-10-17-55-11,1789035001.251,2026-09-10 18:10:01.251,0.0,1
run_20260910_2026-09-10-17-55-11,1789035047.845,2026-09-10 18:10:47.845,0.0,1
run_20260910_2026-09-10-17-55-11,1789035048.246,2026-09-10 18:10:48.246,0.401,1
run_20260910_2026-09-10-17-55-11,1789035048.648,2026-09-10 18:10:48.648,0.0,1
run_20260910_2026-09-10-17-55-11,1789035049.25,2026-09-10 18:10:49.250,0.401,1
run_20260910_2026-09-10-17-55-11,1789035049.452,2026-09-10 18:10:49.452,0.0,1
run_20260910_2026-09-10-17-55-11,1789035051.458,2026-09-10 18:10:51.458,0.401,1
run_20260910_2026-09-10-17-55-11,1789035051.458,2026-09-10 18:10:51.458,0.0,1
run_20260910_2026-09-10-17-55-11,1789035096.649,2026-09-10 18:11:36.649,0.001,1
run_20260910_2026-09-10-17-55-11,1789035097.251,2026-09-10 18:11:37.251,0.401,1
run_20260910_2026-09-10-17-55-11,1789035097.251,2026-09-10 18:11:37.251,0.0,1
run_20260910_2026-09-10-17-55-11,1789035145.45,2026-09-10 18:12:25.450,0.0,1
run_20260910_2026-09-10-17-55-11,1789035146.253,2026-09-10 18:12:26.253,0.401,1
run_20260910_2026-09-10-17-55-11,1789035146.253,2026-09-10 18:12:26.253,0.0,1
run_20260910_2026-09-10-17-55-11,1789035193.446,2026-09-10 18:13:13.446,0.0,1
run_20260910_2026-09-10-17-55-11,1789035193.846,2026-09-10 18:13:13.846,0.401,1
run_20260910_2026-09-10-17-55-11,1789035194.651,2026-09-10 18:13:14.651,0.001,1
run_20260910_2026-09-10-17-55-11,1789035195.253,2026-09-10 18:13:15.253,0.401,1
run_20260910_2026-09-10-17-55-11,1789035195.254,2026-09-10 18:13:15.254,0.001,1
run_20260910_2026-09-10-17-55-11,1789035196.256,2026-09-10 18:13:16.256,0.401,1
run_20260910_2026-09-10-17-55-11,1789035196.257,2026-09-10 18:13:16.257,0.001,1
run_20260910_2026-09-10-17-55-11,1789035241.248,2026-09-10 18:14:01.248,0.0,1
run_20260910_2026-09-10-17-55-11,1789035241.649,2026-09-10 18:14:01.649,0.401,1
run_20260910_2026-09-10-17-55-11,1789035241.65,2026-09-10 18:14:01.650,0.001,1
run_20260910_2026-09-10-17-55-11,1789035242.252,2026-09-10 18:14:02.252,0.401,1
run_20260910_2026-09-10-17-55-11,1789035242.252,2026-09-10 18:14:02.252,0.0,1
run_20260910_2026-09-10-17-55-11,1789035289.647,2026-09-10 18:14:49.647,0.0,1
run_20260910_2026-09-10-17-55-11,1789035290.048,2026-09-10 18:14:50.048,0.4,1
run_20260910_2026-09-10-17-55-11,1789035290.451,2026-09-10 18:14:50.451,0.001,1
run_20260910_2026-09-10-17-55-11,1789035292.256,2026-09-10 18:14:52.256,0.401,1
run_20260910_2026-09-10-17-55-11,1789035292.256,2026-09-10 18:14:52.256,0.0,1
run_20260910_2026-09-10-17-55-11,1789035337.245,2026-09-10 18:15:37.245,0.0,1
run_20260910_2026-09-10-17-55-11,1789035337.646,2026-09-10 18:15:37.646,0.401,1
run_20260910_2026-09-10-17-55-11,1789035337.847,2026-09-10 18:15:37.847,0.0,1
run_20260910_2026-09-10-17-55-11,1789035338.248,2026-09-10 18:15:38.248,0.401,1
run_20260910_2026-09-10-17-55-11,1789035338.248,2026-09-10 18:15:38.248,0.0,1
run_20260910_2026-09-10-17-55-11,1789035385.641,2026-09-10 18:16:25.641,0.0,1
run_20260910_2026-09-10-17-55-11,1789035386.043,2026-09-10 18:16:26.043,0.401,1
run_20260910_2026-09-10-17-55-11,1789035386.645,2026-09-10 18:16:26.645,0.0,1
run_20260910_2026-09-10-17-55-11,1789035387.247,2026-09-10 18:16:27.247,0.401,1
run_20260910_2026-09-10-17-55-11,1789035387.248,2026-09-10 18:16:27.248,0.001,1
run_20260910_2026-09-10-17-55-11,1789035434.642,2026-09-10 18:17:14.642,0.0,1
run_20260910_2026-09-10-17-55-11,1789035435.043,2026-09-10 18:17:15.043,0.401,1
run_20260910_2026-09-10-17-55-11,1789035435.648,2026-09-10 18:17:15.648,0.0,1
run_20260910_2026-09-10-17-55-11,1789035481.442,2026-09-10 18:18:01.442,0.0,1
run_20260910_2026-09-10-17-55-11,1789035482.244,2026-09-10 18:18:02.244,0.401,1
run_20260910_2026-09-10-17-55-11,1789035482.245,2026-09-10 18:18:02.245,0.0,1
run_20260910_2026-09-10-17-55-11,1789035483.449,2026-09-10 18:18:03.449,0.401,1
run_20260910_2026-09-10-17-55-11,1789035483.449,2026-09-10 18:18:03.449,0.0,1
run_20260910_2026-09-10-17-55-11,1789035529.238,2026-09-10 18:18:49.238,0.0,1
run_20260910_2026-09-10-17-55-11,1789035529.639,2026-09-10 18:18:49.639,0.4,1
run_20260910_2026-09-10-17-55-11,1789035529.84,2026-09-10 18:18:49.840,0.001,1
run_20260910_2026-09-10-17-55-11,1789035530.241,2026-09-10 18:18:50.241,0.401,1
run_20260910_2026-09-10-17-55-11,1789035530.241,2026-09-10 18:18:50.241,0.0,1
run_20260910_2026-09-10-17-55-11,1789035578.638,2026-09-10 18:19:38.638,0.0,1
run_20260910_2026-09-10-17-55-11,1789035579.039,2026-09-10 18:19:39.039,0.401,1
run_20260910_2026-09-10-17-55-11,1789035579.239,2026-09-10 18:19:39.239,0.0,1
run_20260910_2026-09-10-17-55-11,1789035580.243,2026-09-10 18:19:40.243,0.401,1
run_20260910_2026-09-10-17-55-11,1789035580.244,2026-09-10 18:19:40.244,0.001,1
run_20260910_2026-09-10-17-55-11,1789035581.447,2026-09-10 18:19:41.447,0.401,1
run_20260910_2026-09-10-17-55-11,1789035581.45,2026-09-10 18:19:41.450,0.004,1
run_20260910_2026-09-10-17-55-11,1789035628.834,2026-09-10 18:20:28.834,0.0,1
run_20260910_2026-09-10-17-55-11,1789035629.235,2026-09-10 18:20:29.235,0.401,1
run_20260910_2026-09-10-17-55-11,1789035629.435,2026-09-10 18:20:29.435,0.0,1
run_20260910_2026-09-10-17-55-11,1789035630.238,2026-09-10 18:20:30.238,0.401,1
run_20260910_2026-09-10-17-55-11,1789035630.238,2026-09-10 18:20:30.238,0.0,1
run_20260910_2026-09-10-17-55-11,1789035677.437,2026-09-10 18:21:17.437,0.0,1
run_20260910_2026-09-10-17-55-11,1789035678.239,2026-09-10 18:21:18.239,0.401,1
run_20260910_2026-09-10-17-55-11,1789035678.239,2026-09-10 18:21:18.239,0.0,1
run_20260910_2026-09-10-17-55-11,1789035725.632,2026-09-10 18:22:05.632,0.0,1
run_20260910_2026-09-10-17-55-11,1789035726.033,2026-09-10 18:22:06.033,0.401,1
run_20260910_2026-09-10-17-55-11,1789035726.235,2026-09-10 18:22:06.235,0.0,1
run_20260910_2026-09-10-17-55-11,1789035727.237,2026-09-10 18:22:07.237,0.401,1
run_20260910_2026-09-10-17-55-11,1789035727.239,2026-09-10 18:22:07.239,0.003,1
run_20260910_2026-09-10-17-55-11,1789035774.635,2026-09-10 18:22:54.635,0.0,1
run_20260910_2026-09-10-17-55-11,1789035775.236,2026-09-10 18:22:55.236,0.401,1
run_20260910_2026-09-10-17-55-11,1789035775.237,2026-09-10 18:22:55.237,0.0,1
run_20260910_2026-09-10-17-55-11,1789035820.232,2026-09-10 18:23:40.232,0.001,1
run_20260910_2026-09-10-17-55-11,1789035820.632,2026-09-10 18:23:40.632,0.401,1
run_20260910_2026-09-10-17-55-11,1789035820.634,2026-09-10 18:23:40.634,0.001,1
run_20260910_2026-09-10-17-55-11,1789035869.632,2026-09-10 18:24:29.632,0.0,1
run_20260910_2026-09-10-17-55-11,1789035870.234,2026-09-10 18:24:30.234,0.402,1
run_20260910_2026-09-10-17-55-11,1789035870.235,2026-09-10 18:24:30.235,0.0,1
run_20260910_2026-09-10-17-55-11,1789035918.629,2026-09-10 18:25:18.629,0.0,1
run_20260910_2026-09-10-17-55-11,1789035919.03,2026-09-10 18:25:19.030,0.401,1
run_20260910_2026-09-10-17-55-11,1789035919.232,2026-09-10 18:25:19.232,0.0,1
run_20260910_2026-09-10-17-55-11,1789035966.627,2026-09-10 18:26:06.627,0.0,1
run_20260910_2026-09-10-17-55-11,1789035967.228,2026-09-10 18:26:07.228,0.401,1
run_20260910_2026-09-10-17-55-11,1789035967.23,2026-09-10 18:26:07.230,0.001,1
run_20260910_2026-09-10-17-55-11,1789035968.232,2026-09-10 18:26:08.232,0.401,1
run_20260910_2026-09-10-17-55-11,1789035968.236,2026-09-10 18:26:08.236,0.003,1
run_20260910_2026-09-10-17-55-11,1789036013.626,2026-09-10 18:26:53.626,0.0,1
run_20260910_2026-09-10-17-55-11,1789036014.027,2026-09-10 18:26:54.027,0.401,1
run_20260910_2026-09-10-17-55-11,1789036014.228,2026-09-10 18:26:54.228,0.0,1
run_20260910_2026-09-10-17-55-11,1789036014.628,2026-09-10 18:26:54.628,0.401,1
run_20260910_2026-09-10-17-55-11,1789036014.63,2026-09-10 18:26:54.630,0.001,1
run_20260910_2026-09-10-17-55-11,1789036015.231,2026-09-10 18:26:55.231,0.401,1
run_20260910_2026-09-10-17-55-11,1789036015.232,2026-09-10 18:26:55.232,0.0,1
run_20260910_2026-09-10-17-55-11,1789036017.438,2026-09-10 18:26:57.438,0.4,1
run_20260910_2026-09-10-17-55-11,1789036017.438,2026-09-10 18:26:57.438,0.0,1
run_20260910_2026-09-10-17-55-11,1789036062.626,2026-09-10 18:27:42.626,0.0,1
run_20260910_2026-09-10-17-55-11,1789036063.229,2026-09-10 18:27:43.229,0.402,1
run_20260910_2026-09-10-17-55-11,1789036063.229,2026-09-10 18:27:43.229,0.0,1
run_20260910_2026-09-10-17-55-11,1789036110.627,2026-09-10 18:28:30.627,0.0,1
run_20260910_2026-09-10-17-55-11,1789036111.228,2026-09-10 18:28:31.228,0.401,1
run_20260910_2026-09-10-17-55-11,1789036111.23,2026-09-10 18:28:31.230,0.001,1
run_20260910_2026-09-10-17-55-11,1789036160.627,2026-09-10 18:29:20.627,0.001,1
run_20260910_2026-09-10-17-55-11,1789036161.228,2026-09-10 18:29:21.228,0.4,1
run_20260910_2026-09-10-17-55-11,1789036161.43,2026-09-10 18:29:21.430,0.0,1
run_20260910_2026-09-10-17-55-11,1789036209.828,2026-09-10 18:30:09.828,0.001,1
run_20260910_2026-09-10-17-55-11,1789036210.229,2026-09-10 18:30:10.229,0.401,1
run_20260910_2026-09-10-17-55-11,1789036210.229,2026-09-10 18:30:10.229,0.0,1
run_20260910_2026-09-10-17-55-11,1789036258.223,2026-09-10 18:30:58.223,0.0,1
run_20260910_2026-09-10-17-55-11,1789036258.624,2026-09-10 18:30:58.624,0.401,1
run_20260910_2026-09-10-17-55-11,1789036258.624,2026-09-10 18:30:58.624,0.0,1
run_20260910_2026-09-10-17-55-11,1789036259.226,2026-09-10 18:30:59.226,0.401,1
run_20260910_2026-09-10-17-55-11,1789036259.226,2026-09-10 18:30:59.226,0.0,1
run_20260910_2026-09-10-17-55-11,1789036259.627,2026-09-10 18:30:59.627,0.401,1
run_20260910_2026-09-10-17-55-11,1789036259.627,2026-09-10 18:30:59.627,0.0,1
run_20260910_2026-09-10-17-55-11,1789036307.62,2026-09-10 18:31:47.620,0.0,1
run_20260910_2026-09-10-17-55-11,1789036308.02,2026-09-10 18:31:48.020,0.401,1
run_20260910_2026-09-10-17-55-11,1789036308.623,2026-09-10 18:31:48.623,0.0,1
run_20260910_2026-09-10-17-55-11,1789036309.024,2026-09-10 18:31:49.024,0.401,1
run_20260910_2026-09-10-17-55-11,1789036309.426,2026-09-10 18:31:49.426,0.0,1
run_20260910_2026-09-10-17-55-11,1789036310.228,2026-09-10 18:31:50.228,0.401,1
run_20260910_2026-09-10-17-55-11,1789036310.231,2026-09-10 18:31:50.231,0.003,1
run_20260910_2026-09-10-17-55-11,1789036360.827,2026-09-10 18:32:40.827,0.0,1
run_20260910_2026-09-10-17-55-11,1789036361.228,2026-09-10 18:32:41.228,0.401,1
run_20260910_2026-09-10-17-55-11,1789036361.43,2026-09-10 18:32:41.430,0.001,1
run_20260910_2026-09-10-17-55-11,1789036409.626,2026-09-10 18:33:29.626,0.001,1
run_20260910_2026-09-10-17-55-11,1789036410.227,2026-09-10 18:33:30.227,0.401,1
run_20260910_2026-09-10-17-55-11,1789036410.228,2026-09-10 18:33:30.228,0.0,1
run_20260910_2026-09-10-17-55-11,1789036410.629,2026-09-10 18:33:30.629,0.401,1
run_20260910_2026-09-10-17-55-11,1789036410.631,2026-09-10 18:33:30.631,0.003,1
run_20260910_2026-09-10-17-55-11,1789036457.623,2026-09-10 18:34:17.623,0.001,1
run_20260910_2026-09-10-17-55-11,1789036458.023,2026-09-10 18:34:18.023,0.401,1
run_20260910_2026-09-10-17-55-11,1789036458.626,2026-09-10 18:34:18.626,0.0,1
run_20260910_2026-09-10-17-55-11,1789036459.228,2026-09-10 18:34:19.228,0.401,1
run_20260910_2026-09-10-17-55-11,1789036459.229,2026-09-10 18:34:19.229,0.001,1
run_20260910_2026-09-10-17-55-11,1789036505.824,2026-09-10 18:35:05.824,0.0,1
run_20260910_2026-09-10-17-55-11,1789036506.225,2026-09-10 18:35:06.225,0.401,1
run_20260910_2026-09-10-17-55-11,1789036506.429,2026-09-10 18:35:06.429,0.003,1
run_20260910_2026-09-10-17-55-11,1789036553.825,2026-09-10 18:35:53.825,0.001,1
run_20260910_2026-09-10-17-55-11,1789036554.225,2026-09-10 18:35:54.225,0.401,1
run_20260910_2026-09-10-17-55-11,1789036554.426,2026-09-10 18:35:54.426,0.0,1
run_20260910_2026-09-10-17-55-11,1789036601.622,2026-09-10 18:36:41.622,0.0,1
run_20260910_2026-09-10-17-55-11,1789036602.227,2026-09-10 18:36:42.227,0.404,1
run_20260910_2026-09-10-17-55-11,1789036602.227,2026-09-10 18:36:42.227,0.0,1
run_20260910_2026-09-10-17-55-11,1789036648.622,2026-09-10 18:37:28.622,0.0,1
run_20260910_2026-09-10-17-55-11,1789036649.022,2026-09-10 18:37:29.022,0.401,1
run_20260910_2026-09-10-17-55-11,1789036649.625,2026-09-10 18:37:29.625,0.0,1
run_20260910_2026-09-10-17-55-11,1789036650.226,2026-09-10 18:37:30.226,0.401,1
run_20260910_2026-09-10-17-55-11,1789036650.228,2026-09-10 18:37:30.228,0.001,1
run_20260910_2026-09-10-17-55-11,1789036697.426,2026-09-10 18:38:17.426,0.003,1
run_20260910_2026-09-10-17-55-11,1789036744.62,2026-09-10 18:39:04.620,0.001,1
run_20260910_2026-09-10-17-55-11,1789036745.021,2026-09-10 18:39:05.021,0.401,1
run_20260910_2026-09-10-17-55-11,1789036745.625,2026-09-10 18:39:05.625,0.001,1
run_20260910_2026-09-10-17-55-11,1789036746.227,2026-09-10 18:39:06.227,0.401,1
run_20260910_2026-09-10-17-55-11,1789036746.227,2026-09-10 18:39:06.227,0.0,1
run_20260910_2026-09-10-17-55-11,1789036792.419,2026-09-10 18:39:52.419,0.0,1
run_20260910_2026-09-10-17-55-11,1789036792.82,2026-09-10 18:39:52.820,0.401,1
run_20260910_2026-09-10-17-55-11,1789036793.424,2026-09-10 18:39:53.424,0.0,1
run_20260910_2026-09-10-17-55-11,1789036795.632,2026-09-10 18:39:55.632,0.401,1
run_20260910_2026-09-10-17-55-11,1789036795.632,2026-09-10 18:39:55.632,0.0,1
run_20260910_2026-09-10-17-55-11,1789036840.62,2026-09-10 18:40:40.620,0.0,1
run_20260910_2026-09-10-17-55-11,1789036841.021,2026-09-10 18:40:41.021,0.401,1
run_20260910_2026-09-10-17-55-11,1789036841.423,2026-09-10 18:40:41.423,0.001,1
run_20260910_2026-09-10-17-55-11,1789036842.225,2026-09-10 18:40:42.225,0.401,1
run_20260910_2026-09-10-17-55-11,1789036842.227,2026-09-10 18:40:42.227,0.001,1
run_20260910_2026-09-10-17-55-11,1789036843.632,2026-09-10 18:40:43.632,0.403,1
run_20260910_2026-09-10-17-55-11,1789036843.633,2026-09-10 18:40:43.633,0.0,1
run_20260910_2026-09-10-17-55-11,1789036888.818,2026-09-10 18:41:28.818,0.0,1
run_20260910_2026-09-10-17-55-11,1789036889.219,2026-09-10 18:41:29.219,0.401,1
run_20260910_2026-09-10-17-55-11,1789036889.621,2026-09-10 18:41:29.621,0.0,1
run_20260910_2026-09-10-17-55-11,1789036890.223,2026-09-10 18:41:30.223,0.401,1
run_20260910_2026-09-10-17-55-11,1789036890.223,2026-09-10 18:41:30.223,0.001,1
run_20260910_2026-09-10-17-55-11,1789036937.62,2026-09-10 18:42:17.620,0.0,1
run_20260910_2026-09-10-17-55-11,1789036938.222,2026-09-10 18:42:18.222,0.401,1
run_20260910_2026-09-10-17-55-11,1789036938.222,2026-09-10 18:42:18.222,0.0,1
run_20260912_2026-09-12-07-46-55,1789170440.67,2026-09-12 07:47:20.670,0.0,1
run_20260912_2026-09-12-07-46-55,1789170441.271,2026-09-12 07:47:21.271,0.401,1
run_20260912_2026-09-12-07-46-55,1789170441.272,2026-09-12 07:47:21.272,0.001,1
run_20260912_2026-09-12-07-46-55,1789170442.677,2026-09-12 07:47:22.677,0.402,1
run_20260912_2026-09-12-07-46-55,1789170442.677,2026-09-12 07:47:22.677,0.0,1
run_20260912_2026-09-12-07-46-55,1789170489.67,2026-09-12 07:48:09.670,0.0,1
run_20260912_2026-09-12-07-46-55,1789170490.272,2026-09-12 07:48:10.272,0.401,1
run_20260912_2026-09-12-07-46-55,1789170490.474,2026-09-12 07:48:10.474,0.002,1
run_20260912_2026-09-12-07-46-55,1789170539.678,2026-09-12 07:48:59.678,0.004,1
run_20260912_2026-09-12-07-46-55,1789170540.279,2026-09-12 07:49:00.279,0.401,1
run_20260912_2026-09-12-07-46-55,1789170540.28,2026-09-12 07:49:00.280,0.0,1
run_20260912_2026-09-12-07-46-55,1789170587.664,2026-09-12 07:49:47.664,0.0,1
run_20260912_2026-09-12-07-46-55,1789170588.066,2026-09-12 07:49:48.066,0.401,1
run_20260912_2026-09-12-07-46-55,1789170588.266,2026-09-12 07:49:48.266,0.0,1
run_20260912_2026-09-12-07-46-55,1789170589.471,2026-09-12 07:49:49.471,0.402,1
run_20260912_2026-09-12-07-46-55,1789170589.471,2026-09-12 07:49:49.471,0.0,1
run_20260912_2026-09-12-07-46-55,1789170635.663,2026-09-12 07:50:35.663,0.0,1
run_20260912_2026-09-12-07-46-55,1789170636.264,2026-09-12 07:50:36.264,0.401,1
run_20260912_2026-09-12-07-46-55,1789170636.266,2026-09-12 07:50:36.266,0.002,1
run_20260912_2026-09-12-07-46-55,1789170637.468,2026-09-12 07:50:37.468,0.401,1
run_20260912_2026-09-12-07-46-55,1789170637.469,2026-09-12 07:50:37.469,0.001,1
run_20260912_2026-09-12-07-46-55,1789170683.664,2026-09-12 07:51:23.664,0.001,1
run_20260912_2026-09-12-07-46-55,1789170684.064,2026-09-12 07:51:24.064,0.401,1
run_20260912_2026-09-12-07-46-55,1789170684.265,2026-09-12 07:51:24.265,0.0,1
run_20260912_2026-09-12-07-46-55,1789170685.269,2026-09-12 07:51:25.269,0.401,1
run_20260912_2026-09-12-07-46-55,1789170685.469,2026-09-12 07:51:25.469,0.0,1
run_20260912_2026-09-12-07-46-55,1789170731.867,2026-09-12 07:52:11.867,0.001,1
run_20260912_2026-09-12-07-46-55,1789170732.268,2026-09-12 07:52:12.268,0.402,1
run_20260912_2026-09-12-07-46-55,1789170732.269,2026-09-12 07:52:12.269,0.0,1
run_20260912_2026-09-12-07-46-55,1789170732.669,2026-09-12 07:52:12.669,0.401,1
run_20260912_2026-09-12-07-46-55,1789170732.669,2026-09-12 07:52:12.669,0.0,1
run_20260912_2026-09-12-07-46-55,1789170733.271,2026-09-12 07:52:13.271,0.401,1
run_20260912_2026-09-12-07-46-55,1789170733.473,2026-09-12 07:52:13.473,0.0,1
run_20260912_2026-09-12-07-46-55,1789170781.273,2026-09-12 07:53:01.273,0.0,1
run_20260912_2026-09-12-07-46-55,1789170781.673,2026-09-12 07:53:01.673,0.401,1
run_20260912_2026-09-12-07-46-55,1789170781.673,2026-09-12 07:53:01.673,0.0,1
run_20260912_2026-09-12-07-46-55,1789170782.275,2026-09-12 07:53:02.275,0.401,1
run_20260912_2026-09-12-07-46-55,1789170782.276,2026-09-12 07:53:02.276,0.001,1
run_20260912_2026-09-12-07-46-55,1789170830.672,2026-09-12 07:53:50.672,0.001,1
run_20260912_2026-09-12-07-46-55,1789170831.273,2026-09-12 07:53:51.273,0.401,1
run_20260912_2026-09-12-07-46-55,1789170831.274,2026-09-12 07:53:51.274,0.0,1
run_20260912_2026-09-12-07-46-55,1789170876.87,2026-09-12 07:54:36.870,0.0,1
run_20260912_2026-09-12-07-46-55,1789170877.271,2026-09-12 07:54:37.271,0.401,1
run_20260912_2026-09-12-07-46-55,1789170877.472,2026-09-12 07:54:37.472,0.0,1
run_20260912_2026-09-12-07-46-55,1789170924.667,2026-09-12 07:55:24.667,0.0,1
run_20260912_2026-09-12-07-46-55,1789170925.067,2026-09-12 07:55:25.067,0.401,1
run_20260912_2026-09-12-07-46-55,1789170925.67,2026-09-12 07:55:25.670,0.0,1
run_20260912_2026-09-12-07-46-55,1789170973.475,2026-09-12 07:56:13.475,0.0,1
run_20260912_2026-09-12-07-46-55,1789171019.671,2026-09-12 07:56:59.671,0.0,1
run_20260912_2026-09-12-07-46-55,1789171020.072,2026-09-12 07:57:00.072,0.401,1
run_20260912_2026-09-12-07-46-55,1789171020.675,2026-09-12 07:57:00.675,0.0,1
run_20260912_2026-09-12-07-46-55,1789171021.277,2026-09-12 07:57:01.277,0.401,1
run_20260912_2026-09-12-07-46-55,1789171021.277,2026-09-12 07:57:01.277,0.0,1
run_20260912_2026-09-12-07-46-55,1789171068.676,2026-09-12 07:57:48.676,0.001,1
run_20260912_2026-09-12-07-46-55,1789171069.278,2026-09-12 07:57:49.278,0.401,1
run_20260912_2026-09-12-07-46-55,1789171069.278,2026-09-12 07:57:49.278,0.0,1
run_20260912_2026-09-12-07-46-55,1789171070.281,2026-09-12 07:57:50.281,0.401,1
run_20260912_2026-09-12-07-46-55,1789171070.281,2026-09-12 07:57:50.281,0.0,1
run_20260912_2026-09-12-07-46-55,1789171115.678,2026-09-12 07:58:35.678,0.0,1
run_20260912_2026-09-12-07-46-55,1789171116.28,2026-09-12 07:58:36.280,0.401,1
run_20260912_2026-09-12-07-46-55,1789171116.281,2026-09-12 07:58:36.281,0.001,1
run_20260912_2026-09-12-07-46-55,1789171117.284,2026-09-12 07:58:37.284,0.402,1
run_20260912_2026-09-12-07-46-55,1789171117.284,2026-09-12 07:58:37.284,0.0,1
run_20260912_2026-09-12-07-46-55,1789171166.683,2026-09-12 07:59:26.683,0.0,1
run_20260912_2026-09-12-07-46-55,1789171167.285,2026-09-12 07:59:27.285,0.401,1
run_20260912_2026-09-12-07-46-55,1789171167.486,2026-09-12 07:59:27.486,0.0,1
run_20260912_2026-09-12-07-46-55,1789171168.288,2026-09-12 07:59:28.288,0.401,1
run_20260912_2026-09-12-07-46-55,1789171168.291,2026-09-12 07:59:28.291,0.003,1
run_20260912_2026-09-12-07-46-55,1789171214.483,2026-09-12 08:00:14.483,0.001,1
run_20260912_2026-09-12-07-46-55,1789171215.084,2026-09-12 08:00:15.084,0.401,1
run_20260912_2026-09-12-07-46-55,1789171215.687,2026-09-12 08:00:15.687,0.0,1
run_20260912_2026-09-12-07-46-55,1789171216.289,2026-09-12 08:00:16.289,0.401,1
run_20260912_2026-09-12-07-46-55,1789171216.289,2026-09-12 08:00:16.289,0.0,1
run_20260912_2026-09-12-07-46-55,1789171263.694,2026-09-12 08:01:03.694,0.004,1
run_20260912_2026-09-12-07-46-55,1789171311.691,2026-09-12 08:01:51.691,0.0,1
run_20260912_2026-09-12-07-46-55,1789171312.294,2026-09-12 08:01:52.294,0.401,1
run_20260912_2026-09-12-07-46-55,1789171312.294,2026-09-12 08:01:52.294,0.0,1
run_20260912_2026-09-12-07-46-55,1789171312.695,2026-09-12 08:01:52.695,0.401,1
run_20260912_2026-09-12-07-46-55,1789171312.695,2026-09-12 08:01:52.695,0.001,1
run_20260912_2026-09-12-07-46-55,1789171357.686,2026-09-12 08:02:37.686,0.0,1
run_20260912_2026-09-12-07-46-55,1789171358.288,2026-09-12 08:02:38.288,0.401,1
run_20260912_2026-09-12-07-46-55,1789171358.489,2026-09-12 08:02:38.489,0.0,1
run_20260912_2026-09-12-07-46-55,1789171359.29,2026-09-12 08:02:39.290,0.401,1
run_20260912_2026-09-12-07-46-55,1789171359.294,2026-09-12 08:02:39.294,0.004,1
run_20260912_2026-09-12-07-46-55,1789171404.684,2026-09-12 08:03:24.684,0.0,1
run_20260912_2026-09-12-07-46-55,1789171405.286,2026-09-12 08:03:25.286,0.401,1
run_20260912_2026-09-12-07-46-55,1789171405.487,2026-09-12 08:03:25.487,0.001,1
run_20260912_2026-09-12-07-46-55,1789171451.483,2026-09-12 08:04:11.483,0.0,1
run_20260912_2026-09-12-07-46-55,1789171452.285,2026-09-12 08:04:12.285,0.401,1
run_20260912_2026-09-12-07-46-55,1789171452.286,2026-09-12 08:04:12.286,0.001,1
run_20260912_2026-09-12-07-46-55,1789171453.289,2026-09-12 08:04:13.289,0.401,1
run_20260912_2026-09-12-07-46-55,1789171453.289,2026-09-12 08:04:13.289,0.0,1
run_20260912_2026-09-12-07-46-55,1789171499.283,2026-09-12 08:04:59.283,0.0,1
run_20260912_2026-09-12-07-46-55,1789171545.879,2026-09-12 08:05:45.879,0.0,1
run_20260912_2026-09-12-07-46-55,1789171546.28,2026-09-12 08:05:46.280,0.401,1
run_20260912_2026-09-12-07-46-55,1789171546.482,2026-09-12 08:05:46.482,0.0,1
run_20260912_2026-09-12-07-46-55,1789171546.882,2026-09-12 08:05:46.882,0.401,1
run_20260912_2026-09-12-07-46-55,1789171546.882,2026-09-12 08:05:46.882,0.0,1
run_20260912_2026-09-12-07-46-55,1789171547.283,2026-09-12 08:05:47.283,0.401,1
run_20260912_2026-09-12-07-46-55,1789171547.485,2026-09-12 08:05:47.485,0.0,1
run_20260912_2026-09-12-07-46-55,1789171548.287,2026-09-12 08:05:48.287,0.401,1
run_20260912_2026-09-12-07-46-55,1789171548.288,2026-09-12 08:05:48.288,0.001,1
run_20260912_2026-09-12-07-46-55,1789171595.684,2026-09-12 08:06:35.684,0.0,1
run_20260912_2026-09-12-07-46-55,1789171643.883,2026-09-12 08:07:23.883,0.0,1
run_20260912_2026-09-12-07-46-55,1789171644.283,2026-09-12 08:07:24.283,0.4,1
run_20260912_2026-09-12-07-46-55,1789171644.484,2026-09-12 08:07:24.484,0.0,1
run_20260912_2026-09-12-07-46-55,1789171645.287,2026-09-12 08:07:25.287,0.401,1
run_20260912_2026-09-12-07-46-55,1789171645.287,2026-09-12 08:07:25.287,0.0,1
run_20260912_2026-09-12-07-46-55,1789171692.686,2026-09-12 08:08:12.686,0.0,1
run_20260912_2026-09-12-07-46-55,1789171693.289,2026-09-12 08:08:13.289,0.402,1
run_20260912_2026-09-12-07-46-55,1789171693.289,2026-09-12 08:08:13.289,0.0,1
run_20260912_2026-09-12-07-46-55,1789171739.283,2026-09-12 08:08:59.283,0.0,1
run_20260912_2026-09-12-07-46-55,1789171739.683,2026-09-12 08:08:59.683,0.401,1
run_20260912_2026-09-12-07-46-55,1789171739.684,2026-09-12 08:08:59.684,0.0,1
run_20260912_2026-09-12-07-46-55,1789171740.085,2026-09-12 08:09:00.085,0.401,1
run_20260912_2026-09-12-07-46-55,1789171740.286,2026-09-12 08:09:00.286,0.0,1
run_20260912_2026-09-12-07-46-55,1789171741.289,2026-09-12 08:09:01.289,0.401,1
run_20260912_2026-09-12-07-46-55,1789171741.293,2026-09-12 08:09:01.293,0.004,1
run_20260912_2026-09-12-07-46-55,1789171787.486,2026-09-12 08:09:47.486,0.001,1
run_20260912_2026-09-12-07-46-55,1789171788.087,2026-09-12 08:09:48.087,0.401,1
run_20260912_2026-09-12-07-46-55,1789171788.489,2026-09-12 08:09:48.489,0.001,1
run_20260912_2026-09-12-07-46-55,1789171789.291,2026-09-12 08:09:49.291,0.401,1
run_20260912_2026-09-12-07-46-55,1789171789.291,2026-09-12 08:09:49.291,0.0,1
run_20260912_2026-09-12-07-46-55,1789171836.892,2026-09-12 08:10:36.892,0.0,1
run_20260912_2026-09-12-07-46-55,1789171837.294,2026-09-12 08:10:37.294,0.401,1
run_20260912_2026-09-12-07-46-55,1789171837.294,2026-09-12 08:10:37.294,0.0,1
run_20260912_2026-09-12-07-46-55,1789171883.489,2026-09-12 08:11:23.489,0.0,1
run_20260912_2026-09-12-07-46-55,1789171884.091,2026-09-12 08:11:24.091,0.402,1
run_20260912_2026-09-12-07-46-55,1789171884.292,2026-09-12 08:11:24.292,0.001,1
run_20260912_2026-09-12-07-46-55,1789171885.295,2026-09-12 08:11:25.295,0.401,1
run_20260912_2026-09-12-07-46-55,1789171885.296,2026-09-12 08:11:25.296,0.001,1
run_20260912_2026-09-12-07-46-55,1789171932.691,2026-09-12 08:12:12.691,0.0,1
run_20260912_2026-09-12-07-46-55,1789171933.292,2026-09-12 08:12:13.292,0.401,1
run_20260912_2026-09-12-07-46-55,1789171933.494,2026-09-12 08:12:13.494,0.001,1
run_20260912_2026-09-12-07-46-55,1789171934.297,2026-09-12 08:12:14.297,0.401,1
run_20260912_2026-09-12-07-46-55,1789171934.297,2026-09-12 08:12:14.297,0.0,1
run_20260912_2026-09-12-07-46-55,1789171983.697,2026-09-12 08:13:03.697,0.001,1
run_20260912_2026-09-12-07-46-55,1789171984.299,2026-09-12 08:13:04.299,0.401,1
run_20260912_2026-09-12-07-46-55,1789171984.299,2026-09-12 08:13:04.299,0.0,1
run_20260912_2026-09-12-07-46-55,1789172032.697,2026-09-12 08:13:52.697,0.0,1
run_20260912_2026-09-12-07-46-55,1789172033.098,2026-09-12 08:13:53.098,0.401,1
run_20260912_2026-09-12-07-46-55,1789172033.301,2026-09-12 08:13:53.301,0.0,1
run_20260912_2026-09-12-07-46-55,1789172079.699,2026-09-12 08:14:39.699,0.0,1
run_20260912_2026-09-12-07-46-55,1789172080.3,2026-09-12 08:14:40.300,0.401,1
run_20260912_2026-09-12-07-46-55,1789172080.501,2026-09-12 08:14:40.501,0.0,1
run_20260912_2026-09-12-07-46-55,1789172081.303,2026-09-12 08:14:41.303,0.401,1
run_20260912_2026-09-12-07-46-55,1789172081.304,2026-09-12 08:14:41.304,0.001,1
run_20260912_2026-09-12-07-46-55,1789172127.701,2026-09-12 08:15:27.701,0.0,1
run_20260912_2026-09-12-07-46-55,1789172128.302,2026-09-12 08:15:28.302,0.401,1
run_20260912_2026-09-12-07-46-55,1789172128.505,2026-09-12 08:15:28.505,0.002,1
run_20260912_2026-09-12-07-46-55,1789172177.504,2026-09-12 08:16:17.504,0.0,1
run_20260912_2026-09-12-07-46-55,1789172178.306,2026-09-12 08:16:18.306,0.401,1
run_20260912_2026-09-12-07-46-55,1789172178.306,2026-09-12 08:16:18.306,0.0,1
run_20260912_2026-09-12-07-46-55,1789172226.507,2026-09-12 08:17:06.507,0.0,1
run_20260912_2026-09-12-07-46-55,1789172227.309,2026-09-12 08:17:07.309,0.401,1
run_20260912_2026-09-12-07-46-55,1789172227.51,2026-09-12 08:17:07.510,0.0,1
run_20260912_2026-09-12-07-46-55,1789172228.313,2026-09-12 08:17:08.313,0.402,1
run_20260912_2026-09-12-07-46-55,1789172228.313,2026-09-12 08:17:08.313,0.0,1
run_20260912_2026-09-12-07-46-55,1789172276.508,2026-09-12 08:17:56.508,0.0,1
run_20260912_2026-09-12-07-46-55,1789172277.31,2026-09-12 08:17:57.310,0.401,1
run_20260912_2026-09-12-07-46-55,1789172277.512,2026-09-12 08:17:57.512,0.0,1
run_20260912_2026-09-12-07-46-55,1789172278.314,2026-09-12 08:17:58.314,0.4,1
run_20260912_2026-09-12-07-46-55,1789172278.315,2026-09-12 08:17:58.315,0.001,1
run_20260912_2026-09-12-07-46-55,1789172324.713,2026-09-12 08:18:44.713,0.0,1
run_20260912_2026-09-12-07-46-55,1789172325.315,2026-09-12 08:18:45.315,0.401,1
run_20260912_2026-09-12-07-46-55,1789172325.315,2026-09-12 08:18:45.315,0.0,1
run_20260912_2026-09-12-07-46-55,1789172326.72,2026-09-12 08:18:46.720,0.401,1
run_20260912_2026-09-12-07-46-55,1789172326.721,2026-09-12 08:18:46.721,0.001,1
run_20260912_2026-09-12-07-46-55,1789172371.91,2026-09-12 08:19:31.910,0.001,1
run_20260912_2026-09-12-07-46-55,1789172372.311,2026-09-12 08:19:32.311,0.401,1
run_20260912_2026-09-12-07-46-55,1789172372.512,2026-09-12 08:19:32.512,0.0,1
run_20260912_2026-09-12-07-46-55,1789172417.502,2026-09-12 08:20:17.502,0.0,1
run_20260912_2026-09-12-07-46-55,1789172418.303,2026-09-12 08:20:18.303,0.401,1
run_20260912_2026-09-12-07-46-55,1789172418.705,2026-09-12 08:20:18.705,0.0,1
run_20260912_2026-09-12-07-46-55,1789172464.499,2026-09-12 08:21:04.499,0.001,1
run_20260912_2026-09-12-07-46-55,1789172509.888,2026-09-12 08:21:49.888,0.0,1
run_20260912_2026-09-12-07-46-55,1789172510.288,2026-09-12 08:21:50.288,0.401,1
run_20260912_2026-09-12-07-46-55,1789172510.489,2026-09-12 08:21:50.489,0.0,1
run_20260912_2026-09-12-07-46-55,1789172511.294,2026-09-12 08:21:51.294,0.401,1
run_20260912_2026-09-12-07-46-55,1789172511.495,2026-09-12 08:21:51.495,0.0,1
run_20260912_2026-09-12-07-46-55,1789172557.483,2026-09-12 08:22:37.483,0.0,1
run_20260912_2026-09-12-07-46-55,1789172557.883,2026-09-12 08:22:37.883,0.401,1
run_20260912_2026-09-12-07-46-55,1789172558.486,2026-09-12 08:22:38.486,0.0,1
run_20260912_2026-09-12-07-46-55,1789172559.288,2026-09-12 08:22:39.288,0.401,1
run_20260912_2026-09-12-07-46-55,1789172559.489,2026-09-12 08:22:39.489,0.0,1
run_20260912_2026-09-12-07-46-55,1789172606.484,2026-09-12 08:23:26.484,0.0,1
run_20260912_2026-09-12-07-46-55,1789172607.285,2026-09-12 08:23:27.285,0.401,1
run_20260912_2026-09-12-07-46-55,1789172607.487,2026-09-12 08:23:27.487,0.0,1
run_20260912_2026-09-12-07-46-55,1789172652.879,2026-09-12 08:24:12.879,0.0,1
run_20260912_2026-09-12-07-46-55,1789172653.28,2026-09-12 08:24:13.280,0.401,1
run_20260912_2026-09-12-07-46-55,1789172653.681,2026-09-12 08:24:13.681,0.0,1
run_20260912_2026-09-12-07-46-55,1789172654.282,2026-09-12 08:24:14.282,0.401,1
run_20260912_2026-09-12-07-46-55,1789172654.484,2026-09-12 08:24:14.484,0.0,1
run_20260912_2026-09-12-07-46-55,1789172700.678,2026-09-12 08:25:00.678,0.001,1
run_20260912_2026-09-12-07-46-55,1789172701.28,2026-09-12 08:25:01.280,0.401,1
run_20260912_2026-09-12-07-46-55,1789172701.28,2026-09-12 08:25:01.280,0.0,1
run_20260912_2026-09-12-07-46-55,1789172746.672,2026-09-12 08:25:46.672,0.0,1
run_20260912_2026-09-12-07-46-55,1789172747.072,2026-09-12 08:25:47.072,0.401,1
run_20260912_2026-09-12-07-46-55,1789172747.477,2026-09-12 08:25:47.477,0.0,1
run_20260912_2026-09-12-07-46-55,1789172748.279,2026-09-12 08:25:48.279,0.401,1
run_20260912_2026-09-12-07-46-55,1789172748.281,2026-09-12 08:25:48.281,0.001,1
run_20260912_2026-09-12-07-46-55,1789172795.678,2026-09-12 08:26:35.678,0.0,1
run_20260912_2026-09-12-07-46-55,1789172796.68,2026-09-12 08:26:36.680,0.401,1
run_20260912_2026-09-12-07-46-55,1789172796.681,2026-09-12 08:26:36.681,0.001,1
run_20260912_2026-09-12-07-46-55,1789172842.473,2026-09-12 08:27:22.473,0.0,1
run_20260912_2026-09-12-07-46-55,1789172843.074,2026-09-12 08:27:23.074,0.401,1
run_20260912_2026-09-12-07-46-55,1789172843.278,2026-09-12 08:27:23.278,0.0,1
run_20260912_2026-09-12-07-46-55,1789172890.675,2026-09-12 08:28:10.675,0.0,1
run_20260912_2026-09-12-07-46-55,1789172891.276,2026-09-12 08:28:11.276,0.401,1
run_20260912_2026-09-12-07-46-55,1789172891.479,2026-09-12 08:28:11.479,0.0,1
run_20260912_2026-09-12-07-46-55,1789172938.473,2026-09-12 08:28:58.473,0.003,1
run_20260912_2026-09-12-07-46-55,1789172939.274,2026-09-12 08:28:59.274,0.401,1
run_20260912_2026-09-12-07-46-55,1789172939.477,2026-09-12 08:28:59.477,0.001,1
run_20260912_2026-09-12-07-46-55,1789172940.279,2026-09-12 08:29:00.279,0.401,1
run_20260912_2026-09-12-07-46-55,1789172940.279,2026-09-12 08:29:00.279,0.0,1
run_20260912_2026-09-12-07-46-55,1789172988.677,2026-09-12 08:29:48.677,0.003,1
run_20260912_2026-09-12-07-46-55,1789173035.475,2026-09-12 08:30:35.475,0.0,1
run_20260912_2026-09-12-07-46-55,1789173036.278,2026-09-12 08:30:36.278,0.401,1
run_20260912_2026-09-12-07-46-55,1789173036.279,2026-09-12 08:30:36.279,0.001,1
run_20260912_2026-09-12-07-46-55,1789173083.472,2026-09-12 08:31:23.472,0.001,1
run_20260912_2026-09-12-07-46-55,1789173084.074,2026-09-12 08:31:24.074,0.401,1
run_20260912_2026-09-12-07-46-55,1789173084.277,2026-09-12 08:31:24.277,0.0,1
run_20260912_2026-09-12-07-46-55,1789173085.28,2026-09-12 08:31:25.280,0.401,1
run_20260912_2026-09-12-07-46-55,1789173085.281,2026-09-12 08:31:25.281,0.001,1
run_20260912_2026-09-12-07-46-55,1789173088.29,2026-09-12 08:31:28.290,0.401,1
run_20260912_2026-09-12-07-46-55,1789173088.291,2026-09-12 08:31:28.291,0.001,1
run_20260912_2026-09-12-07-46-55,1789173133.676,2026-09-12 08:32:13.676,0.0,1
run_20260912_2026-09-12-07-46-55,1789173134.277,2026-09-12 08:32:14.277,0.401,1
run_20260912_2026-09-12-07-46-55,1789173134.481,2026-09-12 08:32:14.481,0.003,1
run_20260912_2026-09-12-07-46-55,1789173181.677,2026-09-12 08:33:01.677,0.001,1
run_20260912_2026-09-12-07-46-55,1789173182.278,2026-09-12 08:33:02.278,0.4,1
run_20260912_2026-09-12-07-46-55,1789173182.278,2026-09-12 08:33:02.278,0.001,1
run_20260912_2026-09-12-07-46-55,1789173229.674,2026-09-12 08:33:49.674,0.0,1
run_20260912_2026-09-12-07-46-55,1789173230.278,2026-09-12 08:33:50.278,0.404,1
run_20260912_2026-09-12-07-46-55,1789173230.479,2026-09-12 08:33:50.479,0.0,1
run_20260912_2026-09-12-07-46-55,1789173231.482,2026-09-12 08:33:51.482,0.401,1
run_20260912_2026-09-12-07-46-55,1789173231.482,2026-09-12 08:33:51.482,0.0,1
run_20260912_2026-09-12-07-46-55,1789173232.284,2026-09-12 08:33:52.284,0.401,1
run_20260912_2026-09-12-07-46-55,1789173232.285,2026-09-12 08:33:52.285,0.0,1
run_20260912_2026-09-12-07-46-55,1789173277.676,2026-09-12 08:34:37.676,0.0,1
run_20260912_2026-09-12-07-46-55,1789173278.277,2026-09-12 08:34:38.277,0.401,1
run_20260912_2026-09-12-07-46-55,1789173278.478,2026-09-12 08:34:38.478,0.0,1
run_20260912_2026-09-12-13-52-20,1789192383.289,2026-09-12 13:53:03.289,0.0,1
run_20260912_2026-09-12-13-52-20,1789192383.689,2026-09-12 13:53:03.689,0.401,1
run_20260912_2026-09-12-13-52-20,1789192383.69,2026-09-12 13:53:03.690,0.001,1
run_20260912_2026-09-12-13-52-20,1789192384.091,2026-09-12 13:53:04.091,0.401,1
run_20260912_2026-09-12-13-52-20,1789192384.492,2026-09-12 13:53:04.492,0.0,1
run_20260912_2026-09-12-13-52-20,1789192385.294,2026-09-12 13:53:05.294,0.4,1
run_20260912_2026-09-12-13-52-20,1789192385.294,2026-09-12 13:53:05.294,0.0,1
run_20260912_2026-09-12-13-52-20,1789192387.299,2026-09-12 13:53:07.299,0.4,1
run_20260912_2026-09-12-13-52-20,1789192387.299,2026-09-12 13:53:07.299,0.0,1
run_20260912_2026-09-12-13-52-20,1789192434.69,2026-09-12 13:53:54.690,0.0,1
run_20260912_2026-09-12-13-52-20,1789192435.091,2026-09-12 13:53:55.091,0.4,1
run_20260912_2026-09-12-13-52-20,1789192435.693,2026-09-12 13:53:55.693,0.0,1
run_20260912_2026-09-12-13-52-20,1789192436.295,2026-09-12 13:53:56.295,0.401,1
run_20260912_2026-09-12-13-52-20,1789192436.296,2026-09-12 13:53:56.296,0.001,1
run_20260912_2026-09-12-13-52-20,1789192488.692,2026-09-12 13:54:48.692,0.0,1
run_20260912_2026-09-12-13-52-20,1789192489.293,2026-09-12 13:54:49.293,0.401,1
run_20260912_2026-09-12-13-52-20,1789192489.293,2026-09-12 13:54:49.293,0.0,1
run_20260912_2026-09-12-13-52-20,1789192490.296,2026-09-12 13:54:50.296,0.401,1
run_20260912_2026-09-12-13-52-20,1789192490.296,2026-09-12 13:54:50.296,0.001,1
run_20260912_2026-09-12-13-52-20,1789192542.691,2026-09-12 13:55:42.691,0.001,1
run_20260912_2026-09-12-13-52-20,1789192543.293,2026-09-12 13:55:43.293,0.401,1
run_20260912_2026-09-12-13-52-20,1789192543.494,2026-09-12 13:55:43.494,0.0,1
run_20260912_2026-09-12-13-52-20,1789192595.691,2026-09-12 13:56:35.691,0.0,1
run_20260912_2026-09-12-13-52-20,1789192596.293,2026-09-12 13:56:36.293,0.401,1
run_20260912_2026-09-12-13-52-20,1789192596.494,2026-09-12 13:56:36.494,0.0,1
run_20260912_2026-09-12-13-52-20,1789192597.297,2026-09-12 13:56:37.297,0.402,1
run_20260912_2026-09-12-13-52-20,1789192597.297,2026-09-12 13:56:37.297,0.0,1
run_20260912_2026-09-12-13-58-05,1789192693.494,2026-09-12 13:58:13.494,0.0,1
run_20260912_2026-09-12-13-58-05,1789192694.296,2026-09-12 13:58:14.296,0.4,1
run_20260912_2026-09-12-13-58-05,1789192694.296,2026-09-12 13:58:14.296,0.0,1
run_20260912_2026-09-12-13-58-05,1789192694.898,2026-09-12 13:58:14.898,0.401,1
run_20260912_2026-09-12-13-58-05,1789192694.898,2026-09-12 13:58:14.898,0.0,1
run_20260912_2026-09-12-13-58-05,1789192696.702,2026-09-12 13:58:16.702,0.401,1
run_20260912_2026-09-12-13-58-05,1789192696.703,2026-09-12 13:58:16.703,0.0,1
run_20260912_2026-09-12-13-58-05,1789192744.692,2026-09-12 13:59:04.692,0.0,1
run_20260912_2026-09-12-13-58-05,1789192745.293,2026-09-12 13:59:05.293,0.4,1
run_20260912_2026-09-12-13-58-05,1789192745.294,2026-09-12 13:59:05.294,0.001,1
run_20260912_2026-09-12-13-58-05,1789192745.695,2026-09-12 13:59:05.695,0.401,1
run_20260912_2026-09-12-13-58-05,1789192745.695,2026-09-12 13:59:05.695,0.0,1
run_20260912_2026-09-12-13-58-05,1789192746.297,2026-09-12 13:59:06.297,0.401,1
run_20260912_2026-09-12-13-58-05,1789192746.3,2026-09-12 13:59:06.300,0.003,1
run_20260912_2026-09-12-13-58-05,1789192747.703,2026-09-12 13:59:07.703,0.401,1
run_20260912_2026-09-12-13-58-05,1789192747.703,2026-09-12 13:59:07.703,0.0,1
run_20260912_2026-09-12-13-58-05,1789192793.696,2026-09-12 13:59:53.696,0.001,1
run_20260912_2026-09-12-13-58-05,1789192794.297,2026-09-12 13:59:54.297,0.4,1
run_20260912_2026-09-12-13-58-05,1789192794.298,2026-09-12 13:59:54.298,0.0,1
run_20260912_2026-09-12-13-58-05,1789192796.505,2026-09-12 13:59:56.505,0.401,1
run_20260912_2026-09-12-13-58-05,1789192796.508,2026-09-12 13:59:56.508,0.003,1
run_20260912_2026-09-12-13-58-05,1789192839.696,2026-09-12 14:00:39.696,0.001,1
run_20260912_2026-09-12-13-58-05,1789192840.298,2026-09-12 14:00:40.298,0.401,1
run_20260912_2026-09-12-13-58-05,1789192840.298,2026-09-12 14:00:40.298,0.0,1
run_20260912_2026-09-12-13-58-05,1789192888.292,2026-09-12 14:01:28.292,0.0,1
run_20260912_2026-09-12-13-58-05,1789192889.295,2026-09-12 14:01:29.295,0.402,1
run_20260912_2026-09-12-13-58-05,1789192889.295,2026-09-12 14:01:29.295,0.0,1
run_20260912_2026-09-12-13-58-05,1789192936.687,2026-09-12 14:02:16.687,0.0,1
run_20260912_2026-09-12-13-58-05,1789192937.087,2026-09-12 14:02:17.087,0.401,1
run_20260912_2026-09-12-13-58-05,1789192937.492,2026-09-12 14:02:17.492,0.0,1
run_20260912_2026-09-12-13-58-05,1789192938.496,2026-09-12 14:02:18.496,0.402,1
run_20260912_2026-09-12-13-58-05,1789192938.496,2026-09-12 14:02:18.496,0.0,1
run_20260912_2026-09-12-13-58-05,1789192982.685,2026-09-12 14:03:02.685,0.001,1
run_20260912_2026-09-12-13-58-05,1789192983.287,2026-09-12 14:03:03.287,0.401,1
run_20260912_2026-09-12-13-58-05,1789192983.288,2026-09-12 14:03:03.288,0.001,1
run_20260912_2026-09-12-13-58-05,1789193028.682,2026-09-12 14:03:48.682,0.0,1
run_20260912_2026-09-12-13-58-05,1789193029.283,2026-09-12 14:03:49.283,0.401,1
run_20260912_2026-09-12-13-58-05,1789193029.484,2026-09-12 14:03:49.484,0.001,1
run_20260912_2026-09-12-13-58-05,1789193030.286,2026-09-12 14:03:50.286,0.401,1
run_20260912_2026-09-12-13-58-05,1789193030.287,2026-09-12 14:03:50.287,0.0,1
run_20260912_2026-09-12-13-58-05,1789193075.879,2026-09-12 14:04:35.879,0.0,1
run_20260912_2026-09-12-13-58-05,1789193076.28,2026-09-12 14:04:36.280,0.401,1
run_20260912_2026-09-12-13-58-05,1789193076.48,2026-09-12 14:04:36.480,0.0,1
run_20260912_2026-09-12-13-58-05,1789193077.283,2026-09-12 14:04:37.283,0.401,1
run_20260912_2026-09-12-13-58-05,1789193077.283,2026-09-12 14:04:37.283,0.001,1
run_20260912_2026-09-12-13-58-05,1789193122.675,2026-09-12 14:05:22.675,0.0,1
run_20260912_2026-09-12-13-58-05,1789193123.076,2026-09-12 14:05:23.076,0.401,1
run_20260912_2026-09-12-13-58-05,1789193123.28,2026-09-12 14:05:23.280,0.0,1
run_20260912_2026-09-12-13-58-05,1789193125.286,2026-09-12 14:05:25.286,0.401,1
run_20260912_2026-09-12-13-58-05,1789193125.287,2026-09-12 14:05:25.287,0.001,1
run_20260912_2026-09-12-13-58-05,1789193170.275,2026-09-12 14:06:10.275,0.0,1
run_20260912_2026-09-12-13-58-05,1789193171.278,2026-09-12 14:06:11.278,0.401,1
run_20260912_2026-09-12-13-58-05,1789193171.278,2026-09-12 14:06:11.278,0.0,1
run_20260912_2026-09-12-13-58-05,1789193218.473,2026-09-12 14:06:58.473,0.0,1
run_20260912_2026-09-12-13-58-05,1789193264.669,2026-09-12 14:07:44.669,0.001,1
run_20260912_2026-09-12-13-58-05,1789193265.271,2026-09-12 14:07:45.271,0.401,1
run_20260912_2026-09-12-13-58-05,1789193265.672,2026-09-12 14:07:45.672,0.0,1
run_20260912_2026-09-12-13-58-05,1789193266.275,2026-09-12 14:07:46.275,0.402,1
run_20260912_2026-09-12-13-58-05,1789193266.275,2026-09-12 14:07:46.275,0.0,1
run_20260912_2026-09-12-13-58-05,1789193314.67,2026-09-12 14:08:34.670,0.0,1
run_20260912_2026-09-12-13-58-05,1789193315.271,2026-09-12 14:08:35.271,0.401,1
run_20260912_2026-09-12-13-58-05,1789193315.272,2026-09-12 14:08:35.272,0.001,1
run_20260912_2026-09-12-13-58-05,1789193360.864,2026-09-12 14:09:20.864,0.0,1
run_20260912_2026-09-12-13-58-05,1789193361.265,2026-09-12 14:09:21.265,0.401,1
run_20260912_2026-09-12-13-58-05,1789193361.667,2026-09-12 14:09:21.667,0.0,1
run_20260912_2026-09-12-13-58-05,1789193362.268,2026-09-12 14:09:22.268,0.401,1
run_20260912_2026-09-12-13-58-05,1789193362.268,2026-09-12 14:09:22.268,0.0,1
run_20260912_2026-09-12-13-58-05,1789193409.867,2026-09-12 14:10:09.867,0.0,1
run_20260912_2026-09-12-13-58-05,1789193410.268,2026-09-12 14:10:10.268,0.401,1
run_20260912_2026-09-12-13-58-05,1789193410.268,2026-09-12 14:10:10.268,0.0,1
run_20260912_2026-09-12-13-58-05,1789193456.661,2026-09-12 14:10:56.661,0.0,1
run_20260912_2026-09-12-13-58-05,1789193457.062,2026-09-12 14:10:57.062,0.401,1
run_20260912_2026-09-12-13-58-05,1789193457.664,2026-09-12 14:10:57.664,0.0,1
run_20260912_2026-09-12-13-58-05,1789193458.266,2026-09-12 14:10:58.266,0.401,1
run_20260912_2026-09-12-13-58-05,1789193458.266,2026-09-12 14:10:58.266,0.0,1
run_20260912_2026-09-12-13-58-05,1789193505.662,2026-09-12 14:11:45.662,0.0,1
run_20260912_2026-09-12-13-58-05,1789193506.264,2026-09-12 14:11:46.264,0.401,1
run_20260912_2026-09-12-13-58-05,1789193506.264,2026-09-12 14:11:46.264,0.0,1
run_20260912_2026-09-12-13-58-05,1789193554.461,2026-09-12 14:12:34.461,0.0,1
run_20260912_2026-09-12-13-58-05,1789193555.263,2026-09-12 14:12:35.263,0.4,1
run_20260912_2026-09-12-13-58-05,1789193555.263,2026-09-12 14:12:35.263,0.0,1
run_20260912_2026-09-12-13-58-05,1789193601.859,2026-09-12 14:13:21.859,0.001,1
run_20260912_2026-09-12-13-58-05,1789193602.259,2026-09-12 14:13:22.259,0.401,1
run_20260912_2026-09-12-13-58-05,1789193602.46,2026-09-12 14:13:22.460,0.0,1
run_20260912_2026-09-12-13-58-05,1789193603.262,2026-09-12 14:13:23.262,0.401,1
run_20260912_2026-09-12-13-58-05,1789193603.262,2026-09-12 14:13:23.262,0.0,1
run_20260912_2026-09-12-13-58-05,1789193650.658,2026-09-12 14:14:10.658,0.0,1
run_20260912_2026-09-12-13-58-05,1789193651.259,2026-09-12 14:14:11.259,0.401,1
run_20260912_2026-09-12-13-58-05,1789193651.261,2026-09-12 14:14:11.261,0.002,1
run_20260912_2026-09-12-13-58-05,1789193653.267,2026-09-12 14:14:13.267,0.401,1
run_20260912_2026-09-12-13-58-05,1789193653.268,2026-09-12 14:14:13.268,0.001,1
run_20260912_2026-09-12-13-58-05,1789193698.255,2026-09-12 14:14:58.255,0.0,1
run_20260912_2026-09-12-13-58-05,1789193698.656,2026-09-12 14:14:58.656,0.4,1
run_20260912_2026-09-12-13-58-05,1789193698.657,2026-09-12 14:14:58.657,0.001,1
run_20260912_2026-09-12-13-58-05,1789193699.258,2026-09-12 14:14:59.258,0.401,1
run_20260912_2026-09-12-13-58-05,1789193699.258,2026-09-12 14:14:59.258,0.0,1
run_20260912_2026-09-12-13-58-05,1789193747.456,2026-09-12 14:15:47.456,0.001,1
run_20260912_2026-09-12-13-58-05,1789193795.655,2026-09-12 14:16:35.655,0.0,1
run_20260912_2026-09-12-13-58-05,1789193796.257,2026-09-12 14:16:36.257,0.401,1
run_20260912_2026-09-12-13-58-05,1789193796.258,2026-09-12 14:16:36.258,0.001,1
run_20260912_2026-09-12-13-58-05,1789193797.26,2026-09-12 14:16:37.260,0.401,1
run_20260912_2026-09-12-13-58-05,1789193797.263,2026-09-12 14:16:37.263,0.002,1
run_20260912_2026-09-12-13-58-05,1789193843.655,2026-09-12 14:17:23.655,0.0,1
run_20260912_2026-09-12-13-58-05,1789193844.056,2026-09-12 14:17:24.056,0.401,1
run_20260912_2026-09-12-13-58-05,1789193844.257,2026-09-12 14:17:24.257,0.001,1
run_20260912_2026-09-12-13-58-05,1789193893.654,2026-09-12 14:18:13.654,0.001,1
run_20260912_2026-09-12-13-58-05,1789193894.255,2026-09-12 14:18:14.255,0.401,1
run_20260912_2026-09-12-13-58-05,1789193894.456,2026-09-12 14:18:14.456,0.0,1
run_20260912_2026-09-12-13-58-05,1789193944.451,2026-09-12 14:19:04.451,0.0,1
run_20260912_2026-09-12-13-58-05,1789193945.052,2026-09-12 14:19:05.052,0.401,1
run_20260912_2026-09-12-13-58-05,1789193945.254,2026-09-12 14:19:05.254,0.0,1
run_20260912_2026-09-12-13-58-05,1789193946.257,2026-09-12 14:19:06.257,0.401,1
run_20260912_2026-09-12-13-58-05,1789193946.258,2026-09-12 14:19:06.258,0.001,1
run_20260912_2026-09-12-13-58-05,1789193994.852,2026-09-12 14:19:54.852,0.0,1
run_20260912_2026-09-12-13-58-05,1789193995.253,2026-09-12 14:19:55.253,0.401,1
run_20260912_2026-09-12-13-58-05,1789193995.253,2026-09-12 14:19:55.253,0.0,1
run_20260912_2026-09-12-13-58-05,1789193996.256,2026-09-12 14:19:56.256,0.401,1
run_20260912_2026-09-12-13-58-05,1789193996.257,2026-09-12 14:19:56.257,0.001,1
run_20260912_2026-09-12-13-58-05,1789193997.861,2026-09-12 14:19:57.861,0.401,1
run_20260912_2026-09-12-13-58-05,1789193997.861,2026-09-12 14:19:57.861,0.0,1
run_20260912_2026-09-12-13-58-05,1789194043.852,2026-09-12 14:20:43.852,0.001,1
run_20260912_2026-09-12-13-58-05,1789194044.253,2026-09-12 14:20:44.253,0.401,1
run_20260912_2026-09-12-13-58-05,1789194044.454,2026-09-12 14:20:44.454,0.001,1
run_20260912_2026-09-12-13-58-05,1789194045.256,2026-09-12 14:20:45.256,0.401,1
run_20260912_2026-09-12-13-58-05,1789194045.257,2026-09-12 14:20:45.257,0.0,1
run_20260912_2026-09-12-13-58-05,1789194046.26,2026-09-12 14:20:46.260,0.4,1
run_20260912_2026-09-12-13-58-05,1789194046.26,2026-09-12 14:20:46.260,0.0,1
run_20260912_2026-09-12-13-58-05,1789194048.267,2026-09-12 14:20:48.267,0.401,1
run_20260912_2026-09-12-13-58-05,1789194048.267,2026-09-12 14:20:48.267,0.0,1
run_20260912_2026-09-12-13-58-05,1789194092.651,2026-09-12 14:21:32.651,0.0,1
run_20260912_2026-09-12-13-58-05,1789194093.254,2026-09-12 14:21:33.254,0.402,1
run_20260912_2026-09-12-13-58-05,1789194093.254,2026-09-12 14:21:33.254,0.0,1
run_20260912_2026-09-12-13-58-05,1789194093.655,2026-09-12 14:21:33.655,0.401,1
run_20260912_2026-09-12-13-58-05,1789194093.655,2026-09-12 14:21:33.655,0.0,1
run_20260912_2026-09-12-13-58-05,1789194142.85,2026-09-12 14:22:22.850,0.0,1
run_20260912_2026-09-12-13-58-05,1789194143.251,2026-09-12 14:22:23.251,0.401,1
run_20260912_2026-09-12-13-58-05,1789194143.453,2026-09-12 14:22:23.453,0.001,1
run_20260912_2026-09-12-13-58-05,1789194145.663,2026-09-12 14:22:25.663,0.402,1
run_20260912_2026-09-12-13-58-05,1789194145.663,2026-09-12 14:22:25.663,0.0,1
run_20260912_2026-09-12-13-58-05,1789194190.45,2026-09-12 14:23:10.450,0.001,1
run_20260912_2026-09-12-13-58-05,1789194191.252,2026-09-12 14:23:11.252,0.401,1
run_20260912_2026-09-12-13-58-05,1789194191.252,2026-09-12 14:23:11.252,0.0,1
run_20260912_2026-09-12-13-58-05,1789194238.651,2026-09-12 14:23:58.651,0.001,1
run_20260912_2026-09-12-13-58-05,1789194239.252,2026-09-12 14:23:59.252,0.401,1
run_20260912_2026-09-12-13-58-05,1789194239.453,2026-09-12 14:23:59.453,0.0,1
run_20260912_2026-09-12-13-58-05,1789194287.65,2026-09-12 14:24:47.650,0.0,1
run_20260912_2026-09-12-13-58-05,1789194288.253,2026-09-12 14:24:48.253,0.402,1
run_20260912_2026-09-12-13-58-05,1789194288.253,2026-09-12 14:24:48.253,0.0,1
run_20260912_2026-09-12-13-58-05,1789194334.65,2026-09-12 14:25:34.650,0.0,1
run_20260912_2026-09-12-13-58-05,1789194335.251,2026-09-12 14:25:35.251,0.401,1
run_20260912_2026-09-12-13-58-05,1789194335.255,2026-09-12 14:25:35.255,0.003,1
run_20260912_2026-09-12-13-58-05,1789194382.648,2026-09-12 14:26:22.648,0.0,1
run_20260912_2026-09-12-13-58-05,1789194383.049,2026-09-12 14:26:23.049,0.401,1
run_20260912_2026-09-12-13-58-05,1789194383.451,2026-09-12 14:26:23.451,0.001,1
run_20260912_2026-09-12-13-58-05,1789194384.253,2026-09-12 14:26:24.253,0.401,1
run_20260912_2026-09-12-13-58-05,1789194384.253,2026-09-12 14:26:24.253,0.0,1
run_20260912_2026-09-12-13-58-05,1789194431.649,2026-09-12 14:27:11.649,0.001,1
run_20260912_2026-09-12-13-58-05,1789194432.25,2026-09-12 14:27:12.250,0.401,1
run_20260912_2026-09-12-13-58-05,1789194432.451,2026-09-12 14:27:12.451,0.0,1
run_20260912_2026-09-12-13-58-05,1789194433.254,2026-09-12 14:27:13.254,0.401,1
run_20260912_2026-09-12-13-58-05,1789194433.254,2026-09-12 14:27:13.254,0.0,1
run_20260912_2026-09-12-13-58-05,1789194480.849,2026-09-12 14:28:00.849,0.004,1
run_20260912_2026-09-12-13-58-05,1789194481.25,2026-09-12 14:28:01.250,0.401,1
run_20260912_2026-09-12-13-58-05,1789194481.251,2026-09-12 14:28:01.251,0.0,1
run_20260912_2026-09-12-13-58-05,1789194529.844,2026-09-12 14:28:49.844,0.0,1
run_20260912_2026-09-12-13-58-05,1789194530.246,2026-09-12 14:28:50.246,0.401,1
run_20260912_2026-09-12-13-58-05,1789194530.648,2026-09-12 14:28:50.648,0.0,1
run_20260912_2026-09-12-13-58-05,1789194531.25,2026-09-12 14:28:51.250,0.401,1
run_20260912_2026-09-12-13-58-05,1789194531.453,2026-09-12 14:28:51.453,0.0,1
run_20260912_2026-09-12-13-58-05,1789194577.848,2026-09-12 14:29:37.848,0.0,1
run_20260912_2026-09-12-13-58-05,1789194578.249,2026-09-12 14:29:38.249,0.401,1
run_20260912_2026-09-12-13-58-05,1789194578.249,2026-09-12 14:29:38.249,0.0,1
run_20260912_2026-09-12-13-58-05,1789194625.646,2026-09-12 14:30:25.646,0.002,1
run_20260912_2026-09-12-13-58-05,1789194626.248,2026-09-12 14:30:26.248,0.401,1
run_20260912_2026-09-12-13-58-05,1789194626.449,2026-09-12 14:30:26.449,0.001,1
run_20260912_2026-09-12-13-58-05,1789194674.645,2026-09-12 14:31:14.645,0.0,1
run_20260912_2026-09-12-13-58-05,1789194675.248,2026-09-12 14:31:15.248,0.402,1
run_20260912_2026-09-12-13-58-05,1789194675.248,2026-09-12 14:31:15.248,0.0,1
run_20260912_2026-09-12-13-58-05,1789194676.452,2026-09-12 14:31:16.452,0.401,1
run_20260912_2026-09-12-13-58-05,1789194676.452,2026-09-12 14:31:16.452,0.0,1
run_20260912_2026-09-12-13-58-05,1789194722.643,2026-09-12 14:32:02.643,0.0,1
run_20260912_2026-09-12-13-58-05,1789194723.045,2026-09-12 14:32:03.045,0.401,1
run_20260912_2026-09-12-13-58-05,1789194723.246,2026-09-12 14:32:03.246,0.0,1
run_20260912_2026-09-12-13-58-05,1789194723.647,2026-09-12 14:32:03.647,0.401,1
run_20260912_2026-09-12-13-58-05,1789194723.647,2026-09-12 14:32:03.647,0.0,1
run_20260912_2026-09-12-13-58-05,1789194724.248,2026-09-12 14:32:04.248,0.401,1
run_20260912_2026-09-12-13-58-05,1789194724.451,2026-09-12 14:32:04.451,0.0,1
run_20260912_2026-09-12-13-58-05,1789194726.457,2026-09-12 14:32:06.457,0.401,1
run_20260912_2026-09-12-13-58-05,1789194726.458,2026-09-12 14:32:06.458,0.001,1
run_20260912_2026-09-12-13-58-05,1789194770.643,2026-09-12 14:32:50.643,0.001,1
run_20260912_2026-09-12-13-58-05,1789194771.044,2026-09-12 14:32:51.044,0.401,1
run_20260912_2026-09-12-13-58-05,1789194771.648,2026-09-12 14:32:51.648,0.002,1
run_20260912_2026-09-12-13-58-05,1789194772.25,2026-09-12 14:32:52.250,0.401,1
run_20260912_2026-09-12-13-58-05,1789194772.25,2026-09-12 14:32:52.250,0.0,1
run_20260912_2026-09-12-13-58-05,1789194820.444,2026-09-12 14:33:40.444,0.0,1
run_20260912_2026-09-12-13-58-05,1789194821.247,2026-09-12 14:33:41.247,0.402,1
run_20260912_2026-09-12-13-58-05,1789194821.448,2026-09-12 14:33:41.448,0.0,1
run_20260912_2026-09-12-13-58-05,1789194867.84,2026-09-12 14:34:27.840,0.0,1
run_20260912_2026-09-12-13-58-05,1789194868.241,2026-09-12 14:34:28.241,0.401,1
run_20260912_2026-09-12-13-58-05,1789194868.644,2026-09-12 14:34:28.644,0.0,1
run_20260912_2026-09-12-13-58-05,1789194869.246,2026-09-12 14:34:29.246,0.401,1
run_20260912_2026-09-12-13-58-05,1789194869.247,2026-09-12 14:34:29.247,0.002,1
run_20260912_2026-09-12-13-58-05,1789194917.642,2026-09-12 14:35:17.642,0.0,1
run_20260912_2026-09-12-13-58-05,1789194918.243,2026-09-12 14:35:18.243,0.401,1
run_20260912_2026-09-12-13-58-05,1789194918.244,2026-09-12 14:35:18.244,0.0,1
run_20260912_2026-09-12-13-58-05,1789194918.644,2026-09-12 14:35:18.644,0.4,1
run_20260912_2026-09-12-13-58-05,1789194918.645,2026-09-12 14:35:18.645,0.001,1
run_20260912_2026-09-12-13-58-05,1789194919.246,2026-09-12 14:35:19.246,0.401,1
run_20260912_2026-09-12-13-58-05,1789194919.247,2026-09-12 14:35:19.247,0.0,1
run_20260912_2026-09-12-13-58-05,1789194969.652,2026-09-12 14:36:09.652,0.0,1
run_20260912_2026-09-12-13-58-05,1789194970.254,2026-09-12 14:36:10.254,0.401,1
run_20260912_2026-09-12-13-58-05,1789194970.254,2026-09-12 14:36:10.254,0.0,1
run_20260912_2026-09-12-13-58-05,1789195018.25,2026-09-12 14:36:58.250,0.0,1
run_20260912_2026-09-12-13-58-05,1789195018.651,2026-09-12 14:36:58.651,0.401,1
run_20260912_2026-09-12-13-58-05,1789195018.651,2026-09-12 14:36:58.651,0.0,1
run_20260912_2026-09-12-13-58-05,1789195019.052,2026-09-12 14:36:59.052,0.401,1
run_20260912_2026-09-12-13-58-05,1789195019.256,2026-09-12 14:36:59.256,0.0,1
run_20260912_2026-09-12-13-58-05,1789195069.656,2026-09-12 14:37:49.656,0.0,1
run_20260912_2026-09-12-13-58-05,1789195070.056,2026-09-12 14:37:50.056,0.401,1
run_20260912_2026-09-12-13-58-05,1789195070.459,2026-09-12 14:37:50.459,0.0,1
run_20260912_2026-09-12-13-58-05,1789195071.26,2026-09-12 14:37:51.260,0.401,1
run_20260912_2026-09-12-13-58-05,1789195071.261,2026-09-12 14:37:51.261,0.0,1
run_20260912_2026-09-12-13-58-05,1789195120.461,2026-09-12 14:38:40.461,0.001,1
run_20260912_2026-09-12-13-58-05,1789195121.263,2026-09-12 14:38:41.263,0.401,1
run_20260912_2026-09-12-13-58-05,1789195121.263,2026-09-12 14:38:41.263,0.0,1
run_20260912_2026-09-12-13-58-05,1789195123.27,2026-09-12 14:38:43.270,0.401,1
run_20260912_2026-09-12-13-58-05,1789195123.27,2026-09-12 14:38:43.270,0.0,1
run_20260912_2026-09-12-13-58-05,1789195170.264,2026-09-12 14:39:30.264,0.0,1
run_20260912_2026-09-12-13-58-05,1789195171.267,2026-09-12 14:39:31.267,0.401,1
run_20260912_2026-09-12-13-58-05,1789195171.267,2026-09-12 14:39:31.267,0.0,1
run_20260912_2026-09-12-13-58-05,1789195219.864,2026-09-12 14:40:19.864,0.003,1
run_20260912_2026-09-12-13-58-05,1789195220.264,2026-09-12 14:40:20.264,0.401,1
run_20260912_2026-09-12-13-58-05,1789195220.666,2026-09-12 14:40:20.666,0.0,1
run_20260912_2026-09-12-13-58-05,1789195221.268,2026-09-12 14:40:21.268,0.401,1
run_20260912_2026-09-12-13-58-05,1789195221.469,2026-09-12 14:40:21.469,0.0,1
run_20260912_2026-09-12-13-58-05,1789195270.269,2026-09-12 14:41:10.269,0.001,1
run_20260912_2026-09-12-13-58-05,1789195318.667,2026-09-12 14:41:58.667,0.001,1
run_20260912_2026-09-12-13-58-05,1789195319.068,2026-09-12 14:41:59.068,0.401,1
run_20260912_2026-09-12-13-58-05,1789195319.47,2026-09-12 14:41:59.470,0.0,1
run_20260912_2026-09-12-13-58-05,1789195320.272,2026-09-12 14:42:00.272,0.401,1
run_20260912_2026-09-12-13-58-05,1789195320.276,2026-09-12 14:42:00.276,0.004,1
run_20260912_2026-09-12-13-58-05,1789195367.269,2026-09-12 14:42:47.269,0.0,1
run_20260912_2026-09-12-13-58-05,1789195367.669,2026-09-12 14:42:47.669,0.4,1
run_20260912_2026-09-12-13-58-05,1789195367.67,2026-09-12 14:42:47.670,0.001,1
run_20260912_2026-09-12-13-58-05,1789195368.271,2026-09-12 14:42:48.271,0.401,1
run_20260912_2026-09-12-13-58-05,1789195368.272,2026-09-12 14:42:48.272,0.001,1
run_20260912_2026-09-12-13-58-05,1789195416.271,2026-09-12 14:43:36.271,0.0,1
run_20260912_2026-09-12-13-58-05,1789195416.672,2026-09-12 14:43:36.672,0.401,1
run_20260912_2026-09-12-13-58-05,1789195417.475,2026-09-12 14:43:37.475,0.0,1
run_20260912_2026-09-12-13-58-05,1789195466.277,2026-09-12 14:44:26.277,0.001,1
run_20260912_2026-09-12-13-58-05,1789195468.282,2026-09-12 14:44:28.282,0.401,1
run_20260912_2026-09-12-13-58-05,1789195468.283,2026-09-12 14:44:28.283,0.001,1
run_20260912_2026-09-12-13-58-05,1789195514.675,2026-09-12 14:45:14.675,0.0,1
run_20260912_2026-09-12-13-58-05,1789195515.277,2026-09-12 14:45:15.277,0.401,1
run_20260912_2026-09-12-13-58-05,1789195515.277,2026-09-12 14:45:15.277,0.0,1
run_20260912_2026-09-12-13-58-05,1789195563.873,2026-09-12 14:46:03.873,0.0,1
run_20260912_2026-09-12-13-58-05,1789195564.274,2026-09-12 14:46:04.274,0.401,1
run_20260912_2026-09-12-13-58-05,1789195564.677,2026-09-12 14:46:04.677,0.001,1
run_20260912_2026-09-12-13-58-05,1789195565.278,2026-09-12 14:46:05.278,0.401,1
run_20260912_2026-09-12-13-58-05,1789195565.278,2026-09-12 14:46:05.278,0.0,1
run_20260912_2026-09-12-13-58-05,1789195612.876,2026-09-12 14:46:52.876,0.001,1
run_20260912_2026-09-12-13-58-05,1789195613.277,2026-09-12 14:46:53.277,0.401,1
run_20260912_2026-09-12-13-58-05,1789195613.278,2026-09-12 14:46:53.278,0.001,1
run_20260912_2026-09-12-13-58-05,1789195614.28,2026-09-12 14:46:54.280,0.401,1
run_20260912_2026-09-12-13-58-05,1789195614.281,2026-09-12 14:46:54.281,0.0,1
run_20260912_2026-09-12-13-58-05,1789195661.276,2026-09-12 14:47:41.276,0.0,1
run_20260912_2026-09-12-13-58-05,1789195661.677,2026-09-12 14:47:41.677,0.401,1
run_20260912_2026-09-12-13-58-05,1789195661.677,2026-09-12 14:47:41.677,0.0,1
run_20260912_2026-09-12-13-58-05,1789195662.278,2026-09-12 14:47:42.278,0.401,1
run_20260912_2026-09-12-13-58-05,1789195662.28,2026-09-12 14:47:42.280,0.002,1
run_20260912_2026-09-12-13-58-05,1789195663.283,2026-09-12 14:47:43.283,0.401,1
run_20260912_2026-09-12-13-58-05,1789195663.283,2026-09-12 14:47:43.283,0.001,1
run_20260912_2026-09-12-13-58-05,1789195710.678,2026-09-12 14:48:30.678,0.0,1
run_20260912_2026-09-12-13-58-05,1789195711.279,2026-09-12 14:48:31.279,0.4,1
run_20260912_2026-09-12-13-58-05,1789195711.481,2026-09-12 14:48:31.481,0.001,1
run_20260912_2026-09-12-13-58-05,1789195712.283,2026-09-12 14:48:32.283,0.401,1
run_20260912_2026-09-12-13-58-05,1789195712.283,2026-09-12 14:48:32.283,0.0,1
run_20260912_2026-09-12-13-58-05,1789195757.877,2026-09-12 14:49:17.877,0.0,1
run_20260912_2026-09-12-13-58-05,1789195758.278,2026-09-12 14:49:18.278,0.401,1
run_20260912_2026-09-12-13-58-05,1789195758.68,2026-09-12 14:49:18.680,0.0,1
run_20260912_2026-09-12-13-58-05,1789195759.282,2026-09-12 14:49:19.282,0.401,1
run_20260912_2026-09-12-13-58-05,1789195759.282,2026-09-12 14:49:19.282,0.0,1
run_20260912_2026-09-12-13-58-05,1789195807.281,2026-09-12 14:50:07.281,0.0,1
run_20260912_2026-09-12-13-58-05,1789195856.681,2026-09-12 14:50:56.681,0.0,1
run_20260912_2026-09-12-13-58-05,1789195857.282,2026-09-12 14:50:57.282,0.4,1
run_20260912_2026-09-12-13-58-05,1789195857.282,2026-09-12 14:50:57.282,0.001,1
run_20260912_2026-09-12-13-58-05,1789195857.684,2026-09-12 14:50:57.684,0.401,1
run_20260912_2026-09-12-13-58-05,1789195857.684,2026-09-12 14:50:57.684,0.0,1
run_20260912_2026-09-12-13-58-05,1789195858.285,2026-09-12 14:50:58.285,0.401,1
run_20260912_2026-09-12-13-58-05,1789195858.288,2026-09-12 14:50:58.288,0.003,1
run_20260912_2026-09-12-13-58-05,1789195906.28,2026-09-12 14:51:46.280,0.0,1
run_20260912_2026-09-12-13-58-05,1789195906.681,2026-09-12 14:51:46.681,0.4,1
run_20260912_2026-09-12-13-58-05,1789195906.682,2026-09-12 14:51:46.682,0.001,1
run_20260912_2026-09-12-13-58-05,1789195907.283,2026-09-12 14:51:47.283,0.401,1
run_20260912_2026-09-12-13-58-05,1789195907.283,2026-09-12 14:51:47.283,0.001,1
run_20260912_2026-09-12-13-58-05,1789195956.881,2026-09-12 14:52:36.881,0.001,1
run_20260912_2026-09-12-13-58-05,1789195957.282,2026-09-12 14:52:37.282,0.401,1
run_20260912_2026-09-12-13-58-05,1789195957.483,2026-09-12 14:52:37.483,0.0,1
run_20260912_2026-09-12-13-58-05,1789195958.285,2026-09-12 14:52:38.285,0.401,1
run_20260912_2026-09-12-13-58-05,1789195958.286,2026-09-12 14:52:38.286,0.001,1
run_20260912_2026-09-12-13-58-05,1789196006.682,2026-09-12 14:53:26.682,0.0,1
run_20260912_2026-09-12-13-58-05,1789196007.082,2026-09-12 14:53:27.082,0.4,1
run_20260912_2026-09-12-13-58-05,1789196007.685,2026-09-12 14:53:27.685,0.0,1
run_20260912_2026-09-12-13-58-05,1789196008.286,2026-09-12 14:53:28.286,0.401,1
run_20260912_2026-09-12-13-58-05,1789196008.288,2026-09-12 14:53:28.288,0.001,1
run_20260912_2026-09-12-13-58-05,1789196054.684,2026-09-12 14:54:14.684,0.0,1
run_20260912_2026-09-12-13-58-05,1789196055.285,2026-09-12 14:54:15.285,0.4,1
run_20260912_2026-09-12-13-58-05,1789196055.486,2026-09-12 14:54:15.486,0.001,1
run_20260912_2026-09-12-13-58-05,1789196056.289,2026-09-12 14:54:16.289,0.401,1
run_20260912_2026-09-12-13-58-05,1789196056.289,2026-09-12 14:54:16.289,0.0,1
run_20260912_2026-09-12-13-58-05,1789196103.684,2026-09-12 14:55:03.684,0.001,1
run_20260912_2026-09-12-13-58-05,1789196104.084,2026-09-12 14:55:04.084,0.401,1
run_20260912_2026-09-12-13-58-05,1789196104.285,2026-09-12 14:55:04.285,0.0,1
run_20260912_2026-09-12-13-58-05,1789196152.682,2026-09-12 14:55:52.682,0.0,1
run_20260912_2026-09-12-13-58-05,1789196153.284,2026-09-12 14:55:53.284,0.401,1
run_20260912_2026-09-12-13-58-05,1789196153.284,2026-09-12 14:55:53.284,0.0,1
run_20260912_2026-09-12-13-58-05,1789196153.685,2026-09-12 14:55:53.685,0.4,1
run_20260912_2026-09-12-13-58-05,1789196153.685,2026-09-12 14:55:53.685,0.0,1
run_20260912_2026-09-12-13-58-05,1789196154.086,2026-09-12 14:55:54.086,0.401,1
run_20260912_2026-09-12-13-58-05,1789196154.288,2026-09-12 14:55:54.288,0.0,1
run_20260912_2026-09-12-13-58-05,1789196201.686,2026-09-12 14:56:41.686,0.0,1
run_20260912_2026-09-12-13-58-05,1789196202.288,2026-09-12 14:56:42.288,0.401,1
run_20260912_2026-09-12-13-58-05,1789196202.289,2026-09-12 14:56:42.289,0.001,1
run_20260912_2026-09-12-13-58-05,1789196251.889,2026-09-12 14:57:31.889,0.0,1
run_20260912_2026-09-12-13-58-05,1789196252.29,2026-09-12 14:57:32.290,0.401,1
run_20260912_2026-09-12-13-58-05,1789196252.29,2026-09-12 14:57:32.290,0.0,1
run_20260912_2026-09-12-13-58-05,1789196297.689,2026-09-12 14:58:17.689,0.001,1
run_20260912_2026-09-12-13-58-05,1789196298.29,2026-09-12 14:58:18.290,0.401,1
run_20260912_2026-09-12-13-58-05,1789196298.291,2026-09-12 14:58:18.291,0.0,1
run_20260912_2026-09-12-13-58-05,1789196299.294,2026-09-12 14:58:19.294,0.401,1
run_20260912_2026-09-12-13-58-05,1789196299.294,2026-09-12 14:58:19.294,0.0,1
run_20260912_2026-09-12-13-58-05,1789196346.69,2026-09-12 14:59:06.690,0.0,1
run_20260912_2026-09-12-13-58-05,1789196347.292,2026-09-12 14:59:07.292,0.401,1
run_20260912_2026-09-12-13-58-05,1789196347.492,2026-09-12 14:59:07.492,0.0,1
run_20260912_2026-09-12-13-58-05,1789196395.886,2026-09-12 14:59:55.886,0.0,1
run_20260912_2026-09-12-13-58-05,1789196396.288,2026-09-12 14:59:56.288,0.401,1
run_20260912_2026-09-12-13-58-05,1789196396.491,2026-09-12 14:59:56.491,0.0,1
run_20260912_2026-09-12-13-58-05,1789196446.494,2026-09-12 15:00:46.494,0.003,1
run_20260912_2026-09-12-13-58-05,1789196493.89,2026-09-12 15:01:33.890,0.001,1
run_20260912_2026-09-12-13-58-05,1789196494.291,2026-09-12 15:01:34.291,0.401,1
run_20260912_2026-09-12-13-58-05,1789196494.491,2026-09-12 15:01:34.491,0.0,1
run_20260912_2026-09-12-13-58-05,1789196543.691,2026-09-12 15:02:23.691,0.001,1
run_20260912_2026-09-12-13-58-05,1789196544.293,2026-09-12 15:02:24.293,0.401,1
run_20260912_2026-09-12-13-58-05,1789196544.293,2026-09-12 15:02:24.293,0.0,1
run_20260912_2026-09-12-13-58-05,1789196545.297,2026-09-12 15:02:25.297,0.402,1
run_20260912_2026-09-12-13-58-05,1789196545.297,2026-09-12 15:02:25.297,0.0,1
run_20260912_2026-09-12-13-58-05,1789196592.694,2026-09-12 15:03:12.694,0.0,1
run_20260912_2026-09-12-13-58-05,1789196593.295,2026-09-12 15:03:13.295,0.401,1
run_20260912_2026-09-12-13-58-05,1789196593.296,2026-09-12 15:03:13.296,0.001,1
run_20260912_2026-09-12-13-58-05,1789196595.502,2026-09-12 15:03:15.502,0.401,1
run_20260912_2026-09-12-13-58-05,1789196595.503,2026-09-12 15:03:15.503,0.001,1
run_20260912_2026-09-12-13-58-05,1789196640.692,2026-09-12 15:04:00.692,0.001,1
run_20260912_2026-09-12-13-58-05,1789196641.293,2026-09-12 15:04:01.293,0.401,1
run_20260912_2026-09-12-13-58-05,1789196641.294,2026-09-12 15:04:01.294,0.001,1
run_20260912_2026-09-12-13-58-05,1789196643.504,2026-09-12 15:04:03.504,0.401,1
run_20260912_2026-09-12-13-58-05,1789196643.504,2026-09-12 15:04:03.504,0.0,1
run_20260912_2026-09-12-13-58-05,1789196688.893,2026-09-12 15:04:48.893,0.001,1
run_20260912_2026-09-12-13-58-05,1789196689.294,2026-09-12 15:04:49.294,0.401,1
run_20260912_2026-09-12-13-58-05,1789196689.495,2026-09-12 15:04:49.495,0.0,1
run_20260912_2026-09-12-13-58-05,1789196690.297,2026-09-12 15:04:50.297,0.402,1
run_20260912_2026-09-12-13-58-05,1789196690.298,2026-09-12 15:04:50.298,0.0,1
run_20260912_2026-09-12-13-58-05,1789196737.691,2026-09-12 15:05:37.691,0.0,1
run_20260912_2026-09-12-13-58-05,1789196738.293,2026-09-12 15:05:38.293,0.401,1
run_20260912_2026-09-12-13-58-05,1789196738.497,2026-09-12 15:05:38.497,0.0,1
run_20260912_2026-09-12-13-58-05,1789196785.691,2026-09-12 15:06:25.691,0.0,1
run_20260912_2026-09-12-13-58-05,1789196786.092,2026-09-12 15:06:26.092,0.401,1
run_20260912_2026-09-12-13-58-05,1789196786.495,2026-09-12 15:06:26.495,0.001,1
run_20260912_2026-09-12-13-58-05,1789196787.297,2026-09-12 15:06:27.297,0.401,1
run_20260912_2026-09-12-13-58-05,1789196787.297,2026-09-12 15:06:27.297,0.0,1
run_20260912_2026-09-12-13-58-05,1789196787.899,2026-09-12 15:06:27.899,0.401,1
run_20260912_2026-09-12-13-58-05,1789196787.899,2026-09-12 15:06:27.899,0.0,1
run_20260912_2026-09-12-13-58-05,1789196788.3,2026-09-12 15:06:28.300,0.401,1
run_20260912_2026-09-12-13-58-05,1789196788.301,2026-09-12 15:06:28.301,0.001,1
run_20260912_2026-09-12-13-58-05,1789196833.891,2026-09-12 15:07:13.891,0.0,1
run_20260912_2026-09-12-13-58-05,1789196834.292,2026-09-12 15:07:14.292,0.401,1
run_20260912_2026-09-12-13-58-05,1789196834.493,2026-09-12 15:07:14.493,0.0,1
run_20260912_2026-09-12-13-58-05,1789196884.296,2026-09-12 15:08:04.296,0.0,1
run_20260912_2026-09-12-13-58-05,1789196932.693,2026-09-12 15:08:52.693,0.0,1
run_20260912_2026-09-12-13-58-05,1789196933.295,2026-09-12 15:08:53.295,0.401,1
run_20260912_2026-09-12-13-58-05,1789196933.296,2026-09-12 15:08:53.296,0.001,1
run_20260912_2026-09-12-13-58-05,1789196934.299,2026-09-12 15:08:54.299,0.401,1
run_20260912_2026-09-12-13-58-05,1789196934.3,2026-09-12 15:08:54.300,0.002,1
run_20260912_2026-09-12-13-58-05,1789196980.69,2026-09-12 15:09:40.690,0.0,1
run_20260912_2026-09-12-13-58-05,1789196981.091,2026-09-12 15:09:41.091,0.401,1
run_20260912_2026-09-12-13-58-05,1789196981.494,2026-09-12 15:09:41.494,0.001,1
run_20260912_2026-09-12-13-58-05,1789196982.296,2026-09-12 15:09:42.296,0.401,1
run_20260912_2026-09-12-13-58-05,1789196982.296,2026-09-12 15:09:42.296,0.0,1
run_20260912_2026-09-12-13-58-05,1789196983.299,2026-09-12 15:09:43.299,0.401,1
run_20260912_2026-09-12-13-58-05,1789196983.299,2026-09-12 15:09:43.299,0.0,1
run_20260912_2026-09-12-13-58-05,1789197031.889,2026-09-12 15:10:31.889,0.0,1
run_20260912_2026-09-12-13-58-05,1789197032.29,2026-09-12 15:10:32.290,0.401,1
run_20260912_2026-09-12-13-58-05,1789197032.291,2026-09-12 15:10:32.291,0.0,1
run_20260912_2026-09-12-13-58-05,1789197033.294,2026-09-12 15:10:33.294,0.401,1
run_20260912_2026-09-12-13-58-05,1789197033.294,2026-09-12 15:10:33.294,0.0,1
run_20260912_2026-09-12-13-58-05,1789197080.689,2026-09-12 15:11:20.689,0.0,1
run_20260912_2026-09-12-13-58-05,1789197081.089,2026-09-12 15:11:21.089,0.4,1
run_20260912_2026-09-12-13-58-05,1789197081.692,2026-09-12 15:11:21.692,0.0,1
run_20260912_2026-09-12-13-58-05,1789197082.293,2026-09-12 15:11:22.293,0.401,1
run_20260912_2026-09-12-13-58-05,1789197082.294,2026-09-12 15:11:22.294,0.001,1
run_20260912_2026-09-12-13-58-05,1789197129.287,2026-09-12 15:12:09.287,0.0,1
run_20260912_2026-09-12-13-58-05,1789197129.688,2026-09-12 15:12:09.688,0.401,1
run_20260912_2026-09-12-13-58-05,1789197129.689,2026-09-12 15:12:09.689,0.001,1
run_20260912_2026-09-12-13-58-05,1789197130.291,2026-09-12 15:12:10.291,0.401,1
run_20260912_2026-09-12-13-58-05,1789197130.291,2026-09-12 15:12:10.291,0.0,1
run_20260912_2026-09-12-13-58-05,1789197178.886,2026-09-12 15:12:58.886,0.001,1
run_20260912_2026-09-12-13-58-05,1789197179.288,2026-09-12 15:12:59.288,0.401,1
run_20260912_2026-09-12-13-58-05,1789197179.288,2026-09-12 15:12:59.288,0.0,1
run_20260912_2026-09-12-13-58-05,1789197180.291,2026-09-12 15:13:00.291,0.401,1
run_20260912_2026-09-12-13-58-05,1789197180.491,2026-09-12 15:13:00.491,0.0,1
run_20260912_2026-09-12-13-58-05,1789197226.285,2026-09-12 15:13:46.285,0.001,1
run_20260912_2026-09-12-13-58-05,1789197226.687,2026-09-12 15:13:46.687,0.401,1
run_20260912_2026-09-12-13-58-05,1789197226.687,2026-09-12 15:13:46.687,0.0,1
run_20260912_2026-09-12-13-58-05,1789197227.288,2026-09-12 15:13:47.288,0.401,1
run_20260912_2026-09-12-13-58-05,1789197227.289,2026-09-12 15:13:47.289,0.001,1
run_20260912_2026-09-12-13-58-05,1789197275.684,2026-09-12 15:14:35.684,0.0,1
run_20260912_2026-09-12-13-58-05,1789197276.084,2026-09-12 15:14:36.084,0.4,1
run_20260912_2026-09-12-13-58-05,1789197276.69,2026-09-12 15:14:36.690,0.0,1
run_20260912_2026-09-12-13-58-05,1789197324.685,2026-09-12 15:15:24.685,0.001,1
run_20260912_2026-09-12-13-58-05,1789197325.286,2026-09-12 15:15:25.286,0.401,1
run_20260912_2026-09-12-13-58-05,1789197325.487,2026-09-12 15:15:25.487,0.001,1
run_20260912_2026-09-12-13-58-05,1789197373.682,2026-09-12 15:16:13.682,0.0,1
run_20260912_2026-09-12-13-58-05,1789197374.083,2026-09-12 15:16:14.083,0.4,1
run_20260912_2026-09-12-13-58-05,1789197374.685,2026-09-12 15:16:14.685,0.0,1
run_20260912_2026-09-12-13-58-05,1789197375.286,2026-09-12 15:16:15.286,0.4,1
run_20260912_2026-09-12-13-58-05,1789197375.288,2026-09-12 15:16:15.288,0.001,1
run_20260912_2026-09-12-13-58-05,1789197376.29,2026-09-12 15:16:16.290,0.401,1
run_20260912_2026-09-12-13-58-05,1789197376.291,2026-09-12 15:16:16.291,0.001,1
run_20260912_2026-09-12-13-58-05,1789197422.681,2026-09-12 15:17:02.681,0.0,1
run_20260912_2026-09-12-13-58-05,1789197423.082,2026-09-12 15:17:03.082,0.401,1
run_20260912_2026-09-12-13-58-05,1789197423.685,2026-09-12 15:17:03.685,0.001,1
run_20260912_2026-09-12-13-58-05,1789197424.286,2026-09-12 15:17:04.286,0.401,1
run_20260912_2026-09-12-13-58-05,1789197424.488,2026-09-12 15:17:04.488,0.001,1
run_20260912_2026-09-12-13-58-05,1789197472.283,2026-09-12 15:17:52.283,0.0,1
run_20260912_2026-09-12-13-58-05,1789197472.683,2026-09-12 15:17:52.683,0.401,1
run_20260912_2026-09-12-13-58-05,1789197472.687,2026-09-12 15:17:52.687,0.003,1
run_20260912_2026-09-12-13-58-05,1789197473.288,2026-09-12 15:17:53.288,0.4,1
run_20260912_2026-09-12-13-58-05,1789197473.288,2026-09-12 15:17:53.288,0.0,1
run_20260912_2026-09-12-13-58-05,1789197475.496,2026-09-12 15:17:55.496,0.401,1
run_20260912_2026-09-12-13-58-05,1789197475.497,2026-09-12 15:17:55.497,0.001,1
run_20260912_2026-09-12-13-58-05,1789197519.883,2026-09-12 15:18:39.883,0.001,1
run_20260912_2026-09-12-13-58-05,1789197520.283,2026-09-12 15:18:40.283,0.401,1
run_20260912_2026-09-12-13-58-05,1789197520.484,2026-09-12 15:18:40.484,0.0,1
run_20260912_2026-09-12-13-58-05,1789197521.287,2026-09-12 15:18:41.287,0.402,1
run_20260912_2026-09-12-13-58-05,1789197521.287,2026-09-12 15:18:41.287,0.0,1
run_20260912_2026-09-12-13-58-05,1789197567.28,2026-09-12 15:19:27.280,0.0,1
run_20260912_2026-09-12-13-58-05,1789197567.68,2026-09-12 15:19:27.680,0.401,1
run_20260912_2026-09-12-13-58-05,1789197568.286,2026-09-12 15:19:28.286,0.0,1
run_20260912_2026-09-12-13-58-05,1789197570.494,2026-09-12 15:19:30.494,0.401,1
run_20260912_2026-09-12-13-58-05,1789197570.494,2026-09-12 15:19:30.494,0.0,1
run_20260912_2026-09-12-13-58-05,1789197616.284,2026-09-12 15:20:16.284,0.001,1
run_20260912_2026-09-12-13-58-05,1789197617.286,2026-09-12 15:20:17.286,0.401,1
run_20260912_2026-09-12-13-58-05,1789197617.287,2026-09-12 15:20:17.287,0.001,1
run_20260912_2026-09-12-13-58-05,1789197663.681,2026-09-12 15:21:03.681,0.0,1
run_20260912_2026-09-12-13-58-05,1789197664.282,2026-09-12 15:21:04.282,0.401,1
run_20260912_2026-09-12-13-58-05,1789197664.484,2026-09-12 15:21:04.484,0.001,1
run_20260912_2026-09-12-13-58-05,1789197665.286,2026-09-12 15:21:05.286,0.401,1
run_20260912_2026-09-12-13-58-05,1789197665.287,2026-09-12 15:21:05.287,0.0,1
run_20260912_2026-09-12-13-58-05,1789197712.682,2026-09-12 15:21:52.682,0.001,1
run_20260912_2026-09-12-13-58-05,1789197713.283,2026-09-12 15:21:53.283,0.401,1
run_20260912_2026-09-12-13-58-05,1789197713.284,2026-09-12 15:21:53.284,0.0,1
run_20260912_2026-09-12-13-58-05,1789197761.681,2026-09-12 15:22:41.681,0.0,1
run_20260912_2026-09-12-13-58-05,1789197762.082,2026-09-12 15:22:42.082,0.4,1
run_20260912_2026-09-12-13-58-05,1789197762.484,2026-09-12 15:22:42.484,0.0,1
run_20260912_2026-09-12-13-58-05,1789197763.286,2026-09-12 15:22:43.286,0.401,1
run_20260912_2026-09-12-13-58-05,1789197763.287,2026-09-12 15:22:43.287,0.001,1
run_20260912_2026-09-12-13-58-05,1789197809.682,2026-09-12 15:23:29.682,0.0,1
run_20260912_2026-09-12-13-58-05,1789197810.283,2026-09-12 15:23:30.283,0.401,1
run_20260912_2026-09-12-13-58-05,1789197810.685,2026-09-12 15:23:30.685,0.0,1
run_20260912_2026-09-12-13-58-05,1789197811.286,2026-09-12 15:23:31.286,0.401,1
run_20260912_2026-09-12-13-58-05,1789197811.286,2026-09-12 15:23:31.286,0.0,1
run_20260912_2026-09-12-13-58-05,1789197813.294,2026-09-12 15:23:33.294,0.401,1
run_20260912_2026-09-12-13-58-05,1789197813.294,2026-09-12 15:23:33.294,0.001,1
run_20260912_2026-09-12-13-58-05,1789197859.283,2026-09-12 15:24:19.283,0.0,1
run_20260912_2026-09-12-13-58-05,1789197907.683,2026-09-12 15:25:07.683,0.0,1
run_20260912_2026-09-12-13-58-05,1789197908.284,2026-09-12 15:25:08.284,0.401,1
run_20260912_2026-09-12-13-58-05,1789197908.285,2026-09-12 15:25:08.285,0.0,1
run_20260912_2026-09-12-13-58-05,1789197955.281,2026-09-12 15:25:55.281,0.0,1
run_20260912_2026-09-12-13-58-05,1789197955.682,2026-09-12 15:25:55.682,0.401,1
run_20260912_2026-09-12-13-58-05,1789197955.682,2026-09-12 15:25:55.682,0.0,1
run_20260912_2026-09-12-13-58-05,1789197956.283,2026-09-12 15:25:56.283,0.401,1
run_20260912_2026-09-12-13-58-05,1789197956.484,2026-09-12 15:25:56.484,0.0,1
run_20260912_2026-09-12-13-58-05,1789197957.286,2026-09-12 15:25:57.286,0.401,1
run_20260912_2026-09-12-13-58-05,1789197957.287,2026-09-12 15:25:57.287,0.001,1
run_20260912_2026-09-12-13-58-05,1789198005.283,2026-09-12 15:26:45.283,0.0,1
run_20260912_2026-09-12-13-58-05,1789198054.283,2026-09-12 15:27:34.283,0.0,1
run_20260912_2026-09-12-13-58-05,1789198055.286,2026-09-12 15:27:35.286,0.401,1
run_20260912_2026-09-12-13-58-05,1789198055.286,2026-09-12 15:27:35.286,0.0,1
run_20260912_2026-09-12-13-58-05,1789198101.677,2026-09-12 15:28:21.677,0.0,1
run_20260912_2026-09-12-13-58-05,1789198102.078,2026-09-12 15:28:22.078,0.402,1
run_20260912_2026-09-12-13-58-05,1789198102.68,2026-09-12 15:28:22.680,0.0,1
run_20260912_2026-09-12-13-58-05,1789198103.281,2026-09-12 15:28:23.281,0.401,1
run_20260912_2026-09-12-13-58-05,1789198103.281,2026-09-12 15:28:23.281,0.0,1
run_20260912_2026-09-12-13-58-05,1789198103.682,2026-09-12 15:28:23.682,0.401,1
run_20260912_2026-09-12-13-58-05,1789198103.682,2026-09-12 15:28:23.682,0.0,1
run_20260912_2026-09-12-13-58-05,1789198104.283,2026-09-12 15:28:24.283,0.401,1
run_20260912_2026-09-12-13-58-05,1789198104.284,2026-09-12 15:28:24.284,0.001,1
run_20260912_2026-09-12-13-58-05,1789198105.287,2026-09-12 15:28:25.287,0.401,1
run_20260912_2026-09-12-13-58-05,1789198105.288,2026-09-12 15:28:25.288,0.001,1
run_20260912_2026-09-12-13-58-05,1789198151.68,2026-09-12 15:29:11.680,0.0,1
run_20260912_2026-09-12-13-58-05,1789198152.081,2026-09-12 15:29:12.081,0.401,1
run_20260912_2026-09-12-13-58-05,1789198152.683,2026-09-12 15:29:12.683,0.0,1
run_20260912_2026-09-12-13-58-05,1789198153.284,2026-09-12 15:29:13.284,0.401,1
run_20260912_2026-09-12-13-58-05,1789198153.284,2026-09-12 15:29:13.284,0.0,1
run_20260912_2026-09-12-13-58-05,1789198201.881,2026-09-12 15:30:01.881,0.0,1
run_20260912_2026-09-12-13-58-05,1789198202.282,2026-09-12 15:30:02.282,0.4,1
run_20260912_2026-09-12-13-58-05,1789198202.482,2026-09-12 15:30:02.482,0.0,1
run_20260912_2026-09-12-13-58-05,1789198203.285,2026-09-12 15:30:03.285,0.401,1
run_20260912_2026-09-12-13-58-05,1789198203.285,2026-09-12 15:30:03.285,0.0,1
run_20260912_2026-09-12-13-58-05,1789198203.887,2026-09-12 15:30:03.887,0.401,1
run_20260912_2026-09-12-13-58-05,1789198203.888,2026-09-12 15:30:03.888,0.001,1
run_20260912_2026-09-12-13-58-05,1789198204.289,2026-09-12 15:30:04.289,0.401,1
run_20260912_2026-09-12-13-58-05,1789198204.289,2026-09-12 15:30:04.289,0.0,1
run_20260912_2026-09-12-13-58-05,1789198252.283,2026-09-12 15:30:52.283,0.0,1
run_20260912_2026-09-12-13-58-05,1789198253.285,2026-09-12 15:30:53.285,0.401,1
run_20260912_2026-09-12-13-58-05,1789198253.286,2026-09-12 15:30:53.286,0.001,1
run_20260912_2026-09-12-13-58-05,1789198254.288,2026-09-12 15:30:54.288,0.401,1
run_20260912_2026-09-12-13-58-05,1789198254.289,2026-09-12 15:30:54.289,0.001,1
run_20260912_2026-09-12-13-58-05,1789198301.681,2026-09-12 15:31:41.681,0.0,1
run_20260912_2026-09-12-13-58-05,1789198302.282,2026-09-12 15:31:42.282,0.401,1
run_20260912_2026-09-12-13-58-05,1789198302.282,2026-09-12 15:31:42.282,0.0,1
run_20260912_2026-09-12-13-58-05,1789198303.287,2026-09-12 15:31:43.287,0.401,1
run_20260912_2026-09-12-13-58-05,1789198303.287,2026-09-12 15:31:43.287,0.0,1
run_20260912_2026-09-12-13-58-05,1789198304.893,2026-09-12 15:31:44.893,0.401,1
run_20260912_2026-09-12-13-58-05,1789198304.893,2026-09-12 15:31:44.893,0.0,1
run_20260912_2026-09-12-13-58-05,1789198306.298,2026-09-12 15:31:46.298,0.4,1
run_20260912_2026-09-12-13-58-05,1789198306.298,2026-09-12 15:31:46.298,0.0,1
run_20260912_2026-09-12-13-58-05,1789198351.479,2026-09-12 15:32:31.479,0.0,1
run_20260912_2026-09-12-13-58-05,1789198352.281,2026-09-12 15:32:32.281,0.401,1
run_20260912_2026-09-12-13-58-05,1789198352.482,2026-09-12 15:32:32.482,0.0,1
run_20260912_2026-09-12-13-58-05,1789198399.28,2026-09-12 15:33:19.280,0.0,1
run_20260912_2026-09-12-13-58-05,1789198399.681,2026-09-12 15:33:19.681,0.401,1
run_20260912_2026-09-12-13-58-05,1789198399.681,2026-09-12 15:33:19.681,0.0,1
run_20260912_2026-09-12-13-58-05,1789198400.283,2026-09-12 15:33:20.283,0.401,1
run_20260912_2026-09-12-13-58-05,1789198400.484,2026-09-12 15:33:20.484,0.0,1
run_20260912_2026-09-12-13-58-05,1789198401.286,2026-09-12 15:33:21.286,0.401,1
run_20260912_2026-09-12-13-58-05,1789198401.287,2026-09-12 15:33:21.287,0.001,1
run_20260912_2026-09-12-13-58-05,1789198448.282,2026-09-12 15:34:08.282,0.0,1
run_20260912_2026-09-12-13-58-05,1789198449.284,2026-09-12 15:34:09.284,0.401,1
run_20260912_2026-09-12-13-58-05,1789198449.285,2026-09-12 15:34:09.285,0.001,1
run_20260912_2026-09-12-13-58-05,1789198497.28,2026-09-12 15:34:57.280,0.0,1
run_20260912_2026-09-12-13-58-05,1789198497.68,2026-09-12 15:34:57.680,0.401,1
run_20260912_2026-09-12-13-58-05,1789198498.483,2026-09-12 15:34:58.483,0.0,1
run_20260912_2026-09-12-13-58-05,1789198499.288,2026-09-12 15:34:59.288,0.401,1
run_20260912_2026-09-12-13-58-05,1789198499.288,2026-09-12 15:34:59.288,0.0,1
run_20260912_2026-09-12-13-58-05,1789198544.679,2026-09-12 15:35:44.679,0.0,1
run_20260912_2026-09-12-13-58-05,1789198545.079,2026-09-12 15:35:45.079,0.401,1
run_20260912_2026-09-12-13-58-05,1789198545.281,2026-09-12 15:35:45.281,0.0,1
run_20260912_2026-09-12-13-58-05,1789198545.681,2026-09-12 15:35:45.681,0.401,1
run_20260912_2026-09-12-13-58-05,1789198545.682,2026-09-12 15:35:45.682,0.0,1
run_20260912_2026-09-12-13-58-05,1789198546.284,2026-09-12 15:35:46.284,0.402,1
run_20260912_2026-09-12-13-58-05,1789198546.284,2026-09-12 15:35:46.284,0.0,1
run_20260912_2026-09-12-13-58-05,1789198594.681,2026-09-12 15:36:34.681,0.0,1
run_20260912_2026-09-12-13-58-05,1789198595.282,2026-09-12 15:36:35.282,0.401,1
run_20260912_2026-09-12-13-58-05,1789198595.282,2026-09-12 15:36:35.282,0.0,1
run_20260912_2026-09-12-13-58-05,1789198644.482,2026-09-12 15:37:24.482,0.0,1
run_20260912_2026-09-12-13-58-05,1789198645.487,2026-09-12 15:37:25.487,0.401,1
run_20260912_2026-09-12-13-58-05,1789198645.487,2026-09-12 15:37:25.487,0.0,1
run_20260912_2026-09-12-13-58-05,1789198693.279,2026-09-12 15:38:13.279,0.0,1
run_20260912_2026-09-12-13-58-05,1789198693.68,2026-09-12 15:38:13.680,0.401,1
run_20260912_2026-09-12-13-58-05,1789198693.68,2026-09-12 15:38:13.680,0.0,1
run_20260912_2026-09-12-13-58-05,1789198694.281,2026-09-12 15:38:14.281,0.401,1
run_20260912_2026-09-12-13-58-05,1789198694.482,2026-09-12 15:38:14.482,0.0,1
run_20260912_2026-09-12-13-58-05,1789198741.88,2026-09-12 15:39:01.880,0.0,1
run_20260912_2026-09-12-13-58-05,1789198742.28,2026-09-12 15:39:02.280,0.4,1
run_20260912_2026-09-12-13-58-05,1789198742.281,2026-09-12 15:39:02.281,0.001,1
run_20260912_2026-09-12-13-58-05,1789198743.283,2026-09-12 15:39:03.283,0.401,1
run_20260912_2026-09-12-13-58-05,1789198743.284,2026-09-12 15:39:03.284,0.001,1
run_20260912_2026-09-12-13-58-05,1789198745.491,2026-09-12 15:39:05.491,0.401,1
run_20260912_2026-09-12-13-58-05,1789198745.494,2026-09-12 15:39:05.494,0.003,1
run_20260912_2026-09-12-13-58-05,1789198790.88,2026-09-12 15:39:50.880,0.0,1
run_20260912_2026-09-12-13-58-05,1789198791.281,2026-09-12 15:39:51.281,0.401,1
run_20260912_2026-09-12-13-58-05,1789198791.683,2026-09-12 15:39:51.683,0.001,1
run_20260912_2026-09-12-13-58-05,1789198792.284,2026-09-12 15:39:52.284,0.401,1
run_20260912_2026-09-12-13-58-05,1789198792.285,2026-09-12 15:39:52.285,0.0,1
run_20260912_2026-09-12-13-58-05,1789198838.68,2026-09-12 15:40:38.680,0.0,1
run_20260912_2026-09-12-13-58-05,1789198839.282,2026-09-12 15:40:39.282,0.401,1
run_20260912_2026-09-12-13-58-05,1789198839.282,2026-09-12 15:40:39.282,0.0,1
run_20260912_2026-09-12-13-58-05,1789198839.683,2026-09-12 15:40:39.683,0.401,1
run_20260912_2026-09-12-13-58-05,1789198839.683,2026-09-12 15:40:39.683,0.001,1
run_20260912_2026-09-12-13-58-05,1789198840.285,2026-09-12 15:40:40.285,0.401,1
run_20260912_2026-09-12-13-58-05,1789198840.286,2026-09-12 15:40:40.286,0.001,1
run_20260912_2026-09-12-13-58-05,1789198886.677,2026-09-12 15:41:26.677,0.0,1
run_20260912_2026-09-12-13-58-05,1789198887.077,2026-09-12 15:41:27.077,0.401,1
run_20260912_2026-09-12-13-58-05,1789198887.68,2026-09-12 15:41:27.680,0.0,1
run_20260912_2026-09-12-13-58-05,1789198888.281,2026-09-12 15:41:28.281,0.401,1
run_20260912_2026-09-12-13-58-05,1789198888.482,2026-09-12 15:41:28.482,0.0,1
run_20260912_2026-09-12-13-58-05,1789198936.681,2026-09-12 15:42:16.681,0.0,1
run_20260912_2026-09-12-13-58-05,1789198937.282,2026-09-12 15:42:17.282,0.401,1
run_20260912_2026-09-12-13-58-05,1789198937.282,2026-09-12 15:42:17.282,0.0,1
run_20260912_2026-09-12-13-58-05,1789198940.294,2026-09-12 15:42:20.294,0.401,1
run_20260912_2026-09-12-13-58-05,1789198940.294,2026-09-12 15:42:20.294,0.0,1
run_20260912_2026-09-12-13-58-05,1789198985.48,2026-09-12 15:43:05.480,0.0,1
run_20260912_2026-09-12-13-58-05,1789198986.282,2026-09-12 15:43:06.282,0.401,1
run_20260912_2026-09-12-13-58-05,1789198986.282,2026-09-12 15:43:06.282,0.0,1
tight08_0824_2026-08-24-18-56-08,1787568969.301,2026-08-24 18:56:09.301,0.001,1
tight08_0824_2026-08-24-18-56-08,1787568972.315,2026-08-24 18:56:12.315,0.401,1
tight08_0824_2026-08-24-18-56-08,1787568972.316,2026-08-24 18:56:12.316,0.0,1
tight08_0824_2026-08-24-18-56-08,1787569004.663,2026-08-24 18:56:44.663,0.003,1
tight08_0824_2026-08-24-18-56-08,1787569005.265,2026-08-24 18:56:45.265,0.401,1
tight08_0824_2026-08-24-18-56-08,1787569005.667,2026-08-24 18:56:45.667,0.0,1
tight08_0824_2026-08-24-18-56-08,1787569006.269,2026-08-24 18:56:46.269,0.401,1
tight08_0824_2026-08-24-18-56-08,1787569006.269,2026-08-24 18:56:46.269,0.0,1
tight08_0824_2026-08-24-18-56-08,1787569042.818,2026-08-24 18:57:22.818,0.001,1
tight08_0824_2026-08-24-18-56-08,1787569043.219,2026-08-24 18:57:23.219,0.401,1
tight08_0824_2026-08-24-18-56-08,1787569043.219,2026-08-24 18:57:23.219,0.0,1
tight08_0824_2026-08-24-18-56-08,1787569068.731,2026-08-24 18:57:48.731,0.0,1
tight08_0824_2026-08-24-18-56-08,1787569069.131,2026-08-24 18:57:49.131,0.401,1
tight08_0824_2026-08-24-18-56-08,1787569069.132,2026-08-24 18:57:49.132,0.0,1
tight08_0824_2026-08-24-18-56-08,1787569103.298,2026-08-24 18:58:23.298,0.001,1
tight08_0824_2026-08-24-18-56-08,1787569109.125,2026-08-24 18:58:29.125,0.0,1
tight08_0824_2026-08-24-18-56-08,1787569126.197,2026-08-24 18:58:46.197,0.0,1
tight08_0824_2026-08-24-18-56-08,1787569172.188,2026-08-24 18:59:32.188,0.0,1
tight08_0824_2026-08-24-18-56-08,1787569172.79,2026-08-24 18:59:32.790,0.401,1
tight08_0824_2026-08-24-18-56-08,1787569172.791,2026-08-24 18:59:32.791,0.001,1
tight08_0824_2026-08-24-18-56-08,1787569173.794,2026-08-24 18:59:33.794,0.401,1
tight08_0824_2026-08-24-18-56-08,1787569173.795,2026-08-24 18:59:33.795,0.001,1
tight08_0824_2026-08-24-18-56-08,1787569214.174,2026-08-24 19:00:14.174,0.0,1
tight08_0824_2026-08-24-18-56-08,1787569214.575,2026-08-24 19:00:14.575,0.401,1
tight08_0824_2026-08-24-18-56-08,1787569215.178,2026-08-24 19:00:15.178,0.0,1
tight08_0824_2026-08-24-18-56-08,1787569215.78,2026-08-24 19:00:15.780,0.401,1
tight08_0824_2026-08-24-18-56-08,1787569215.78,2026-08-24 19:00:15.780,0.0,1
tight08_0824_2026-08-24-18-56-08,1787569256.359,2026-08-24 19:00:56.359,0.0,1
tight08_0824_2026-08-24-18-56-08,1787569256.76,2026-08-24 19:00:56.760,0.401,1
tight08_0824_2026-08-24-18-56-08,1787569257.363,2026-08-24 19:00:57.363,0.0,1
tight08_0824_2026-08-24-18-56-08,1787569257.764,2026-08-24 19:00:57.764,0.401,1
tight08_0824_2026-08-24-18-56-08,1787569257.764,2026-08-24 19:00:57.764,0.0,1
tight08_0824_2026-08-24-18-56-08,1787569272.828,2026-08-24 19:01:12.828,0.401,1
tight08_0824_2026-08-24-18-56-08,1787569272.828,2026-08-24 19:01:12.828,0.0,1
tight08_0824_2026-08-24-18-56-08,1787569273.832,2026-08-24 19:01:13.832,0.4,1
tight08_0824_2026-08-24-18-56-08,1787569274.033,2026-08-24 19:01:14.033,0.0,1
tight08_0824_2026-08-24-18-56-08,1787569274.837,2026-08-24 19:01:14.837,0.401,1
tight08_0824_2026-08-24-18-56-08,1787569274.837,2026-08-24 19:01:14.837,0.0,1
tight08_0824_2026-08-24-18-56-08,1787569275.239,2026-08-24 19:01:15.239,0.402,1
tight08_0824_2026-08-24-18-56-08,1787569275.239,2026-08-24 19:01:15.239,0.0,1
tight08_0824_2026-08-24-18-56-08,1787569275.841,2026-08-24 19:01:15.841,0.401,1
tight08_0824_2026-08-24-18-56-08,1787569276.446,2026-08-24 19:01:16.446,0.0,1
tight08_0824_2026-08-24-18-56-08,1787569276.847,2026-08-24 19:01:16.847,0.401,1
tight08_0824_2026-08-24-18-56-08,1787569276.847,2026-08-24 19:01:16.847,0.0,1
tight08_0824_2026-08-24-18-56-08,1787569278.855,2026-08-24 19:01:18.855,0.401,1
tight08_0824_2026-08-24-18-56-08,1787569278.855,2026-08-24 19:01:18.855,0.0,1
tight08_0824_2026-08-24-18-56-08,1787569279.256,2026-08-24 19:01:19.256,0.401,1
tight08_0824_2026-08-24-18-56-08,1787569279.256,2026-08-24 19:01:19.256,0.0,1
tight08_0824_2026-08-24-18-56-08,1787569282.871,2026-08-24 19:01:22.871,0.401,1
tight08_0824_2026-08-24-18-56-08,1787569282.871,2026-08-24 19:01:22.871,0.0,1
tight08_0824_2026-08-24-18-56-08,1787569285.079,2026-08-24 19:01:25.079,0.401,1
tight08_0824_2026-08-24-18-56-08,1787569285.08,2026-08-24 19:01:25.080,0.0,1
tight08_0824_2026-08-24-18-56-08,1787569301.957,2026-08-24 19:01:41.957,0.401,1
tight08_0824_2026-08-24-18-56-08,1787569345.753,2026-08-24 19:02:25.753,0.0,1
tight08_0824_2026-08-24-18-56-08,1787569346.154,2026-08-24 19:02:26.154,0.401,1
tight08_0824_2026-08-24-18-56-08,1787569346.355,2026-08-24 19:02:26.355,0.0,1
tight08slow_0824_2026-08-24-19-03-53,1787569433.916,2026-08-24 19:03:53.916,0.0,1
tight08slow_0824_2026-08-24-19-03-53,1787569434.317,2026-08-24 19:03:54.317,0.401,1
tight08slow_0824_2026-08-24-19-03-53,1787569434.518,2026-08-24 19:03:54.518,0.0,1
tight08slow_0824_2026-08-24-19-03-53,1787569434.919,2026-08-24 19:03:54.919,0.401,1
tight08slow_0824_2026-08-24-19-03-53,1787569434.919,2026-08-24 19:03:54.919,0.0,1
tight08slow_0824_2026-08-24-19-03-53,1787569463.248,2026-08-24 19:04:23.248,0.0,1
tight08slow_0824_2026-08-24-19-03-53,1787569463.85,2026-08-24 19:04:23.850,0.401,1
tight08slow_0824_2026-08-24-19-03-53,1787569463.85,2026-08-24 19:04:23.850,0.0,1
tight08slow_0824_2026-08-24-19-03-53,1787569464.251,2026-08-24 19:04:24.251,0.401,1
tight08slow_0824_2026-08-24-19-03-53,1787569464.251,2026-08-24 19:04:24.251,0.0,1
tight08slow_0824_2026-08-24-19-03-53,1787569465.856,2026-08-24 19:04:25.856,0.401,1
tight08slow_0824_2026-08-24-19-03-53,1787569466.257,2026-08-24 19:04:26.257,0.0,1
tight08slow_0824_2026-08-24-19-03-53,1787569466.658,2026-08-24 19:04:26.658,0.401,1
tight08slow_0824_2026-08-24-19-03-53,1787569485.34,2026-08-24 19:04:45.340,0.0,1
tight08slow_0824_2026-08-24-19-03-53,1787569485.941,2026-08-24 19:04:45.941,0.401,1
tight08slow_0824_2026-08-24-19-03-53,1787569486.342,2026-08-24 19:04:46.342,0.0,1
tight08slow_0824_2026-08-24-19-03-53,1787569486.944,2026-08-24 19:04:46.944,0.401,1
tight08slow_0824_2026-08-24-19-03-53,1787569486.944,2026-08-24 19:04:46.944,0.0,1
tight08slow_0824_2026-08-24-19-03-53,1787569487.345,2026-08-24 19:04:47.345,0.401,1
tight08slow_0824_2026-08-24-19-03-53,1787569487.345,2026-08-24 19:04:47.345,0.0,1
tight08slow_0824_2026-08-24-19-03-53,1787569487.947,2026-08-24 19:04:47.947,0.401,1
tight08slow_0824_2026-08-24-19-03-53,1787569487.949,2026-08-24 19:04:47.949,0.002,1
tight08slow_0824_2026-08-24-19-03-53,1787569536.351,2026-08-24 19:05:36.351,0.0,1
tight08slow_0824_2026-08-24-19-03-53,1787569536.952,2026-08-24 19:05:36.952,0.401,1
tight08slow_0824_2026-08-24-19-03-53,1787569536.952,2026-08-24 19:05:36.952,0.0,1
tight08slow_0824_2026-08-24-19-03-53,1787569537.956,2026-08-24 19:05:37.956,0.401,1
tight08slow_0824_2026-08-24-19-03-53,1787569537.956,2026-08-24 19:05:37.956,0.0,1
tight08slow_0824_2026-08-24-19-03-53,1787569568.275,2026-08-24 19:06:08.275,0.401,1
tight08slow_0824_2026-08-24-19-03-53,1787569568.479,2026-08-24 19:06:08.479,0.0,1
tight08slow_0824_2026-08-24-19-03-53,1787569568.879,2026-08-24 19:06:08.879,0.4,1
tight08slow_0824_2026-08-24-19-03-53,1787569593.598,2026-08-24 19:06:33.598,0.0,1
tight08slow_0824_2026-08-24-19-03-53,1787569594.199,2026-08-24 19:06:34.199,0.401,1
tight08slow_0824_2026-08-24-19-03-53,1787569594.402,2026-08-24 19:06:34.402,0.001,1
tight08slow_0824_2026-08-24-19-03-53,1787569595.204,2026-08-24 19:06:35.204,0.401,1
tight08slow_0824_2026-08-24-19-03-53,1787569595.204,2026-08-24 19:06:35.204,0.0,1
tight08slow_0824_2026-08-24-19-03-53,1787569603.038,2026-08-24 19:06:43.038,0.0,1
tight08slow_0824_2026-08-24-19-03-53,1787569623.335,2026-08-24 19:07:03.335,0.0,1
tight08slow_0824_2026-08-24-19-03-53,1787569630.578,2026-08-24 19:07:10.578,0.402,1
tight08slow_0824_2026-08-24-19-03-53,1787569665.376,2026-08-24 19:07:45.376,0.0,1
tight08slow_0824_2026-08-24-19-03-53,1787569679.438,2026-08-24 19:07:59.438,0.0,1
tight08slow_0824_2026-08-24-19-03-53,1787569680.04,2026-08-24 19:08:00.040,0.402,1
tight08slow_0824_2026-08-24-19-03-53,1787569680.041,2026-08-24 19:08:00.041,0.001,1
tight08slow_0824_2026-08-24-19-03-53,1787569680.642,2026-08-24 19:08:00.642,0.4,1
tight08slow_0824_2026-08-24-19-03-53,1787569680.643,2026-08-24 19:08:00.643,0.001,1
tight08slow_0824_2026-08-24-19-03-53,1787569709.387,2026-08-24 19:08:29.387,0.001,1
tight08slow_0824_2026-08-24-19-03-53,1787569743.355,2026-08-24 19:09:03.355,0.001,1
tight08slow_0824_2026-08-24-19-03-53,1787569743.957,2026-08-24 19:09:03.957,0.401,1
tight08slow_0824_2026-08-24-19-03-53,1787569744.158,2026-08-24 19:09:04.158,0.0,1
